type,slope,resonance,input_amplitude,rms,early_rms,output_peak,fundamental_amplitude,finite,stage1_limit_hits,stage2_limit_hits,stage1_max_prelimit,stage2_max_prelimit
LPF,12,0,0.001,1.67784577067e-06,1.67795525782e-06,0.000919993501157,2.37224073081e-06,1,0,0,0.000590668706776,0.000514547688853
LPF,12,1,0.001,1.84477816119e-06,1.84486433085e-06,0.000920046295505,2.60832188203e-06,1,0,0,0.000626035197502,0.000543344731404
LPF,12,2,0.001,1.92407499896e-06,1.9241510755e-06,0.000920069462154,2.72046422354e-06,1,0,0,0.000641979813666,0.000556275626477
LPF,12,3,0.001,1.98970324e-06,1.9897713668e-06,0.000920087797567,2.81327556849e-06,1,0,0,0.000654784957782,0.000566638845994
LPF,12,4,0.001,2.04861258297e-06,2.0486738547e-06,0.000920103630051,2.89658454735e-06,1,0,0,0.000665989416623,0.000575691660299
LPF,12,5,0.001,2.103481423e-06,2.10353652985e-06,0.000920117890928,2.97417909054e-06,1,0,0,0.000676187318703,0.00058391963478
LPF,12,6,0.001,2.15567987092e-06,2.15572929241e-06,0.000920131045859,3.0479968831e-06,1,0,0,0.000685682490164,0.00059157114564
LPF,12,7,0.001,2.20602186012e-06,2.20606595258e-06,0.000920143327676,3.11918903383e-06,1,0,0,0.000694654939504,0.000598793390196
LPF,12,8,0.001,2.25503929699e-06,2.25507833758e-06,0.000920154969208,3.18850779328e-06,1,0,0,0.000703221667514,0.000605682071196
LPF,12,9,0.001,2.30310398611e-06,2.30313819388e-06,0.000920166086871,3.256478987e-06,1,0,0,0.00071146376418,0.000612303538482
LPF,12,10,0.001,2.35048935709e-06,2.35051891185e-06,0.000920176738873,3.32348931292e-06,1,0,0,0.000719440154317,0.000618706022117
LPF,12,11,0.001,2.39740477029e-06,2.39742982096e-06,0.000920187041629,3.38983485846e-06,1,0,0,0.000730536372416,0.000630767902705
LPF,12,12,0.001,2.44401592699e-06,2.44403659876e-06,0.000920196995139,3.45574996569e-06,1,0,0,0.000744620191253,0.000642750807184
LPF,12,13,0.001,2.49045771901e-06,2.4904741161e-06,0.000920206657611,3.52142540398e-06,1,0,0,0.000758532448472,0.000654572678836
LPF,12,14,0.001,2.53684267748e-06,2.53685488779e-06,0.000920216087252,3.58702031877e-06,1,0,0,0.000772307863152,0.000666263658816
LPF,12,15,0.001,2.58326672817e-06,2.58327482776e-06,0.000920225284062,3.65267037103e-06,1,0,0,0.000785975213632,0.000677848701325
LPF,12,16,0.001,2.629813242e-06,2.62981729459e-06,0.00092023430625,3.71849346575e-06,1,0,0,0.000799558725521,0.000689348784237
LPF,12,17,0.001,2.67655596615e-06,2.67655602712e-06,0.000920243095607,3.78459389728e-06,1,0,0,0.00081307907194,0.000700781781639
LPF,12,18,0.001,2.72356118306e-06,2.72355730023e-06,0.000920251768548,3.8510654027e-06,1,0,0,0.000826554110514,0.000712163106855
LPF,12,19,0.001,2.77088935708e-06,2.77088156858e-06,0.000920260325074,3.91799349062e-06,1,0,0,0.000839999437059,0.000723506195593
LPF,12,20,0.001,2.81859637696e-06,2.81858471468e-06,0.000920268706977,3.98545719836e-06,1,0,0,0.000853428808686,0.000734822875224
LPF,12,21,0.001,2.86673455753e-06,2.86671904992e-06,0.000920276972465,4.0535305086e-06,1,0,0,0.00086685447208,0.000746123651338
LPF,12,22,0.001,2.91535342325e-06,2.91533409083e-06,0.000920285121538,4.12228345752e-06,1,0,0,0.000880287421647,0.000757417933131
LPF,12,23,0.001,2.96450032877e-06,2.96447718899e-06,0.000920293154195,4.19178301235e-06,1,0,0,0.000893737605024,0.000768714212862
LPF,12,24,0.001,3.01422100906e-06,3.01419407383e-06,0.000920301128644,4.26209384952e-06,1,0,0,0.000907214088483,0.000780020210328
LPF,12,25,0.001,3.06455998641e-06,3.06452926168e-06,0.000920308986679,4.33327893016e-06,1,0,0,0.000920725191404,0.000791342990342
LPF,12,26,0.001,3.1155609659e-06,3.11552645864e-06,0.000920316728298,4.40540005936e-06,1,0,0,0.000934786000157,0.000802689059148
LPF,12,27,0.001,3.16726713549e-06,3.16722884488e-06,0.000920324469917,4.4785183107e-06,1,0,0,0.000950273620302,0.000814064444224
LPF,12,28,0.001,3.21972145022e-06,3.21967937288e-06,0.00092033209512,4.55269442804e-06,1,0,0,0.00096597771216,0.000825474760848
LPF,12,29,0.001,3.27296688861e-06,3.27292101774e-06,0.000920339662116,4.62798918819e-06,1,0,0,0.00098190926412,0.000836925268033
LPF,12,30,0.001,3.32704665322e-06,3.32699697991e-06,0.000920347112697,4.70446368448e-06,1,0,0,0.000998079157812,0.000848420915849
LPF,12,31,0.001,3.38200439958e-06,3.38195091045e-06,0.000920354563277,4.78217965064e-06,1,0,0,0.00101449821459,0.000859966385702
LPF,12,32,0.001,3.43788440324e-06,3.43782708208e-06,0.00092036195565,4.86119969687e-06,1,0,0,0.00103117723658,0.000871634796526
LPF,12,33,0.001,3.49473175346e-06,3.49467058107e-06,0.000920369289815,4.94158758387e-06,1,0,0,0.00104812704332,0.000883408652869
LPF,12,34,0.001,3.55259252233e-06,3.55252747773e-06,0.000920376565773,5.02340846198e-06,1,0,0,0.00106535850471,0.000895246763674
LPF,12,35,0.001,3.6115139298e-06,3.61144498779e-06,0.000920383783523,5.1067291045e-06,1,0,0,0.00108288257101,0.000907153043092
LPF,12,36,0.001,3.67154450095e-06,3.67147163018e-06,0.000920390943065,5.19161813021e-06,1,0,0,0.00110071030041,0.000921967420149
LPF,12,37,0.001,3.73273424232e-06,3.73265741782e-06,0.000920398102608,5.27814625256e-06,1,0,0,0.00111885288455,0.000937235441648
LPF,12,38,0.001,3.79513480201e-06,3.79505398602e-06,0.000920405203942,5.36638650621e-06,1,0,0,0.00113732167234,0.000952775638571
LPF,12,39,0.001,3.85879962222e-06,3.85871477828e-06,0.000920412305277,5.45641446268e-06,1,0,0,0.00115612819255,0.000968597331832
LPF,12,40,0.001,3.92378413764e-06,3.92369522637e-06,0.000920419290196,5.54830851089e-06,1,0,0,0.0011752841752,0.000984709993689
LPF,12,41,0.001,3.99014593141e-06,3.99005291236e-06,0.000920426333323,5.64215007768e-06,1,0,0,0.00119480157213,0.00100112326425
LPF,12,42,0.001,4.05794493071e-06,4.05784775289e-06,0.000920433260035,5.73802390452e-06,1,0,0,0.00121486200371,0.00101784696738
LPF,12,43,0.001,4.12724358594e-06,4.1271422039e-06,0.000920440186746,5.8360183007e-06,1,0,0,0.00123553315752,0.00103489112618
LPF,12,44,0.001,4.1981070939e-06,4.19800145528e-06,0.000920447113458,5.93622545903e-06,1,0,0,0.00125666597793,0.00105226597811
LPF,12,45,0.001,4.2706035959e-06,4.27049363916e-06,0.000920453981962,6.03874173602e-06,1,0,0,0.00127827943553,0.00106998198988
LPF,12,46,0.001,4.34480441636e-06,4.34469008799e-06,0.000920460850466,6.14366798914e-06,1,0,0,0.00130039323084,0.00108810577179
LPF,12,47,0.001,4.42078430112e-06,4.42066553533e-06,0.000920467660762,6.25110991395e-06,1,0,0,0.00132302783865,0.00110660783209
LPF,12,48,0.001,4.4986216643e-06,4.4984983982e-06,0.000920474471059,6.36117839312e-06,1,0,0,0.00134620455391,0.00112548841374
LPF,12,49,0.001,4.57839889805e-06,4.57827105497e-06,0.000920481281355,6.47398993441e-06,1,0,0,0.00136994553948,0.00114475921616
LPF,12,50,0.001,4.66020263931e-06,4.66007014775e-06,0.000920488033444,6.58966704793e-06,1,0,0,0.00139427387578,0.00116443224603
LPF,12,51,0.001,4.74412410826e-06,4.74398688897e-06,0.000920494785532,6.70833872469e-06,1,0,0,0.00141921361263,0.00118451983233
LPF,12,52,0.001,4.83025944781e-06,4.83011741486e-06,0.000920501479413,6.83014091671e-06,1,0,0,0.00144484687233,0.00120576226894
LPF,12,53,0.001,4.91871011012e-06,4.91856317676e-06,0.000920508173294,6.95521708353e-06,1,0,0,0.00147121915809,0.00122769514309
LPF,12,54,0.001,5.00958325411e-06,5.00943132748e-06,0.000920514867175,7.08371875434e-06,1,0,0,0.00149831022233,0.00125020518607
LPF,12,55,0.001,5.10299218292e-06,5.10283516482e-06,0.000920521561056,7.21580614661e-06,1,0,0,0.00152615277924,0.001273316018
LPF,12,56,0.001,5.19905684374e-06,5.19889462997e-06,0.00092052819673,7.35164887278e-06,1,0,0,0.00155478129571,0.00129705228913
LPF,12,57,0.001,5.29790433392e-06,5.29773681529e-06,0.000920534832403,7.49142665601e-06,1,0,0,0.00158423210808,0.00132143973466
LPF,12,58,0.001,5.39966948369e-06,5.39949654518e-06,0.000920541468076,7.63533015419e-06,1,0,0,0.00161454354691,0.00134650523251
LPF,12,59,0.001,5.50449547097e-06,5.50431698842e-06,0.00092054810375,7.78356182927e-06,1,0,0,0.0016457578509,0.00137237395315
LPF,12,60,0.001,5.61253452102e-06,5.61235037135e-06,0.000920554681215,7.93633693657e-06,1,0,0,0.00167797074957,0.00139919660195
LPF,12,61,0.001,5.72394863985e-06,5.72375868549e-06,0.000920561316889,8.09388456199e-06,1,0,0,0.0017111875319,0.0014268452422
LPF,12,62,0.001,5.83891046e-06,5.83871455487e-06,0.000920567894354,8.25644881789e-06,1,0,0,0.00174545881959,0.00145535967396
LPF,12,63,0.001,5.95760412258e-06,5.95740211667e-06,0.000920574413612,8.42429009034e-06,1,0,0,0.00178083845293,0.001484781981
LPF,12,64,0.001,6.08022630883e-06,6.08001804077e-06,0.000920580991078,8.59768649787e-06,1,0,0,0.00181738374163,0.00151515668376
LPF,12,65,0.001,6.20698732557e-06,6.20677262624e-06,0.000920587568544,8.77693542628e-06,1,0,0,0.00185515573714,0.00154653090325
LPF,12,66,0.001,6.3381123313e-06,6.33789102648e-06,0.000920594087802,8.96235526251e-06,1,0,0,0.00189425155025,0.00157906676439
LPF,12,67,0.001,6.47384270733e-06,6.47361460143e-06,0.00092060060706,9.1542873334e-06,1,0,0,0.00193472012607,0.00161276274569
LPF,12,68,0.001,6.61443754526e-06,6.61420244322e-06,0.000920607126318,9.35309800908e-06,1,0,0,0.00197663618271,0.00164765604707
LPF,12,69,0.001,6.76017533662e-06,6.75993301839e-06,0.000920613645576,9.55918109234e-06,1,0,0,0.00202008170169,0.00168381274686
LPF,12,70,0.001,6.91135583659e-06,6.91110608016e-06,0.000920620164834,9.77296045382e-06,1,0,0,0.00206514470171,0.00172130349686
LPF,12,71,0.001,7.06830216133e-06,7.06804472803e-06,0.000920626684092,9.99489299797e-06,1,0,0,0.00211194017555,0.00176020389478
LPF,12,72,0.001,7.23136310439e-06,7.23109774191e-06,0.000920633145142,1.02254719384e-05,1,0,0,0.00216056034203,0.00180066707269
LPF,12,73,0.001,7.4009157925e-06,7.40064222405e-06,0.0009206396644,1.04652305534e-05,1,0,0,0.00221111333411,0.0018427576635
LPF,12,74,0.001,7.57736860786e-06,7.57708655185e-06,0.000920646125451,1.07147463183e-05,1,0,0,0.0022637197953,0.0018865501934
LPF,12,75,0.001,7.76116453238e-06,7.76087367526e-06,0.000920652644709,1.09746456343e-05,1,0,0,0.0023185205221,0.00193215100404
LPF,12,76,0.001,7.95278491013e-06,7.95248491835e-06,0.000920659105759,1.12456091487e-05,1,0,0,0.00237566000332,0.00197967498603
LPF,12,77,0.001,8.15275368452e-06,8.15244421523e-06,0.000920665566809,1.15283777467e-05,1,0,0,0.00243528618469,0.00202926701749
LPF,12,78,0.001,8.36164226156e-06,8.36132293982e-06,0.000920672086067,1.18237594283e-05,1,0,0,0.0024975682734,0.00208112076433
LPF,12,79,0.001,8.58007502541e-06,8.57974544252e-06,0.000920678547118,1.21326371074e-05,1,0,0,0.00256270637434,0.00213533106721
LPF,12,80,0.001,8.80873560912e-06,8.8083953437e-06,0.000920685008168,1.24559774792e-05,1,0,0,0.00263089331487,0.00219206301881
LPF,12,81,0.001,9.04837415373e-06,9.04802273048e-06,0.000920691469219,1.27948412848e-05,1,0,0,0.00270235057887,0.00225149681194
LPF,12,82,0.001,9.29981557684e-06,9.29945250521e-06,0.000920697930269,1.31503950035e-05,1,0,0,0.0027773347052,0.00231387287709
LPF,12,83,0.001,9.5639691828e-06,9.56359391583e-06,0.000920704391319,1.35239244422e-05,1,0,0,0.00285610969295,0.00237944802223
LPF,12,84,0.001,9.84183969679e-06,9.8414516597e-06,0.00092071085237,1.39168503381e-05,1,0,0,0.00293897348513,0.00244851180713
LPF,12,85,0.001,1.01345401962e-05,1.01341387525e-05,0.00092071731342,1.43307466442e-05,1,0,0,0.0030262671035,0.0025212636562
LPF,12,86,0.001,1.04433070996e-05,1.04428915762e-05,0.00092072377447,1.47673617252e-05,1,0,0,0.00311834939507,0.00259800899311
LPF,12,87,0.001,1.07695177939e-05,1.07690874442e-05,0.000920730235521,1.52286432825e-05,1,0,0,0.00321563865965,0.00267909230378
LPF,12,88,0.001,1.11147112502e-05,1.1114265271e-05,0.000920736638363,1.57167675065e-05,1,0,0,0.00331858948281,0.00276489401917
LPF,12,89,0.001,1.14806125487e-05,1.14801500578e-05,0.000920743099414,1.62341737561e-05,1,0,0,0.00342771858889,0.00285584485476
LPF,12,90,0.001,1.18691618496e-05,1.18686818801e-05,0.000920749560464,1.67836055255e-05,1,0,0,0.00354360412644,0.00295242560017
LPF,12,91,0.001,1.22825490097e-05,1.22820505108e-05,0.000920756021515,1.73681593934e-05,1,0,0,0.0036668993062,0.00305518134687
LPF,12,92,0.001,1.27232551479e-05,1.27227369462e-05,0.000920762482565,1.79913437995e-05,1,0,0,0.00379834412679,0.00316472907191
LPF,12,93,0.001,1.31941026789e-05,1.3193563491e-05,0.000920768943615,1.86571497943e-05,1,0,0,0.00393878101162,0.00328176912762
LPF,12,94,0.001,1.36983161669e-05,1.36977545774e-05,0.000920775404666,1.93701370902e-05,1,0,0,0.00408916990882,0.00340710531679
LPF,12,95,0.001,1.42395966313e-05,1.42390110497e-05,0.000920781865716,2.01355391337e-05,1,0,0,0.00425061809376,0.0035416558003
LPF,12,96,0.001,1.48222128467e-05,1.48216015086e-05,0.000920788326766,2.09593922082e-05,1,0,0,0.00442439241794,0.00368648158956
LPF,12,97,0.001,1.54511146912e-05,1.54504756368e-05,0.000920794787817,2.18486957154e-05,1,0,0,0.00461197856956,0.00384281554253
LPF,12,98,0.001,1.61320745716e-05,1.61314055616e-05,0.000920801248867,2.28116121581e-05,1,0,0,0.00481508826341,0.00401209019092
LPF,12,99,0.001,1.68718657254e-05,1.68711642512e-05,0.000920807709917,2.3857719269e-05,1,0,0,0.00503574603944,0.00419598923839
LPF,12,100,0.001,1.76784889943e-05,1.76777521971e-05,0.000920814229175,2.49983306809e-05,1,0,0,0.00527633822963,0.00439650441098
LPF,12,101,0.001,1.85614641564e-05,1.85606887807e-05,0.000920820690226,2.62469078871e-05,1,0,0,0.00553969803819,0.00461599967169
LPF,12,102,0.001,1.95322083424e-05,1.95313906333e-05,0.000920827151276,2.76195953422e-05,1,0,0,0.00582923059206,0.00485731300107
LPF,12,103,0.001,2.06045336138e-05,2.06036692313e-05,0.000920833612327,2.91359240654e-05,1,0,0,0.006149058851,0.00512387984174
LPF,12,104,0.001,2.17953096458e-05,2.17943935267e-05,0.000920840131585,3.0819748711e-05,1,0,0,0.00650420312889,0.00541989317616
LPF,12,105,0.001,2.31253594262e-05,2.31243856112e-05,0.000920846592635,3.2700514136e-05,1,0,0,0.00690086813379,0.00575052755036
LPF,12,106,0.001,2.46206894429e-05,2.46196508717e-05,0.000920853111893,3.48149949533e-05,1,0,0,0.00734680059749,0.0061222480332
LPF,12,107,0.001,2.63142096367e-05,2.63130978228e-05,0.000920859572943,3.72097276404e-05,1,0,0,0.00785179908131,0.00654323579738
LPF,12,108,0.001,2.82481869871e-05,2.82469916654e-05,0.000920866092201,3.99444800448e-05,1,0,0,0.00842844662847,0.00702398768612
LPF,12,109,0.001,3.04778254644e-05,3.04765339838e-05,0.000920872611459,4.30973136353e-05,1,0,0,0.00909318060404,0.00757822467317
LPF,12,110,0.001,3.30766258829e-05,3.30752224601e-05,0.000920879130717,4.67721626302e-05,1,0,0,0.00986784041869,0.00822419050839
LPF,12,111,0.001,3.61446512565e-05,3.61431158056e-05,0.000920885591768,5.11105216678e-05,1,0,0,0.0107828679562,0.00898671560433
LPF,12,112,0.001,3.98217176788e-05,3.98200241758e-05,0.000920892111026,5.63100984408e-05,1,0,0,0.0118797846456,0.00990048594386
LPF,12,113,0.001,4.43093126496e-05,4.43074263879e-05,0.000920898630284,6.26558074223e-05,1,0,0,0.0132184922915,0.0110154135171
LPF,12,114,0.001,4.99088127106e-05,4.99066861117e-05,0.000920905207749,7.05738117178e-05,1,0,0,0.014888894101,0.0124073346175
LPF,12,115,0.001,5.70921420831e-05,5.70897074702e-05,0.000920911727007,8.07314382883e-05,1,0,0,0.0170317599329,0.014193067381
LPF,12,116,0.001,6.66422930234e-05,6.66394490613e-05,0.000920918246266,9.4235881508e-05,1,0,0,0.0198805870024,0.0165671656073
LPF,12,117,0.001,7.99601935102e-05,7.9956779059e-05,0.000920924765524,0.000113068131053,1,0,0,0.0238532532275,0.0198777685964
LPF,12,118,0.001,9.98241345181e-05,9.98198695187e-05,0.000920931342989,0.000141156844087,1,0,0,0.0297788877714,0.0248157521153
LPF,12,119,0.001,0.000132634175413,0.000132628506046,0.000920937920455,0.000187552058674,1,0,0,0.0395665171437,0.0329720972853
LPF,12,120,0.001,0.000197166995554,0.000197158564703,0.000920944439713,0.000278805038357,1,0,0,0.0588175042654,0.0490145868879
LPF,12,121,0.001,0.000382495269553,0.00038247890918,0.000920951017179,0.000540869473504,1,0,0,0.114103361017,0.0950861341808
LPF,12,122,0.001,0.00488070347437,0.00455819936923,0.00762202078477,0.00688180910509,1,0,0,1.60834368351,1.34021756
LPF,12,123,0.001,0.027309355123,0.0273112933256,0.0386125072837,0.038532972144,1,20170,0,8.15661071185,6.79420013089
LPF,12,124,0.001,0.0274785439262,0.0274835064171,0.0388438664377,0.0376110522407,1,24995,0,8.2144310439,6.84219511673
LPF,12,125,0.001,0.0276078735629,0.0276054423129,0.0390138663352,0.0308862748701,1,27798,0,8.25754944716,6.87965294254
LPF,12,126,0.001,0.0277250246135,0.0277243035542,0.0391498804092,0.0173228294751,1,29980,0,8.29410537535,6.91135774314
LPF,12,127,0.001,0.0278208424418,0.0278198567751,0.0392714180052,0.00383208731139,1,31779,0,8.32605876589,6.93959504768
LPF,12,0,1.000,0.00167784577088,0.00167795525785,0.918718338013,0.00237224073109,1,0,0,0.590668706109,0.514547687832
LPF,12,1,1.000,0.00184477815968,0.00184486433027,0.918764472008,0.00260832187988,1,0,0,0.626035196731,0.543344730326
LPF,12,2,1.000,0.00192407499964,0.00192415107726,0.918784737587,0.00272046422452,1,0,0,0.641979812847,0.556275625373
LPF,12,3,1.000,0.00198970324028,0.00198977136843,0.918800771236,0.00281327556888,1,0,0,0.654784956924,0.566638844869
LPF,12,4,1.000,0.00204861258341,0.00204867385576,0.918814659119,0.00289658454796,1,0,0,0.665989415729,0.575691659155
LPF,12,5,1.000,0.00210348142452,0.00210353653143,0.918827116489,0.00297417909267,1,0,0,0.676187317777,0.58391963362
LPF,12,6,1.000,0.00215567987062,0.00215572929187,0.918838620186,0.00304799688267,1,0,0,0.685682489208,0.591571144463
LPF,12,7,1.000,0.0022060218587,0.00220606595047,0.918849349022,0.00311918903181,1,0,0,0.694654938519,0.598793389005
LPF,12,8,1.000,0.00225503929758,0.00225507833739,0.918859541416,0.00318850779411,1,0,0,0.703221666501,0.60568206999
LPF,12,9,1.000,0.00230310398439,0.00230313819253,0.918869256973,0.00325647898455,1,0,0,0.711463763142,0.612303537262
LPF,12,10,1.000,0.00235048935687,0.00235051891304,0.918878555298,0.0033234893126,1,0,0,0.719440153252,0.618706020884
LPF,12,11,1.000,0.00239740477098,0.00239742982286,0.918887555599,0.00338983485942,1,0,0,0.73053637731,0.630767906618
LPF,12,12,1.000,0.00244401592649,0.0024440365984,0.918896257877,0.00345574996498,1,0,0,0.744620196205,0.642750811129
LPF,12,13,1.000,0.00249045771874,0.0024904741147,0.918904721737,0.00352142540359,1,0,0,0.758532453483,0.654572682813
LPF,12,14,1.000,0.00253684267765,0.00253685488794,0.918912947178,0.00358702031901,1,0,0,0.772307868219,0.666263662825
LPF,12,15,1.000,0.00258326672815,0.00258327482777,0.918920993805,0.003652670371,1,0,0,0.785975218754,0.677848705365
LPF,12,16,1.000,0.0026298132411,0.00262981729425,0.918928861618,0.00371849346448,1,0,0,0.799558730698,0.689348788308
LPF,12,17,1.000,0.00267655596559,0.00267655602737,0.918936610222,0.00378459389648,1,0,0,0.813079077171,0.70078178574
LPF,12,18,1.000,0.00272356118387,0.00272355730114,0.918944180012,0.00385106540384,1,0,0,0.826554115798,0.712163110986
LPF,12,19,1.000,0.00277088935648,0.00277088156816,0.918951570988,0.00391799348974,1,0,0,0.839999442395,0.723506199753
LPF,12,20,1.000,0.00281859637624,0.00281858471455,0.918958902359,0.00398545719734,1,0,0,0.853428814075,0.734822879414
LPF,12,21,1.000,0.00286673455965,0.00286671905169,0.918966174126,0.0040535305116,1,0,0,0.866854477521,0.746123655557
LPF,12,22,1.000,0.002915353422,0.00291533409029,0.918973267078,0.00412228345573,1,0,0,0.880287427139,0.757417937378
LPF,12,23,1.000,0.00296450032968,0.00296447719071,0.918980300426,0.00419178301365,1,0,0,0.893737610567,0.768714217137
LPF,12,24,1.000,0.00301422101046,0.00301419407492,0.918987214565,0.0042620938515,1,0,0,0.907214094076,0.780020214632
LPF,12,25,1.000,0.00306455998723,0.00306452926403,0.918994128704,0.00433327893132,1,0,0,0.920725197047,0.791342994674
LPF,12,26,1.000,0.00311556096583,0.00311552645882,0.919000923634,0.00440540005925,1,0,0,0.934785996197,0.802689063508
LPF,12,27,1.000,0.00316726713335,0.00316722884272,0.919007599354,0.00447851830769,1,0,0,0.950273616343,0.814064448612
LPF,12,28,1.000,0.00321972145033,0.0032196793732,0.919014275074,0.00455269442819,1,0,0,0.965977708202,0.825474765264
LPF,12,29,1.000,0.00327296688812,0.00327292101655,0.91902089119,0.00462798918748,1,0,0,0.981909260165,0.836925272477
LPF,12,30,1.000,0.00332704665335,0.00332699697939,0.919027447701,0.00470446368466,1,0,0,0.998079153861,0.84842092032
LPF,12,31,1.000,0.00338200439798,0.00338195090859,0.919033944607,0.00478217964837,1,0,0,1.01449821064,0.859966390201
LPF,12,32,1.000,0.00343788440208,0.00343782708049,0.919040381908,0.00486119969522,1,0,0,1.03117723264,0.871634801149
LPF,12,33,1.000,0.00349473175404,0.00349467058237,0.919046759605,0.00494158758469,1,0,0,1.04812703939,0.883408657518
LPF,12,34,1.000,0.00355259252469,0.0035525274795,0.919053137302,0.00502340846532,1,0,0,1.06535850078,0.89524676835
LPF,12,35,1.000,0.00361151393148,0.00361144498749,0.919059455395,0.00510672910689,1,0,0,1.0828825671,0.907153047796
LPF,12,36,1.000,0.00367154450044,0.00367147163219,0.919065713882,0.0051916181295,1,0,0,1.10071029651,0.921967417023
LPF,12,37,1.000,0.00373273424279,0.00373265741696,0.91907197237,0.00527814625323,1,0,0,1.11885288066,0.93723543853
LPF,12,38,1.000,0.00379513479982,0.00379505398413,0.919078171253,0.00536638650311,1,0,0,1.13732166846,0.952775635461
LPF,12,39,1.000,0.00385879962326,0.00385871478021,0.919084310532,0.00545641446415,1,0,0,1.15612818869,0.968597328732
LPF,12,40,1.000,0.00392378413749,0.00392369522697,0.91909044981,0.00554830851066,1,0,0,1.17528417136,0.9847099906
LPF,12,41,1.000,0.0039901459338,0.00399005291368,0.919096529484,0.00564215008107,1,0,0,1.1948015683,1.00112326117
LPF,12,42,1.000,0.00405794492898,0.00405784775318,0.919102609158,0.00573802390209,1,0,0,1.21486201735,1.01784696431
LPF,12,43,1.000,0.00412724358624,0.00412714220406,0.919108688831,0.00583601830113,1,0,0,1.23553317124,1.03489112312
LPF,12,44,1.000,0.00419810709328,0.0041980014549,0.9191147089,0.00593622545817,1,0,0,1.25666599175,1.05226597507
LPF,12,45,1.000,0.00427060359613,0.00427049364226,0.91912072897,0.00603874173634,1,0,0,1.27827944944,1.06998198686
LPF,12,46,1.000,0.00434480441515,0.0043446900873,0.919126689434,0.00614366798744,1,0,0,1.30039324483,1.08810576897
LPF,12,47,1.000,0.00442078429902,0.00442066553553,0.919132649899,0.00625110991098,1,0,0,1.32302785272,1.10660782928
LPF,12,48,1.000,0.00449862166742,0.00449849840017,0.919138610363,0.00636117839753,1,0,0,1.34620456807,1.12548841096
LPF,12,49,1.000,0.00457839890071,0.00457827106066,0.919144511223,0.00647398993818,1,0,0,1.36994555373,1.1447592134
LPF,12,50,1.000,0.00466020264048,0.00466007014932,0.919150412083,0.00658966704957,1,0,0,1.39427389012,1.1644322433
LPF,12,51,1.000,0.00474412410824,0.00474398688677,0.919156312943,0.00670833872466,1,0,0,1.41921362705,1.18451982962
LPF,12,52,1.000,0.00483025944544,0.00483011741189,0.919162154198,0.00683014091336,1,0,0,1.44484689307,1.20576228028
LPF,12,53,1.000,0.0049187101091,0.00491856317697,0.919167995453,0.00695521708208,1,0,0,1.4712191791,1.22769515449
LPF,12,54,1.000,0.00500958325253,0.00500943132746,0.919173836708,0.00708371875212,1,0,0,1.49831024363,1.25020519753
LPF,12,55,1.000,0.00510299218189,0.00510283516638,0.919179677963,0.00721580614514,1,0,0,1.52615280082,1.27331602953
LPF,12,56,1.000,0.00519905684496,0.00519889463529,0.919185459614,0.00735164887449,1,0,0,1.55478131757,1.29705230071
LPF,12,57,1.000,0.00529790433292,0.00529773681543,0.919191241264,0.00749142665458,1,0,0,1.58423213024,1.3214397463
LPF,12,58,1.000,0.0053996694814,0.00539949654273,0.919197022915,0.00763533015095,1,0,0,1.61454356937,1.34650524422
LPF,12,59,1.000,0.00550449547031,0.00550431699148,0.919202804565,0.00778356182832,1,0,0,1.64575786113,1.37237397226
LPF,12,60,1.000,0.00561253452417,0.00561235037435,0.919208526611,0.00793633694104,1,0,0,1.67797076005,1.39919662133
LPF,12,61,1.000,0.00572394864252,0.00572375868807,0.919214308262,0.00809388456578,1,0,0,1.71118754265,1.42684526184
LPF,12,62,1.000,0.00583891045684,0.0058387145505,0.919220030308,0.00825644881343,1,0,0,1.74545883061,1.45535969388
LPF,12,63,1.000,0.00595760412312,0.00595740211729,0.919225752354,0.00842429009111,1,0,0,1.78083846423,1.4847820012
LPF,12,64,1.000,0.00608022631061,0.00608001804219,0.9192314744,0.00859768650037,1,0,0,1.81738375321,1.51515670425
LPF,12,65,1.000,0.00620698732219,0.00620677262373,0.919237196445,0.00877693542149,1,0,0,1.85515574903,1.54653092402
LPF,12,66,1.000,0.00633811232901,0.00633789102251,0.919242858887,0.00896235525929,1,0,0,1.89425155337,1.57906677438
LPF,12,67,1.000,0.00647384270746,0.00647361460037,0.919248580933,0.00915428733357,1,0,0,1.93472012941,1.61276275597
LPF,12,68,1.000,0.00661443754633,0.00661420244132,0.919254243374,0.00935309801061,1,0,0,1.97663618629,1.64765605764
LPF,12,69,1.000,0.00676017533629,0.00675993302209,0.91925996542,0.00955918109187,1,0,0,2.02008170551,1.68381275774
LPF,12,70,1.000,0.00691135583931,0.00691110608598,0.919265627861,0.00977296045766,1,0,0,2.06514470579,1.72130350806
LPF,12,71,1.000,0.00706830215983,0.00706804472644,0.919271290302,0.00999489299583,1,0,0,2.11194017092,1.76020390631
LPF,12,72,1.000,0.00723136310617,0.0072310977444,0.919276952744,0.0102254719409,1,0,0,2.16056033751,1.80066707583
LPF,12,73,1.000,0.00740091579024,0.00740064222212,0.919282615185,0.0104652305502,1,0,0,2.21111332971,1.84275766691
LPF,12,74,1.000,0.00757736860413,0.00757708654799,0.919288277626,0.010714746313,1,0,0,2.26371979104,1.88655019708
LPF,12,75,1.000,0.00776116453791,0.00776087367862,0.919293940067,0.0109746456421,1,0,0,2.31852053338,1.932151008
LPF,12,76,1.000,0.007952784911,0.00795248492306,0.919299542904,0.0112456091499,1,0,0,2.37566001465,1.97967499029
LPF,12,77,1.000,0.00815275368072,0.00815244421215,0.919305205345,0.0115283777413,1,0,0,2.43528619609,2.02926701546
LPF,12,78,1.000,0.00836164226357,0.0083613229419,0.919310867786,0.0118237594311,1,0,0,2.49756828486,2.08112076245
LPF,12,79,1.000,0.00858007502328,0.00857974544222,0.919316470623,0.0121326371044,1,0,0,2.56270636171,2.1353310655
LPF,12,80,1.000,0.00880873561069,0.0088083953455,0.919322133064,0.0124559774814,1,0,0,2.63089330214,2.19206301728
LPF,12,81,1.000,0.0090483741549,0.00904802273311,0.919327735901,0.0127948412864,1,0,0,2.70235056603,2.2514968106
LPF,12,82,1.000,0.00929981557766,0.00929945249952,0.919333398342,0.0131503950046,1,0,0,2.77733469781,2.31387288722
LPF,12,83,1.000,0.00956396917909,0.00956359391074,0.919339001179,0.0135239244369,1,0,0,2.85610968531,2.37944801525
LPF,12,84,1.000,0.00984183969429,0.00984145165835,0.919344604015,0.0139168503345,1,0,0,2.93897346048,2.44851180028
LPF,12,85,1.000,0.0101345401969,0.0101341387545,0.919350266457,0.0143307466453,1,0,0,3.0262670785,2.52126365035
LPF,12,86,1.000,0.0104433071079,0.0104428915828,0.919355869293,0.014767361737,1,0,0,3.11834936971,2.59800898712
LPF,12,87,1.000,0.0107695177945,0.0107690874421,0.91936147213,0.0152286432834,1,0,0,3.21563867323,2.67909230859
LPF,12,88,1.000,0.0111147112489,0.0111142652692,0.919367134571,0.0157167675046,1,0,0,3.31858949617,2.76489402397
LPF,12,89,1.000,0.0114806125477,0.0114801500553,0.919372737408,0.0162341737547,1,0,0,3.42771860872,2.85584484926
LPF,12,90,1.000,0.0118691618449,0.0118686818759,0.919378340244,0.0167836055188,1,0,0,3.54360414669,2.95242559476
LPF,12,91,1.000,0.0122825490169,0.0122820505107,0.919384002686,0.0173681594036,1,0,0,3.6668993008,3.05518133795
LPF,12,92,1.000,0.0127232551407,0.0127227369369,0.919389605522,0.0179913437892,1,0,0,3.7983441219,3.16472906288
LPF,12,93,1.000,0.0131941026715,0.0131935634823,0.919395208359,0.0186571497839,1,0,0,3.93878101673,3.28176911848
LPF,12,94,1.000,0.0136983161683,0.0136977545767,0.9194008708,0.0193701370922,1,0,0,4.08916991429,3.40710530688
LPF,12,95,1.000,0.0142395966274,0.0142390110475,0.919406473637,0.0201355391283,1,0,0,4.25061810304,3.54165578994
LPF,12,96,1.000,0.0148222128473,0.0148216015144,0.919412136078,0.0209593922091,1,0,0,4.42439242755,3.68648157618
LPF,12,97,1.000,0.0154511147021,0.0154504756406,0.919417738914,0.0218486957309,1,0,0,4.61197858031,3.84281552863
LPF,12,98,1.000,0.0161320745752,0.0161314055594,0.919423341751,0.0228116121632,1,0,0,4.81508827599,4.01209017647
LPF,12,99,1.000,0.0168718657281,0.0168711642478,0.919429004192,0.0238577192728,1,0,0,5.03574605255,4.19598922337
LPF,12,100,1.000,0.0176784889902,0.0176777521961,0.919434607029,0.0249983306751,1,0,0,5.27633824893,4.3965044072
LPF,12,101,1.000,0.0185614641507,0.0185606887823,0.91944026947,0.0262469078791,1,0,0,5.53969803544,4.61599966738
LPF,12,102,1.000,0.0195322083473,0.0195313906404,0.919445872307,0.0276195953491,1,0,0,5.82923059001,4.85731299619
LPF,12,103,1.000,0.0206045336194,0.0206036692454,0.919451534748,0.0291359240733,1,0,0,6.14905887851,5.1238798346
LPF,12,104,1.000,0.0217953096524,0.0217943935355,0.919457197189,0.0308197487203,1,0,0,6.50420316931,5.41989316843
LPF,12,105,1.000,0.023125359427,0.0231243856147,0.919462859631,0.0327005141371,1,0,0,6.90086816137,5.75052754199
LPF,12,106,1.000,0.0246206894314,0.0246196508748,0.919468462467,0.034814994937,1,0,0,7.3468006039,6.1222480303
LPF,12,107,1.000,0.0263142096379,0.026313097839,0.919474124908,0.037209727642,1,0,0,7.85179907909,6.54323579382
LPF,12,108,1.000,0.0272121850411,0.0272110207265,0.91947978735,0.0384795048905,1,20697,0,8.1280057083,6.76827503574
LPF,12,109,1.000,0.0274145933038,0.0274134062814,0.919485449791,0.0387656389388,1,25419,0,8.1936464973,6.82431890851
LPF,12,110,1.000,0.0275561086722,0.0275549240064,0.919491112232,0.0389655904867,1,28273,0,8.24012821,6.86553023687
LPF,12,111,1.000,0.027671345165,0.0276701652717,0.919496774673,0.0391283153948,1,30416,0,8.28024777542,6.89888985652
LPF,12,112,1.000,0.0277711858104,0.0277700334379,0.919502437115,0.0392692117824,1,32167,0,8.31547169421,6.92923064758
LPF,12,113,1.000,0.0278606040845,0.0278594875715,0.919508099556,0.0393953205773,1,33694,0,8.3469540955,6.95516332525
LPF,12,114,1.000,0.0279423501145,0.027941273488,0.919513821602,0.0395105375065,1,35063,0,8.37588402374,6.97957234805
LPF,12,115,1.000,0.0280181210401,0.0280171039775,0.919519484043,0.0396172683159,1,36299,0,8.40291432678,7.00373804295
LPF,12,116,1.000,0.0280890297941,0.0280880827802,0.919525146484,0.0397170923625,1,37429,0,8.4284994857,7.02537161065
LPF,12,117,1.000,0.0281558561832,0.0281549852354,0.91953086853,0.0398111173133,1,38494,0,8.45288666181,7.04547130231
LPF,12,118,1.000,0.028219172873,0.0282183874567,0.919536530972,0.0399001573125,1,39487,0,8.47600420387,7.06415387118
LPF,12,119,1.000,0.0282794126931,0.0282787210309,0.919542253017,0.0399848281429,1,40432,0,8.49800578587,7.0820355484
LPF,12,120,1.000,0.0283369075832,0.0283363194099,0.919547975063,0.0400656027965,1,41330,0,8.51908345863,7.10067435593
LPF,12,121,1.000,0.0283919217152,0.0283914414306,0.919553637505,0.0401428581831,1,42204,0,8.5393775829,7.12153338922
LPF,12,122,1.000,0.0284446691807,0.0284443127774,0.91955935955,0.0402169001564,1,42999,0,8.55899353665,7.14048865979
LPF,12,123,1.000,0.0284953317661,0.0284950979802,0.919565081596,0.0402879886745,1,43785,0,8.57802050907,7.15750792398
LPF,12,124,1.000,0.0285440647383,0.028543968806,0.919570803642,0.0403563456894,1,44525,0,8.59653682816,7.17502698529
LPF,12,125,1.000,0.0285909973856,0.0285910312905,0.919576585293,0.0404221562726,1,45274,0,8.61448733616,7.19725245101
LPF,12,126,1.000,0.0286362393848,0.0286364168087,0.919582307339,0.0404855777676,1,45969,0,8.63185531898,7.22238884803
LPF,12,127,1.000,0.0286798877632,0.0286802134206,0.919588029385,0.0405467494081,1,46667,0,8.64871268126,7.24427503801
LPF,24,0,0.001,1.39796435358e-06,1.39822538884e-06,0.000918973528314,1.97684973959e-06,1,0,0,0.000590668706776,0.000514547688853
LPF,24,1,0.001,1.53703587655e-06,1.53728345081e-06,0.000918978010304,2.17358403069e-06,1,0,0,0.000626035197502,0.000543344731404
LPF,24,2,0.001,1.60309861021e-06,1.60334097013e-06,0.000918979931157,2.26703598344e-06,1,0,0,0.000641979813666,0.000556275626477
LPF,24,3,0.001,1.65777413385e-06,1.65801266236e-06,0.000918981502764,2.34437877102e-06,1,0,0,0.000654784957782,0.000566638845994
LPF,24,4,0.001,1.70685221075e-06,1.70708763618e-06,0.000918982783332,2.41380291932e-06,1,0,0,0.000665989416623,0.000575691660299
LPF,24,5,0.001,1.75256420116e-06,1.75279699955e-06,0.000918983947486,2.47846503965e-06,1,0,0,0.000676187318703,0.00058391963478
LPF,24,6,0.001,1.79605153533e-06,1.79628204942e-06,0.000918985053431,2.53997986617e-06,1,0,0,0.000685682490164,0.00059157114564
LPF,24,7,0.001,1.83799229758e-06,1.83822079672e-06,0.000918986042961,2.59930665668e-06,1,0,0,0.000694654939504,0.000598793390196
LPF,24,8,0.001,1.87882961967e-06,1.87905631914e-06,0.000918986974284,2.65707229096e-06,1,0,0,0.000703221667514,0.000605682071196
LPF,24,9,0.001,1.91887324633e-06,1.91909832789e-06,0.000918987905607,2.71371495123e-06,1,0,0,0.00071146376418,0.000612303538482
LPF,24,10,0.001,1.95835097515e-06,1.95857459459e-06,0.000918988720514,2.76955689209e-06,1,0,0,0.000719440154317,0.000618706022117
LPF,24,11,0.001,1.997437218e-06,1.99765951222e-06,0.000918989535421,2.82484484512e-06,1,0,0,0.000730536372416,0.000630767902705
LPF,24,12,0.001,2.03627002298e-06,2.03649111527e-06,0.000918990350328,2.87977409922e-06,1,0,0,0.000744620191253,0.000642750807184
LPF,24,13,0.001,2.07496177144e-06,2.07518177393e-06,0.000918991107028,2.93450363333e-06,1,0,0,0.000758532448472,0.000654572678836
LPF,24,14,0.001,2.11360620811e-06,2.11382522035e-06,0.000918991863728,2.98916606159e-06,1,0,0,0.000772307863152,0.000666263658816
LPF,24,15,0.001,2.15228325114e-06,2.15250136854e-06,0.000918992620427,3.04387443794e-06,1,0,0,0.000785975213632,0.000677848701325
LPF,24,16,0.001,2.19106235723e-06,2.19127966715e-06,0.000918993318919,3.09872701666e-06,1,0,0,0.000799558725521,0.000689348784237
LPF,24,17,0.001,2.23000496561e-06,2.23022155224e-06,0.000918994017411,3.15381070979e-06,1,0,0,0.00081307907194,0.000700781781639
LPF,24,18,0.001,2.26916629632e-06,2.26938223623e-06,0.000918994715903,3.20920363107e-06,1,0,0,0.000826554110514,0.000712163106855
LPF,24,19,0.001,2.30859672201e-06,2.30881209167e-06,0.000918995356187,3.26497703655e-06,1,0,0,0.000839999437059,0.000723506195593
LPF,24,20,0.001,2.3483428075e-06,2.34855767918e-06,0.000918996054679,3.32119679532e-06,1,0,0,0.000853428808686,0.000734822875224
LPF,24,21,0.001,2.38844813353e-06,2.38866257587e-06,0.000918996694963,3.37792455459e-06,1,0,0,0.00086685447208,0.000746123651338
LPF,24,22,0.001,2.42895395885e-06,2.4291680404e-06,0.000918997335248,3.43521867667e-06,1,0,0,0.000880287421647,0.000757417933131
LPF,24,23,0.001,2.46989973964e-06,2.4701135247e-06,0.000918997917324,3.49313497344e-06,1,0,0,0.000893737605024,0.000768714212862
LPF,24,24,0.001,2.51132357361e-06,2.51153712868e-06,0.000918998557609,3.5517273348e-06,1,0,0,0.000907214088483,0.000780020210328
LPF,24,25,0.001,2.55326256038e-06,2.55347594942e-06,0.000918999139685,3.61104823835e-06,1,0,0,0.000920725191404,0.000791342990342
LPF,24,26,0.001,2.59575310338e-06,2.59596638774e-06,0.000918999779969,3.6711491766e-06,1,0,0,0.000934786000157,0.000802689059148
LPF,24,27,0.001,2.63883119036e-06,2.63904443075e-06,0.000919000362046,3.73208105362e-06,1,0,0,0.000950273620302,0.000814064444224
LPF,24,28,0.001,2.68253260684e-06,2.68274586579e-06,0.000919000944123,3.79389448716e-06,1,0,0,0.00096597771216,0.000825474760848
LPF,24,29,0.001,2.72689315661e-06,2.72710649319e-06,0.000919001526199,3.85664012043e-06,1,0,0,0.00098190926412,0.000836925268033
LPF,24,30,0.001,2.77194883489e-06,2.77216231317e-06,0.000919002108276,3.92036886713e-06,1,0,0,0.000998079157812,0.000848420915849
LPF,24,31,0.001,2.81773601273e-06,2.81794969149e-06,0.000919002690352,3.98513217226e-06,1,0,0,0.00101449821459,0.000859966385702
LPF,24,32,0.001,2.86429157616e-06,2.86450551728e-06,0.000919003214221,4.05098220897e-06,1,0,0,0.00103117723658,0.000871634796526
LPF,24,33,0.001,2.91165309358e-06,2.91186735751e-06,0.000919003796298,4.11797211536e-06,1,0,0,0.00104812704332,0.000883408652869
LPF,24,34,0.001,2.95985894763e-06,2.96007359571e-06,0.000919004320167,4.18615618097e-06,1,0,0,0.00106535850471,0.000895246763674
LPF,24,35,0.001,3.00894847904e-06,3.0091635756e-06,0.000919004902244,4.25559005022e-06,1,0,0,0.00108288257101,0.000907153043092
LPF,24,36,0.001,3.05896211557e-06,3.05917772199e-06,0.000919005426113,4.32633090492e-06,1,0,0,0.00110071030041,0.000921967420149
LPF,24,37,0.001,3.10994152075e-06,3.11015770052e-06,0.000919005949982,4.39843767459e-06,1,0,0,0.00111885288455,0.000937235441648
LPF,24,38,0.001,3.16192972037e-06,3.16214653913e-06,0.00091900647385,4.47197121534e-06,1,0,0,0.00113732167234,0.000952775638571
LPF,24,39,0.001,3.21497124702e-06,3.21518877227e-06,0.000919007055927,4.54699451434e-06,1,0,0,0.00115612819255,0.000968597331832
LPF,24,40,0.001,3.26911227916e-06,3.26933057694e-06,0.000919007579796,4.62357288656e-06,1,0,0,0.0011752841752,0.000984709993689
LPF,24,41,0.001,3.32440079682e-06,3.32461993305e-06,0.000919008103665,4.70177419496e-06,1,0,0,0.00119480157213,0.00100112326425
LPF,24,42,0.001,3.38088672063e-06,3.38110676487e-06,0.000919008627534,4.78166904712e-06,1,0,0,0.00121486200371,0.00101784696738
LPF,24,43,0.001,3.43862208596e-06,3.43884311218e-06,0.000919009093195,4.86333104164e-06,1,0,0,0.00123553315752,0.00103489112618
LPF,24,44,0.001,3.49766121387e-06,3.49788329332e-06,0.000919009617064,4.94683700983e-06,1,0,0,0.00125666597793,0.00105226597811
LPF,24,45,0.001,3.55806087002e-06,3.55828407854e-06,0.000919010140933,5.03226724049e-06,1,0,0,0.00127827943553,0.00106998198988
LPF,24,46,0.001,3.61988048122e-06,3.62010489638e-06,0.000919010664802,5.11970578621e-06,1,0,0,0.00130039323084,0.00108810577179
LPF,24,47,0.001,3.68318231752e-06,3.68340801597e-06,0.000919011130463,5.209240721e-06,1,0,0,0.00132302783865,0.00110660783209
LPF,24,48,0.001,3.74803171532e-06,3.74825877999e-06,0.000919011654332,5.30096445569e-06,1,0,0,0.00134620455391,0.00112548841374
LPF,24,49,0.001,3.81449731717e-06,3.81472583239e-06,0.000919012178201,5.39497407725e-06,1,0,0,0.00136994553948,0.00114475921616
LPF,24,50,0.001,3.8826512989e-06,3.88288135156e-06,0.000919012643863,5.49137166992e-06,1,0,0,0.00139427387578,0.00116443224603
LPF,24,51,0.001,3.95256966194e-06,3.95280134097e-06,0.000919013167731,5.59026472879e-06,1,0,0,0.00141921361263,0.00118451983233
LPF,24,52,0.001,4.0243325168e-06,4.02456591331e-06,0.000919013633393,5.69176656061e-06,1,0,0,0.00144484687233,0.00120576226894
LPF,24,53,0.001,4.09802437613e-06,4.098259583e-06,0.000919014157262,5.79599669842e-06,1,0,0,0.00147121915809,0.00122769514309
LPF,24,54,0.001,4.17373452301e-06,4.17397164514e-06,0.000919014622923,5.90308142234e-06,1,0,0,0.00149831022233,0.00125020518607
LPF,24,55,0.001,4.25155735655e-06,4.2517964932e-06,0.000919015088584,6.01315424847e-06,1,0,0,0.00152615277924,0.001273316018
LPF,24,56,0.001,4.33159280974e-06,4.3318340661e-06,0.000919015612453,6.12635651981e-06,1,0,0,0.00155478129571,0.00129705228913
LPF,24,57,0.001,4.41394677527e-06,4.41419026549e-06,0.000919016078115,6.24283800857e-06,1,0,0,0.00158423210808,0.00132143973466
LPF,24,58,0.001,4.49873158229e-06,4.49897742124e-06,0.000919016543776,6.36275759051e-06,1,0,0,0.00161454354691,0.00134650523251
LPF,24,59,0.001,4.58606652127e-06,4.58631482605e-06,0.000919017067645,6.48628398724e-06,1,0,0,0.0016457578509,0.00137237395315
LPF,24,60,0.001,4.67607841633e-06,4.67632931582e-06,0.000919017533306,6.61359657571e-06,1,0,0,0.00167797074957,0.00139919660195
LPF,24,61,0.001,4.76890224624e-06,4.76915586935e-06,0.000919017998967,6.74488626661e-06,1,0,0,0.0017111875319,0.0014268452422
LPF,24,62,0.001,4.86468182991e-06,4.86493831464e-06,0.000919018464629,6.88035647382e-06,1,0,0,0.00174545881959,0.00145535967396
LPF,24,63,0.001,4.96357059681e-06,4.9638300825e-06,0.00091901893029,7.02022420409e-06,1,0,0,0.00178083845293,0.001484781981
LPF,24,64,0.001,5.065732402e-06,5.06599503932e-06,0.000919019395951,7.16472120986e-06,1,0,0,0.00181738374163,0.00151515668376
LPF,24,65,0.001,5.17134246113e-06,5.1716084116e-06,0.000919019861612,7.31409531161e-06,1,0,0,0.00185515573714,0.00154653090325
LPF,24,66,0.001,5.28058837441e-06,5.2808578032e-06,0.000919020327274,7.46861184618e-06,1,0,0,0.00189425155025,0.00157906676439
LPF,24,67,0.001,5.39367124045e-06,5.39394431583e-06,0.000919020792935,7.62855524219e-06,1,0,0,0.00193472012607,0.00161276274569
LPF,24,68,0.001,5.51080691494e-06,5.51108381972e-06,0.000919021258596,7.79423080021e-06,1,0,0,0.00197663618271,0.00164765604707
LPF,24,69,0.001,5.63222743347e-06,5.63250835699e-06,0.000919021724258,7.96596670521e-06,1,0,0,0.00202008170169,0.00168381274686
LPF,24,70,0.001,5.75818253332e-06,5.75846768416e-06,0.000919022189919,8.14411617891e-06,1,0,0,0.00206514470171,0.00172130349686
LPF,24,71,0.001,5.88894140352e-06,5.88923099558e-06,0.00091902265558,8.32905995502e-06,1,0,0,0.00211194017555,0.00176020389478
LPF,24,72,0.001,6.02479466368e-06,6.02508892381e-06,0.000919023121241,8.52120907803e-06,1,0,0,0.00216056034203,0.00180066707269
LPF,24,73,0.001,6.16605649842e-06,6.16635565842e-06,0.000919023586903,8.72100792215e-06,1,0,0,0.00221111333411,0.0018427576635
LPF,24,74,0.001,6.31306715661e-06,6.31337147974e-06,0.000919024052564,8.92893772612e-06,1,0,0,0.0022637197953,0.0018865501934
LPF,24,75,0.001,6.46619570737e-06,6.46650545762e-06,0.000919024518225,9.14552049119e-06,1,0,0,0.0023185205221,0.00193215100404
LPF,24,76,0.001,6.62584317379e-06,6.62615863723e-06,0.000919024983887,9.37132341337e-06,1,0,0,0.00237566000332,0.00197967498603
LPF,24,77,0.001,6.79244609036e-06,6.79276757499e-06,0.000919025449548,9.60696391507e-06,1,0,0,0.00243528618469,0.00202926701749
LPF,24,78,0.001,6.96648051315e-06,6.96680834285e-06,0.000919025857002,9.85311531681e-06,1,0,0,0.0024975682734,0.00208112076433
LPF,24,79,0.001,7.14846664585e-06,7.14880116758e-06,0.000919026322663,1.01105133803e-05,1,0,0,0.00256270637434,0.00213533106721
LPF,24,80,0.001,7.33897405903e-06,7.33931564308e-06,0.000919026788324,1.03799636904e-05,1,0,0,0.00263089331487,0.00219206301881
LPF,24,81,0.001,7.5386277311e-06,7.53897677809e-06,0.000919027253985,1.06623501992e-05,1,0,0,0.00270235057887,0.00225149681194
LPF,24,82,0.001,7.74811493572e-06,7.74847187114e-06,0.000919027661439,1.09586449675e-05,1,0,0,0.0027773347052,0.00231387287709
LPF,24,83,0.001,7.96819325337e-06,7.96855853858e-06,0.0009190281271,1.12699194959e-05,1,0,0,0.00285610969295,0.00237944802223
LPF,24,84,0.001,8.19969977441e-06,8.20007390392e-06,0.000919028592762,1.15973577417e-05,1,0,0,0.00293897348513,0.00244851180713
LPF,24,85,0.001,8.44356185295e-06,8.44394536364e-06,0.000919029058423,1.19422713287e-05,1,0,0,0.0030262671035,0.0025212636562
LPF,24,86,0.001,8.70080961756e-06,8.70120308625e-06,0.000919029465877,1.23061172419e-05,1,0,0,0.00311834939507,0.00259800899311
LPF,24,87,0.001,8.97259060506e-06,8.97299466018e-06,0.000919029931538,1.26905185253e-05,1,0,0,0.00321563865965,0.00267909230378
LPF,24,88,0.001,9.26018703333e-06,9.26060236188e-06,0.000919030397199,1.30972887119e-05,1,0,0,0.00331858948281,0.00276489401917
LPF,24,89,0.001,9.56503614008e-06,9.56546348128e-06,0.000919030804653,1.35284605905e-05,1,0,0,0.00342771858889,0.00285584485476
LPF,24,90,0.001,9.88875435815e-06,9.8891945193e-06,0.000919031270314,1.39863203985e-05,1,0,0,0.00354360412644,0.00295242560017
LPF,24,91,0.001,1.02331661672e-05,1.02336200553e-05,0.000919031735975,1.44734486284e-05,1,0,0,0.0036668993062,0.00305518134687
LPF,24,92,0.001,1.06003386848e-05,1.06008072706e-05,0.000919032143429,1.49927689537e-05,1,0,0,0.00379834412679,0.00316472907191
LPF,24,93,0.001,1.09926234186e-05,1.09931077808e-05,0.00091903260909,1.55476072804e-05,1,0,0,0.00393878101162,0.00328176912762
LPF,24,94,0.001,1.14127069086e-05,1.1413208246e-05,0.000919033074751,1.61417633755e-05,1,0,0,0.00408916990882,0.00340710531679
LPF,24,95,0.001,1.18636726172e-05,1.18641922552e-05,0.000919033482205,1.67795984014e-05,1,0,0,0.00425061809376,0.0035416558003
LPF,24,96,0.001,1.23490770918e-05,1.23496165139e-05,0.000919033947866,1.74661426387e-05,1,0,0,0.00442439241794,0.00368648158956
LPF,24,97,0.001,1.28730442863e-05,1.28736051446e-05,0.00091903435532,1.82072288921e-05,1,0,0,0.00461197856956,0.00384281554253
LPF,24,98,0.001,1.34403834689e-05,1.34409676187e-05,0.000919034820981,1.90096592551e-05,1,0,0,0.00481508826341,0.00401209019092
LPF,24,99,0.001,1.40567377506e-05,1.40573473019e-05,0.000919035286643,1.98814151852e-05,1,0,0,0.00503574603944,0.00419598923839
LPF,24,100,0.001,1.47287729993e-05,1.47294103412e-05,0.000919035694096,2.08319246983e-05,1,0,0,0.00527633822963,0.00439650441098
LPF,24,101,0.001,1.54644205875e-05,1.5465088438e-05,0.000919036159758,2.18724057048e-05,1,0,0,0.00553969803819,0.00461599967169
LPF,24,102,0.001,1.62731926589e-05,1.62738941613e-05,0.000919036567211,2.3016311913e-05,1,0,0,0.00582923059206,0.00485731300107
LPF,24,103,0.001,1.71665967053e-05,1.71673354846e-05,0.000919037032872,2.42799191952e-05,1,0,0,0.006149058851,0.00512387984174
LPF,24,104,0.001,1.81586876142e-05,1.81594678974e-05,0.000919037440326,2.5683106389e-05,1,0,0,0.00650420312889,0.00541989317616
LPF,24,105,0.001,1.92668140152e-05,1.9267640767e-05,0.000919037905987,2.72504109077e-05,1,0,0,0.00690086813379,0.00575052755036
LPF,24,106,0.001,2.05126431207e-05,2.05135222517e-05,0.000919038313441,2.90124782467e-05,1,0,0,0.00734680059749,0.0061222480332
LPF,24,107,0.001,2.19235937665e-05,2.19245323504e-05,0.000919038779102,3.10080888356e-05,1,0,0,0.00785179908131,0.00654323579738
LPF,24,108,0.001,2.35348805159e-05,2.35358871158e-05,0.000919039186556,3.32870491613e-05,1,0,0,0.00842844662847,0.00702398768612
LPF,24,109,0.001,2.53924964118e-05,2.5393581574e-05,0.000919039652217,3.5914410489e-05,1,0,0,0.00909318060404,0.00757822467317
LPF,24,110,0.001,2.75576784011e-05,2.75588552987e-05,0.000919040059671,3.89767846325e-05,1,0,0,0.00986784041869,0.00822419050839
LPF,24,111,0.001,3.01137937124e-05,3.01150790967e-05,0.000919040525332,4.2592083853e-05,1,0,0,0.0107828679562,0.00898671560433
LPF,24,112,0.001,3.31773296406e-05,3.31787452137e-05,0.000919040932786,4.69250645012e-05,1,0,0,0.0118797846456,0.00990048594386
LPF,24,113,0.001,3.69161548443e-05,3.6917729517e-05,0.000919041398447,5.22131552817e-05,1,0,0,0.0132184922915,0.0110154135171
LPF,24,114,0.001,4.15813602988e-05,4.15831337227e-05,0.000919041805901,5.88114922012e-05,1,0,0,0.014888894101,0.0124073346175
LPF,24,115,0.001,4.75661281606e-05,4.75681568231e-05,0.000919042271562,6.72761810327e-05,1,0,0,0.0170317599329,0.014193067381
LPF,24,116,0.001,5.55228059344e-05,5.55251742004e-05,0.000919042679016,7.85298837215e-05,1,0,0,0.0198805870024,0.0165671656073
LPF,24,117,0.001,6.66185723658e-05,6.66214145993e-05,0.000919043144677,9.42234250258e-05,1,0,0,0.0238532532275,0.0198777685964
LPF,24,118,0.001,8.31681518063e-05,8.31717014233e-05,0.00091904355213,0.000117630685902,1,0,0,0.0297788877714,0.0248157521153
LPF,24,119,0.001,0.000110503733529,0.00011050845216,0.000919044017792,0.000156293364742,1,0,0,0.0395665171437,0.0329720972853
LPF,24,120,0.001,0.000164269048648,0.000164276067499,0.000919044425245,0.000232337514414,1,0,0,0.0588175042654,0.0490145868879
LPF,24,121,0.001,0.000318674715024,0.000318688340802,0.000919044890907,0.000450724543575,1,0,0,0.114103361017,0.0950861341808
LPF,24,122,0.001,0.00406593470682,0.00379761566574,0.00635167816654,0.00573426204769,1,0,0,1.60834368351,1.34021756
LPF,24,123,0.001,0.0227545447325,0.0227531812299,0.0321808718145,0.0321130655216,1,20170,0,8.15661071185,6.79420013089
LPF,24,124,0.001,0.0229051718157,0.0229019866697,0.0323908515275,0.0313471414091,1,24995,0,8.2144310439,6.84219511673
LPF,24,125,0.001,0.0230237732642,0.023024463746,0.0325567312539,0.0257630892264,1,27798,0,8.25754944716,6.87965294254
LPF,24,126,0.001,0.0231256484291,0.0231263340774,0.0326996445656,0.0144452038442,1,29980,0,8.29410537535,6.91135774314
LPF,24,127,0.001,0.0232203876365,0.02322189239,0.0328292511404,0.00318327652103,1,31779,0,8.32605876589,6.93959504768
LPF,24,0,1.000,0.00139796435304,0.00139822538939,0.917822599411,0.00197684973882,1,0,0,0.590668706109,0.514547687832
LPF,24,1,1.000,0.00153703587564,0.00153728345037,0.917826533318,0.00217358402941,1,0,0,0.626035196731,0.543344730326
LPF,24,2,1.000,0.00160309860988,0.00160334096959,0.917828202248,0.00226703598299,1,0,0,0.641979812847,0.556275625373
LPF,24,3,1.000,0.00165777413371,0.00165801266192,0.917829573154,0.00234437877082,1,0,0,0.654784956924,0.566638844869
LPF,24,4,1.000,0.00170685221097,0.00170708763664,0.917830705643,0.00241380291962,1,0,0,0.665989415729,0.575691659155
LPF,24,5,1.000,0.00175256420139,0.00175279699966,0.917831778526,0.00247846503996,1,0,0,0.676187317777,0.58391963362
LPF,24,6,1.000,0.00179605153578,0.0017962820519,0.917832732201,0.0025399798668,1,0,0,0.685682489208,0.591571144463
LPF,24,7,1.000,0.00183799229824,0.00183822079723,0.917833566666,0.00259930665762,1,0,0,0.694654938519,0.598793389005
LPF,24,8,1.000,0.00187882961916,0.00187905631881,0.917834401131,0.00265707229024,1,0,0,0.703221666501,0.60568206999
LPF,24,9,1.000,0.00191887324585,0.0019190983272,0.917835235596,0.00271371495056,1,0,0,0.711463763142,0.612303537262
LPF,24,10,1.000,0.00195835097357,0.00195857459344,0.917835950851,0.00276955688985,1,0,0,0.719440153252,0.618706020884
LPF,24,11,1.000,0.00199743721755,0.00199765951211,0.917836725712,0.00282484484445,1,0,0,0.73053637731,0.630767906618
LPF,24,12,1.000,0.00203627002344,0.00203649111614,0.917837381363,0.00287977409985,1,0,0,0.744620196205,0.642750811129
LPF,24,13,1.000,0.00207496177088,0.00207518177337,0.917838096619,0.00293450363254,1,0,0,0.758532453483,0.654572682813
LPF,24,14,1.000,0.0021136062093,0.0021138252211,0.91783875227,0.00298916606328,1,0,0,0.772307868219,0.666263662825
LPF,24,15,1.000,0.00215228325167,0.00215250136821,0.917839407921,0.00304387443868,1,0,0,0.785975218754,0.677848705365
LPF,24,16,1.000,0.00219106235851,0.00219127966878,0.917840003967,0.00309872701846,1,0,0,0.799558730698,0.689348788308
LPF,24,17,1.000,0.00223000496546,0.00223022155109,0.917840600014,0.00315381070957,1,0,0,0.813079077171,0.70078178574
LPF,24,18,1.000,0.00226916629641,0.0022693822361,0.917841255665,0.00320920363117,1,0,0,0.826554115798,0.712163110986
LPF,24,19,1.000,0.00230859672303,0.00230881209194,0.917841792107,0.003264977038,1,0,0,0.839999442395,0.723506199753
LPF,24,20,1.000,0.00234834280648,0.00234855767786,0.917842388153,0.00332119679386,1,0,0,0.853428814075,0.734822879414
LPF,24,21,1.000,0.00238844813264,0.00238866257594,0.9178429842,0.00337792455333,1,0,0,0.866854477521,0.746123655557
LPF,24,22,1.000,0.00242895395895,0.00242916804066,0.917843520641,0.00343521867682,1,0,0,0.880287427139,0.757417937378
LPF,24,23,1.000,0.00246989974034,0.0024701135264,0.917844057083,0.00349313497443,1,0,0,0.893737610567,0.768714217137
LPF,24,24,1.000,0.00251132357358,0.00251153713074,0.917844593525,0.00355172733475,1,0,0,0.907214094076,0.780020214632
LPF,24,25,1.000,0.00255326255991,0.0025534759495,0.917845129967,0.00361104823769,1,0,0,0.920725197047,0.791342994674
LPF,24,26,1.000,0.00259575310529,0.00259596638937,0.917845666409,0.00367114917929,1,0,0,0.934785996197,0.802689063508
LPF,24,27,1.000,0.00263883118917,0.00263904442925,0.91784620285,0.00373208105192,1,0,0,0.950273616343,0.814064448612
LPF,24,28,1.000,0.00268253260627,0.00268274586452,0.917846739292,0.00379389448634,1,0,0,0.965977708202,0.825474765264
LPF,24,29,1.000,0.00272689315402,0.0027271064923,0.917847216129,0.00385664011676,1,0,0,0.981909260165,0.836925272477
LPF,24,30,1.000,0.0027719488343,0.00277216231205,0.917847752571,0.00392036886628,1,0,0,0.998079153861,0.84842092032
LPF,24,31,1.000,0.00281773601067,0.00281794968866,0.917848229408,0.00398513216934,1,0,0,1.01449821064,0.859966390201
LPF,24,32,1.000,0.00286429157571,0.0028645055159,0.917848706245,0.00405098220832,1,0,0,1.03117723264,0.871634801149
LPF,24,33,1.000,0.00291165309481,0.00291186736005,0.917849242687,0.00411797211711,1,0,0,1.04812703939,0.883408657518
LPF,24,34,1.000,0.00295985894881,0.00296007359904,0.917849719524,0.00418615618262,1,0,0,1.06535850078,0.89524676835
LPF,24,35,1.000,0.00300894847898,0.00300916357541,0.917850196362,0.00425559005012,1,0,0,1.0828825671,0.907153047796
LPF,24,36,1.000,0.00305896211493,0.00305917772128,0.917850673199,0.00432633090401,1,0,0,1.10071029651,0.921967417023
LPF,24,37,1.000,0.00310994152126,0.0031101577027,0.917851150036,0.00439843767532,1,0,0,1.11885288066,0.93723543853
LPF,24,38,1.000,0.00316192972136,0.00316214654106,0.917851626873,0.00447197121675,1,0,0,1.13732166846,0.952775635461
LPF,24,39,1.000,0.00321497124591,0.00321518877039,0.91785210371,0.00454699451276,1,0,0,1.15612818869,0.968597328732
LPF,24,40,1.000,0.00326911228055,0.00326933057758,0.917852520943,0.00462357288851,1,0,0,1.17528417136,0.9847099906
LPF,24,41,1.000,0.00332440079571,0.00332461993168,0.91785299778,0.00470177419337,1,0,0,1.1948015683,1.00112326117
LPF,24,42,1.000,0.00338088672074,0.00338110676771,0.917853474617,0.00478166904726,1,0,0,1.21486201735,1.01784696431
LPF,24,43,1.000,0.00343862208774,0.00343884311587,0.917853951454,0.00486333104418,1,0,0,1.23553317124,1.03489112312
LPF,24,44,1.000,0.00349766121237,0.00349788329417,0.917854368687,0.0049468370077,1,0,0,1.25666599175,1.05226597507
LPF,24,45,1.000,0.0035580608713,0.00355828408212,0.917854845524,0.0050322672423,1,0,0,1.27827944944,1.06998198686
LPF,24,46,1.000,0.00361988048201,0.00362010489695,0.917855262756,0.00511970578734,1,0,0,1.30039324483,1.08810576897
LPF,24,47,1.000,0.00368318231683,0.00368340801743,0.917855739594,0.00520924072004,1,0,0,1.32302785272,1.10660782928
LPF,24,48,1.000,0.00374803171559,0.00374825878331,0.917856156826,0.00530096445608,1,0,0,1.34620456807,1.12548841096
LPF,24,49,1.000,0.00381449731478,0.00381472583174,0.917856574059,0.00539497407386,1,0,0,1.36994555373,1.1447592134
LPF,24,50,1.000,0.00388265129728,0.00388288135139,0.917857050896,0.00549137166764,1,0,0,1.39427389012,1.1644322433
LPF,24,51,1.000,0.00395256966226,0.00395280134012,0.917857468128,0.00559026472923,1,0,0,1.41921362705,1.18451982962
LPF,24,52,1.000,0.00402433251765,0.0040245659134,0.917857885361,0.00569176656181,1,0,0,1.44484689307,1.20576228028
LPF,24,53,1.000,0.00409802437653,0.00409825958427,0.917858362198,0.00579599669899,1,0,0,1.4712191791,1.22769515449
LPF,24,54,1.000,0.00417373452104,0.00417397164352,0.91785877943,0.00590308141956,1,0,0,1.49831024363,1.25020519753
LPF,24,55,1.000,0.00425155735606,0.00425179649134,0.917859196663,0.00601315424777,1,0,0,1.52615280082,1.27331602953
LPF,24,56,1.000,0.00433159281187,0.00433183406934,0.917859613895,0.00612635652282,1,0,0,1.55478131757,1.29705230071
LPF,24,57,1.000,0.00441394677432,0.00441419026215,0.917860031128,0.00624283800723,1,0,0,1.58423213024,1.3214397463
LPF,24,58,1.000,0.00449873158164,0.00449897742081,0.917860507965,0.00636275758959,1,0,0,1.61454356937,1.34650524422
LPF,24,59,1.000,0.00458606652073,0.00458631482813,0.917860925198,0.00648628398648,1,0,0,1.64575786113,1.37237397226
LPF,24,60,1.000,0.00467607841492,0.00467632931257,0.91786134243,0.00661359657371,1,0,0,1.67797076005,1.39919662133
LPF,24,61,1.000,0.00476890224388,0.0047691558666,0.917861759663,0.00674488626326,1,0,0,1.71118754265,1.42684526184
LPF,24,62,1.000,0.0048646818307,0.0048649383135,0.917862176895,0.00688035647492,1,0,0,1.74545883061,1.45535969388
LPF,24,63,1.000,0.00496357059644,0.00496383008536,0.917862594128,0.00702022420357,1,0,0,1.78083846423,1.4847820012
LPF,24,64,1.000,0.00506573240182,0.00506599504159,0.91786301136,0.00716472120959,1,0,0,1.81738375321,1.51515670425
LPF,24,65,1.000,0.00517134246497,0.00517160841586,0.917863428593,0.00731409531703,1,0,0,1.85515574903,1.54653092402
LPF,24,66,1.000,0.00528058837513,0.00528085780176,0.917863845825,0.00746861184719,1,0,0,1.89425155337,1.57906677438
LPF,24,67,1.000,0.00539367123832,0.00539394431319,0.917864203453,0.00762855523918,1,0,0,1.93472012941,1.61276275597
LPF,24,68,1.000,0.00551080691614,0.00551108382023,0.917864620686,0.00779423080192,1,0,0,1.97663618629,1.64765605764
LPF,24,69,1.000,0.0056322274332,0.00563250835901,0.917865037918,0.00796596670483,1,0,0,2.02008170551,1.68381275774
LPF,24,70,1.000,0.00575818252902,0.00575846768337,0.917865455151,0.00814411617283,1,0,0,2.06514470579,1.72130350806
LPF,24,71,1.000,0.00588894140567,0.0058892309966,0.917865872383,0.00832905995805,1,0,0,2.11194017092,1.76020390631
LPF,24,72,1.000,0.00602479466236,0.00602508891956,0.917866289616,0.00852120907616,1,0,0,2.16056033751,1.80066707583
LPF,24,73,1.000,0.00616605649547,0.00616635565715,0.917866706848,0.00872100791799,1,0,0,2.21111332971,1.84275766691
LPF,24,74,1.000,0.00631306715374,0.00631337147698,0.917867064476,0.00892893772207,1,0,0,2.26371979104,1.88655019708
LPF,24,75,1.000,0.00646619570957,0.00646650546004,0.917867481709,0.00914552049428,1,0,0,2.31852053338,1.932151008
LPF,24,76,1.000,0.00662584317785,0.00662615864161,0.917867898941,0.00937132341911,1,0,0,2.37566001465,1.97967499029
LPF,24,77,1.000,0.00679244608947,0.00679276757373,0.917868316174,0.00960696391381,1,0,0,2.43528619609,2.02926701546
LPF,24,78,1.000,0.00696648051509,0.00696680834194,0.917868673801,0.00985311531956,1,0,0,2.49756828486,2.08112076245
LPF,24,79,1.000,0.00714846664332,0.00714880116423,0.917869091034,0.0101105133768,1,0,0,2.56270636171,2.1353310655
LPF,24,80,1.000,0.00733897406216,0.00733931564831,0.917869508266,0.0103799636949,1,0,0,2.63089330214,2.19206301728
LPF,24,81,1.000,0.00753862772846,0.00753897677641,0.917869865894,0.0106623501955,1,0,0,2.70235056603,2.2514968106
LPF,24,82,1.000,0.00774811493807,0.00774847187264,0.917870283127,0.0109586449708,1,0,0,2.77733469781,2.31387288722
LPF,24,83,1.000,0.00796819325083,0.00796855853561,0.917870700359,0.0112699194923,1,0,0,2.85610968531,2.37944801525
LPF,24,84,1.000,0.00819969977755,0.00820007390816,0.917871057987,0.0115973577461,1,0,0,2.93897346048,2.44851180028
LPF,24,85,1.000,0.00844356185533,0.0084439453651,0.91787147522,0.011942271332,1,0,0,3.0262670785,2.52126365035
LPF,24,86,1.000,0.00870080961867,0.00870120308851,0.917871892452,0.0123061172434,1,0,0,3.11834936971,2.59800898712
LPF,24,87,1.000,0.00897259060787,0.00897299466423,0.91787225008,0.0126905185292,1,0,0,3.21563867323,2.67909230859
LPF,24,88,1.000,0.00926018703769,0.00926060236292,0.917872667313,0.0130972887181,1,0,0,3.31858949617,2.76489402397
LPF,24,89,1.000,0.00956503614246,0.00956546348267,0.91787302494,0.0135284605939,1,0,0,3.42771860872,2.85584484926
LPF,24,90,1.000,0.00988875435777,0.00988919452391,0.917873442173,0.0139863203979,1,0,0,3.54360414669,2.95242559476
LPF,24,91,1.000,0.0102331661651,0.0102336200519,0.917873859406,0.0144734486255,1,0,0,3.6668993008,3.05518133795
LPF,24,92,1.000,0.0106003386826,0.010600807268,0.917874217033,0.0149927689505,1,0,0,3.7983441219,3.16472906288
LPF,24,93,1.000,0.0109926234213,0.0109931077853,0.917874634266,0.0155476072843,1,0,0,3.93878101673,3.28176911848
LPF,24,94,1.000,0.0114127069077,0.0114132082505,0.917874991894,0.0161417633742,1,0,0,4.08916991429,3.40710530688
LPF,24,95,1.000,0.0118636726147,0.0118641922553,0.917875409126,0.0167795983978,1,0,0,4.25061810304,3.54165578994
LPF,24,96,1.000,0.0123490770926,0.0123496165102,0.917875766754,0.0174661426398,1,0,0,4.42439242755,3.68648157618
LPF,24,97,1.000,0.0128730442901,0.012873605148,0.917876183987,0.0182072288974,1,0,0,4.61197858031,3.84281552863
LPF,24,98,1.000,0.0134403834735,0.013440967619,0.917876541615,0.0190096592616,1,0,0,4.81508827599,4.01209017647
LPF,24,99,1.000,0.0140567377448,0.0140573473051,0.917876958847,0.019881415177,1,0,0,5.03574605255,4.19598922337
LPF,24,100,1.000,0.0147287730103,0.0147294103521,0.917877316475,0.0208319247139,1,0,0,5.27633824893,4.3965044072
LPF,24,101,1.000,0.0154644205836,0.0154650884349,0.917877733707,0.0218724056993,1,0,0,5.53969803544,4.61599966738
LPF,24,102,1.000,0.0162731926632,0.0162738941676,0.917878091335,0.023016311919,1,0,0,5.82923059001,4.85731299619
LPF,24,103,1.000,0.0171665966987,0.0171673354778,0.917878508568,0.0242799191859,1,0,0,6.14905887851,5.1238798346
LPF,24,104,1.000,0.0181586876071,0.0181594678876,0.917878866196,0.025683106379,1,0,0,6.50420316931,5.41989316843
LPF,24,105,1.000,0.0192668140133,0.0192676407714,0.917879283428,0.027250410905,1,0,0,6.90086816137,5.75052754199
LPF,24,106,1.000,0.0205126431197,0.0205135222561,0.917879641056,0.0290124782454,1,0,0,7.3468006039,6.1222480303
LPF,24,107,1.000,0.0219235937659,0.0219245323414,0.917880058289,0.0310080888347,1,0,0,7.85179907909,6.54323579382
LPF,24,108,1.000,0.0226717365438,0.0226727183594,0.917880415916,0.0320662378796,1,20697,0,8.1280057083,6.76827503574
LPF,24,109,1.000,0.022840328304,0.0228413241691,0.917880833149,0.0323046856864,1,25419,0,8.1936464973,6.82431890851
LPF,24,110,1.000,0.0229581412361,0.022959143563,0.917881190777,0.0324713162984,1,28273,0,8.24012821,6.86553023687
LPF,24,111,1.000,0.0230540178916,0.0230550056757,0.917881608009,0.0326069238587,1,30416,0,8.28024777542,6.89888985652
LPF,24,112,1.000,0.023137031206,0.0231380035645,0.917881965637,0.0327243404378,1,32167,0,8.31547169421,6.92923064758
LPF,24,113,1.000,0.023211330783,0.02321227468,0.91788238287,0.0328294349208,1,33694,0,8.3469540955,6.95516332525
LPF,24,114,1.000,0.0232792118592,0.0232801101627,0.917882740498,0.0329254531085,1,35063,0,8.37588402374,6.97957234805
LPF,24,115,1.000,0.0233420921037,0.0233429431062,0.917883098125,0.0330143995149,1,36299,0,8.40291432678,7.00373804295
LPF,24,116,1.000,0.0234009020537,0.0234016985882,0.917883515358,0.0330975899721,1,37429,0,8.4284994857,7.02537161065
LPF,24,117,1.000,0.023456294279,0.0234570264285,0.917883872986,0.0331759470609,1,38494,0,8.45288666181,7.04547130231
LPF,24,118,1.000,0.0235087492256,0.0235094105517,0.917884290218,0.0332501498438,1,39487,0,8.47600420387,7.06415387118
LPF,24,119,1.000,0.0235586303921,0.0235592131601,0.917884647846,0.0333207117932,1,40432,0,8.49800578587,7.0820355484
LPF,24,120,1.000,0.0236062167802,0.0236067156389,0.917885065079,0.033388027012,1,41330,0,8.51908345863,7.10067435593
LPF,24,121,1.000,0.0236517302744,0.0236521358257,0.917885422707,0.033452408813,1,42204,0,8.5393775829,7.12153338922
LPF,24,122,1.000,0.0236953517329,0.0236956667093,0.917885780334,0.0335141125594,1,42999,0,8.55899353665,7.14048865979
LPF,24,123,1.000,0.0237372345722,0.0237374444301,0.917886197567,0.0335733548581,1,43785,0,8.57802050907,7.15750792398
LPF,24,124,1.000,0.0237775102266,0.0237776176684,0.917886555195,0.0336303211191,1,44525,0,8.59653682816,7.17502698529
LPF,24,125,1.000,0.0238162876931,0.0238162759887,0.917886972427,0.0336851649996,1,45274,0,8.61448733616,7.19725245101
LPF,24,126,1.000,0.0238536601398,0.0238535334693,0.917887330055,0.0337380179022,1,45969,0,8.63185531898,7.22238884803
LPF,24,127,1.000,0.0238897097723,0.0238894618387,0.917887687683,0.0337889956516,1,46667,0,8.64871268126,7.24427503801
HPF,12,0,0.001,1.67786076844e-06,1.67796484595e-06,0.000919233774766,2.3722625226e-06,1,0,0,0.000590668706776,0.000418851033664
HPF,12,1,0.001,1.84479318309e-06,1.84487396232e-06,0.000919292855542,2.60834367406e-06,1,0,0,0.000626035197502,0.000459982825924
HPF,12,2,0.001,1.92409003067e-06,1.92416072435e-06,0.000919320678804,2.72048601492e-06,1,0,0,0.000641979813666,0.000479905195772
HPF,12,3,0.001,1.98971827999e-06,1.98978103083e-06,0.000919343496207,2.81329736019e-06,1,0,0,0.000654784957782,0.000496366393034
HPF,12,4,0.001,2.04862762932e-06,2.04868353036e-06,0.000919363810681,2.89660633833e-06,1,0,0,0.000665989416623,0.00051111785908
HPF,12,5,0.001,2.10349647559e-06,2.10354621611e-06,0.000919382611755,2.97420088163e-06,1,0,0,0.000676187318703,0.000524834149226
HPF,12,6,0.001,2.15569493042e-06,2.1557389885e-06,0.000919400365092,3.04801867601e-06,1,0,0,0.000685682490164,0.000537859874832
HPF,12,7,0.001,2.20603692346e-06,2.20607565767e-06,0.000919417303521,3.11921082476e-06,1,0,0,0.000694654939504,0.000550399327849
HPF,12,8,0.001,2.25505436535e-06,2.25508805118e-06,0.000919433659874,3.18852958433e-06,1,0,0,0.000703221667514,0.000562585604725
HPF,12,9,0.001,2.30311905707e-06,2.30314791463e-06,0.000919449492358,3.25650077508e-06,1,0,0,0.00071146376418,0.000574511349894
HPF,12,10,0.001,2.35050443318e-06,2.35052864096e-06,0.000919465033803,3.32351110194e-06,1,0,0,0.000719440154317,0.000586244323071
HPF,12,11,0.001,2.3974198509e-06,2.39743955885e-06,0.000919480226003,3.38985664778e-06,1,0,0,0.000730536372416,0.000597836044812
HPF,12,12,0.001,2.44403101207e-06,2.4440463434e-06,0.000919495185371,3.45577175544e-06,1,0,0,0.000744620191253,0.000609326943828
HPF,12,13,0.001,2.49047280873e-06,2.49048386849e-06,0.00091950991191,3.52144719461e-06,1,0,0,0.000758532448472,0.000620749593059
HPF,12,14,0.001,2.5368577707e-06,2.5368646463e-06,0.000919524522033,3.58704210881e-06,1,0,0,0.000772307863152,0.000632130835473
HPF,12,15,0.001,2.58328182504e-06,2.5832845942e-06,0.000919538957532,3.65269216083e-06,1,0,0,0.000785975213632,0.000643493232013
HPF,12,16,0.001,2.62982834174e-06,2.62982706602e-06,0.000919553276617,3.71851525437e-06,1,0,0,0.000799558725521,0.000654856078304
HPF,12,17,0.001,2.67657106907e-06,2.67656580382e-06,0.000919567479286,3.78461568523e-06,1,0,0,0.00081307907194,0.000666236137365
HPF,12,18,0.001,2.72357629121e-06,2.72356708558e-06,0.000919581623748,3.851087193e-06,1,0,0,0.000826554110514,0.000677807771786
HPF,12,19,0.001,2.77090446766e-06,2.77089135846e-06,0.000919595651794,3.91801527941e-06,1,0,0,0.000839999437059,0.000689582133403
HPF,12,20,0.001,2.81861149023e-06,2.81859451154e-06,0.000919609679841,3.98547898609e-06,1,0,0,0.000853428808686,0.000701442705383
HPF,12,21,0.001,2.86674967589e-06,2.86672885309e-06,0.000919623649679,4.05355229876e-06,1,0,0,0.00086685447208,0.000713401493653
HPF,12,22,0.001,2.91536854268e-06,2.91534389883e-06,0.000919637619518,4.12230524447e-06,1,0,0,0.000880287421647,0.000725469730515
HPF,12,23,0.001,2.96451545408e-06,2.9644870049e-06,0.000919651531149,4.19180480297e-06,1,0,0,0.000893737605024,0.000737658026534
HPF,12,24,0.001,3.01423613542e-06,3.01420389171e-06,0.00091966544278,4.26211563705e-06,1,0,0,0.000907214088483,0.000749976493811
HPF,12,25,0.001,3.06457511703e-06,3.06453908535e-06,0.000919679296203,4.33330071917e-06,1,0,0,0.000920725191404,0.000762434847227
HPF,12,26,0.001,3.11557609852e-06,3.11553628876e-06,0.000919693207834,4.40542184672e-06,1,0,0,0.000934786000157,0.000775042488568
HPF,12,27,0.001,3.16728227161e-06,3.16723868134e-06,0.000919707119465,4.47854009858e-06,1,0,0,0.000950273620302,0.000787808577204
HPF,12,28,0.001,3.21973658873e-06,3.21968921333e-06,0.000919720972888,4.55271621493e-06,1,0,0,0.00096597771216,0.000800848977122
HPF,12,29,0.001,3.27298203163e-06,3.27293086759e-06,0.000919734884519,4.62801097708e-06,1,0,0,0.00098190926412,0.000814095152502
HPF,12,30,0.001,3.32706179958e-06,3.32700683239e-06,0.000919748854358,4.70448547381e-06,1,0,0,0.000998079157812,0.000827544295311
HPF,12,31,0.001,3.38201954761e-06,3.38196076814e-06,0.000919762765989,4.78220143803e-06,1,0,0,0.00101449821459,0.000841206430737
HPF,12,32,0.001,3.43789955494e-06,3.43783694571e-06,0.000919776794035,4.86122148522e-06,1,0,0,0.00103117723658,0.00085509164758
HPF,12,33,0.001,3.49474690731e-06,3.49468044781e-06,0.000919790763874,4.94160937106e-06,1,0,0,0.00104812704332,0.000869210133714
HPF,12,34,0.001,3.55260767965e-06,3.55253735024e-06,0.00091980479192,5.02343024991e-06,1,0,0,0.00106535850471,0.000883572208819
HPF,12,35,0.001,3.61152908938e-06,3.61145486561e-06,0.000919818878174,5.10675089148e-06,1,0,0,0.00108288257101,0.000898188354937
HPF,12,36,0.001,3.67155966311e-06,3.67148151398e-06,0.000919833022635,5.1916399167e-06,1,0,0,0.00110071030041,0.000913069245321
HPF,12,37,0.001,3.73274940789e-06,3.73266730726e-06,0.000919847167097,5.27816803978e-06,1,0,0,0.00111885288455,0.000928225771953
HPF,12,38,0.001,3.7951499703e-06,3.79506387922e-06,0.000919861369766,5.36640829318e-06,1,0,0,0.00113732167234,0.000943669072059
HPF,12,39,0.001,3.858814793e-06,3.8587246781e-06,0.000919875572436,5.45643624911e-06,1,0,0,0.00115612819255,0.000959410553886
HPF,12,40,0.001,3.92379931226e-06,3.92370512922e-06,0.00091988989152,5.5483302987e-06,1,0,0,0.0011752841752,0.000975461921995
HPF,12,41,0.001,3.99016110834e-06,3.99006282089e-06,0.000919904210605,5.64217186476e-06,1,0,0,0.00119480157213,0.00099195993129
HPF,12,42,0.001,4.05796010795e-06,4.05785766496e-06,0.000919918646105,5.73804568803e-06,1,0,0,0.00121486200371,0.00100881640695
HPF,12,43,0.001,4.12725876791e-06,4.1271521216e-06,0.000919933081605,5.8360400869e-06,1,0,0,0.00123553315752,0.00102604382921
HPF,12,44,0.001,4.19812227857e-06,4.19801137903e-06,0.000919947575312,5.93624724508e-06,1,0,0,0.00125666597793,0.00104365789491
HPF,12,45,0.001,4.27061878519e-06,4.27050357199e-06,0.000919962127227,6.03876352461e-06,1,0,0,0.00127827943553,0.00106167494495
HPF,12,46,0.001,4.34481960631e-06,4.34470002155e-06,0.00091997673735,6.1436897747e-06,1,0,0,0.00130039323084,0.00108011200804
HPF,12,47,0.001,4.42079949147e-06,4.42067547374e-06,0.000919991405681,6.25113169615e-06,1,0,0,0.00132302783865,0.00109898684629
HPF,12,48,0.001,4.49863685899e-06,4.49850833873e-06,0.000920006190427,6.36120017753e-06,1,0,0,0.00134620455391,0.00111831800307
HPF,12,49,0.001,4.57841409501e-06,4.57828100109e-06,0.000920020975173,6.47401171812e-06,1,0,0,0.00136994553948,0.00113814467195
HPF,12,50,0.001,4.66021783805e-06,4.66008009852e-06,0.000920035876334,6.58968883022e-06,1,0,0,0.00139427387578,0.00115848098067
HPF,12,51,0.001,4.74413931143e-06,4.74399684583e-06,0.000920050777495,6.70836050934e-06,1,0,0,0.00141921361263,0.00117934374058
HPF,12,52,0.001,4.83027465375e-06,4.83012737786e-06,0.000920065795071,6.83016270137e-06,1,0,0,0.00144484687233,0.00120075685317
HPF,12,53,0.001,4.91872531968e-06,4.91857314564e-06,0.000920080870856,6.95523886942e-06,1,0,0,0.00147121915809,0.00122274553812
HPF,12,54,0.001,5.00959846552e-06,5.00944129928e-06,0.000920096004847,7.08374053896e-06,1,0,0,0.00149831022233,0.00124533643448
HPF,12,55,0.001,5.10300739607e-06,5.10284514187e-06,0.000920111255255,7.21582792979e-06,1,0,0,0.00152615277924,0.00126855771063
HPF,12,56,0.001,5.19907206073e-06,5.19890461173e-06,0.000920126505662,7.35167065752e-06,1,0,0,0.00155478129571,0.00129243918383
HPF,12,57,0.001,5.29791955269e-06,5.29774679967e-06,0.000920141872484,7.49144843939e-06,1,0,0,0.00158423210808,0.0013170124505
HPF,12,58,0.001,5.39968470553e-06,5.39950653819e-06,0.000920157297514,7.63535193803e-06,1,0,0,0.00161454354691,0.00134231102845
HPF,12,59,0.001,5.5045106976e-06,5.5043269881e-06,0.00092017283896,7.78358361601e-06,1,0,0,0.0016457578509,0.0013683705123
HPF,12,60,0.001,5.61254974805e-06,5.61236037288e-06,0.000920188438613,7.93635871999e-06,1,0,0,0.00167797074957,0.00139522874372
HPF,12,61,0.001,5.72396386944e-06,5.72376869041e-06,0.000920204096474,8.09390634518e-06,1,0,0,0.0017111875319,0.0014229259982
HPF,12,62,0.001,5.8389256929e-06,5.83872456439e-06,0.00092021987075,8.25647060188e-06,1,0,0,0.00174545881959,0.0014515051902
HPF,12,63,0.001,5.95761935715e-06,5.95741213044e-06,0.000920235703234,8.42431187282e-06,1,0,0,0.00178083845293,0.00148101209891
HPF,12,64,0.001,6.08024154906e-06,6.08002806539e-06,0.000920251593925,8.59770828446e-06,1,0,0,0.00181738374163,0.00151149561718
HPF,12,65,0.001,6.20700256607e-06,6.20678265252e-06,0.000920267601032,8.77695720941e-06,1,0,0,0.00185515573714,0.00154300802639
HPF,12,66,0.001,6.33812757436e-06,6.33790105657e-06,0.000920283666346,8.9623770454e-06,1,0,0,0.00189425155025,0.00157560530048
HPF,12,67,0.001,6.473857955e-06,6.47362463624e-06,0.000920299848076,9.1543091189e-06,1,0,0,0.00193472012607,0.00160934744287
HPF,12,68,0.001,6.61445279631e-06,6.61421248329e-06,0.000920316088013,9.3531197955e-06,1,0,0,0.00197663618271,0.00164429886044
HPF,12,69,0.001,6.76019058881e-06,6.75994306267e-06,0.000920332386158,9.55920287649e-06,1,0,0,0.00202008170169,0.00168052877955
HPF,12,70,0.001,6.91137109131e-06,6.91111613292e-06,0.000920348800719,9.77298223764e-06,1,0,0,0.00206514470171,0.00171811170945
HPF,12,71,0.001,7.06831741704e-06,7.06805478303e-06,0.000920365331694,9.99491477929e-06,1,0,0,0.00211194017555,0.00175712795968
HPF,12,72,0.001,7.23137836516e-06,7.23110780197e-06,0.000920381920878,1.0225493723e-05,1,0,0,0.00216056034203,0.00179766421871
HPF,12,73,0.001,7.40093105467e-06,7.40065228979e-06,0.000920398626477,1.04652523361e-05,1,0,0,0.00221111333411,0.00183981420248
HPF,12,74,0.001,7.577383873e-06,7.57709661973e-06,0.000920415390283,1.07147681013e-05,1,0,0,0.0022637197953,0.00188367966014
HPF,12,75,0.001,7.76117980067e-06,7.76088374873e-06,0.000920432212297,1.09746674178e-05,1,0,0,0.0023185205221,0.00192937057505
HPF,12,76,0.001,7.95280018039e-06,7.95249499903e-06,0.000920449208934,1.12456309311e-05,1,0,0,0.00237566000332,0.00197700660084
HPF,12,77,0.001,8.15276895466e-06,8.15245429596e-06,0.000920466263779,1.1528399525e-05,1,0,0,0.00243528618469,0.00202671798887
HPF,12,78,0.001,8.36165753659e-06,8.3613330249e-06,0.000920483376831,1.18237812096e-05,1,0,0,0.0024975682734,0.00207864678754
HPF,12,79,0.001,8.58009030216e-06,8.579755535e-06,0.000920500606298,1.21326588871e-05,1,0,0,0.00256270637434,0.00213294821298
HPF,12,80,0.001,8.80875089065e-06,8.80840544048e-06,0.000920517952181,1.24559992618e-05,1,0,0,0.00263089331487,0.00218979221527
HPF,12,81,0.001,9.04838943784e-06,9.0480328343e-06,0.000920535356272,1.2794863067e-05,1,0,0,0.00270235057887,0.00224936527335
HPF,12,82,0.001,9.29983086334e-06,9.29946261095e-06,0.000920552876778,1.31504167852e-05,1,0,0,0.0027773347052,0.00231187245863
HPF,12,83,0.001,9.56398447046e-06,9.56360402753e-06,0.000920570513699,1.35239462215e-05,1,0,0,0.00285610969295,0.00237753981554
HPF,12,84,0.001,9.84185498766e-06,9.84146177378e-06,0.000920588208828,1.3916872118e-05,1,0,0,0.00293897348513,0.00244661711713
HPF,12,85,0.001,1.01345554891e-05,1.01341488755e-05,0.000920606020372,1.43307684231e-05,1,0,0,0.0030262671035,0.00251938106673
HPF,12,86,0.001,1.04433223979e-05,1.04429017048e-05,0.000920623948332,1.47673835077e-05,1,0,0,0.00311834939507,0.00259613903207
HPF,12,87,0.001,1.07695330946e-05,1.07690975743e-05,0.000920641934499,1.52286650643e-05,1,0,0,0.00321563865965,0.00267723341833
HPF,12,88,0.001,1.11147265536e-05,1.11142754077e-05,0.000920660095289,1.57167892881e-05,1,0,0,0.00331858948281,0.00276304681122
HPF,12,89,0.001,1.14806278514e-05,1.14801601989e-05,0.00092067825608,1.62341955326e-05,1,0,0,0.00342771858889,0.00285400805323
HPF,12,90,0.001,1.18691771557e-05,1.1868692029e-05,0.000920696591493,1.67836273028e-05,1,0,0,0.00354360412644,0.00295059945668
HPF,12,91,0.001,1.22825643224e-05,1.22820606653e-05,0.000920715043321,1.73681811761e-05,1,0,0,0.0036668993062,0.00305336540975
HPF,12,92,0.001,1.27232704609e-05,1.27227471022e-05,0.000920733553357,1.79913655785e-05,1,0,0,0.00379834412679,0.00316292269972
HPF,12,93,0.001,1.31941179905e-05,1.31935736432e-05,0.000920752179809,1.86571715672e-05,1,0,0,0.00393878101162,0.00327997296702
HPF,12,94,0.001,1.36983314835e-05,1.36977647406e-05,0.000920770922676,1.93701588662e-05,1,0,0,0.00408916990882,0.00340531782162
HPF,12,95,0.001,1.4239611953e-05,1.42390212221e-05,0.00092078972375,2.01355609128e-05,1,0,0,0.00425061809376,0.00353987730952
HPF,12,96,0.001,1.48222281724e-05,1.48216116883e-05,0.000920808699448,2.09594139888e-05,1,0,0,0.00442439241794,0.00368471262983
HPF,12,97,0.001,1.54511300249e-05,1.54504858258e-05,0.000920827733353,2.18487175033e-05,1,0,0,0.00461197856956,0.0038410542896
HPF,12,98,0.001,1.61320899001e-05,1.61314157459e-05,0.000920846883673,2.28116339345e-05,1,0,0,0.00481508826341,0.00401033727658
HPF,12,99,0.001,1.68718810594e-05,1.68711744439e-05,0.000920866150409,2.38577410489e-05,1,0,0,0.00503574603944,0.00419424538037
HPF,12,100,0.001,1.76785043278e-05,1.76777623956e-05,0.00092088553356,2.4998352456e-05,1,0,0,0.00527633822963,0.00439476756377
HPF,12,101,0.001,1.85614794954e-05,1.8560698983e-05,0.000920905033126,2.62469296658e-05,1,0,0,0.00553969803819,0.00461427038782
HPF,12,102,0.001,1.95322236886e-05,1.95314008486e-05,0.000920924590901,2.76196171267e-05,1,0,0,0.00582923059206,0.00485559209018
HPF,12,103,0.001,2.06045489645e-05,2.06036794468e-05,0.000920944323298,2.91359458522e-05,1,0,0,0.006149058851,0.00512216626585
HPF,12,104,0.001,2.17953249983e-05,2.17944037488e-05,0.000920964113902,3.08197704961e-05,1,0,0,0.00650420312889,0.00541818661869
HPF,12,105,0.001,2.31253747743e-05,2.3124395839e-05,0.00092098407913,3.27005359106e-05,1,0,0,0.00690086813379,0.00574882962721
HPF,12,106,0.001,2.46207048005e-05,2.46196611077e-05,0.000921004102565,3.4815016737e-05,1,0,0,0.00734680059749,0.00612056035445
HPF,12,107,0.001,2.63142249982e-05,2.63131080728e-05,0.000921024242416,3.72097494254e-05,1,0,0,0.00785179908131,0.00654156002628
HPF,12,108,0.001,2.82482023546e-05,2.82470019206e-05,0.00092104455689,3.99445018341e-05,1,0,0,0.00842844662847,0.00702233596599
HPF,12,109,0.001,3.04778408317e-05,3.04765442336e-05,0.000921064929571,4.309733542e-05,1,0,0,0.00909318060404,0.00757661156303
HPF,12,110,0.001,3.30766412474e-05,3.30752327083e-05,0.000921085418668,4.67721844066e-05,1,0,0,0.00986784041869,0.00822265870271
HPF,12,111,0.001,3.61446666324e-05,3.61431260795e-05,0.00092110602418,5.1110543456e-05,1,0,0,0.0107828679562,0.00898535248213
HPF,12,112,0.001,3.98217330583e-05,3.98200344265e-05,0.000921126804315,5.63101202297e-05,1,0,0,0.0118797846456,0.00989945037598
HPF,12,113,0.001,4.43093280025e-05,4.43074366264e-05,0.000921147642657,6.26558291693e-05,1,0,0,0.0132184922915,0.0110150410154
HPF,12,114,0.001,4.99088280843e-05,4.99066963744e-05,0.000921168597415,7.05738334897e-05,1,0,0,0.014888894101,0.0124070448892
HPF,12,115,0.001,5.70921574556e-05,5.70897177418e-05,0.000921189726796,8.07314600542e-05,1,0,0,0.0170317599329,0.0141927796594
HPF,12,116,0.001,6.66423083978e-05,6.66394593442e-05,0.000921210914385,9.4235903272e-05,1,0,0,0.0198805870024,0.0165668927047
HPF,12,117,0.001,7.99602088934e-05,7.99567893512e-05,0.000921232276596,0.000113068152825,1,0,0,0.0238532532275,0.0198776467145
HPF,12,118,0.001,9.98241499389e-05,9.98198798373e-05,0.000921253697015,0.000141156865908,1,0,0,0.0297788877714,0.0248157088717
HPF,12,119,0.001,0.000132634190776,0.00013262851634,0.000921275292058,0.000187552080408,1,0,0,0.0395665171437,0.0329720972834
HPF,12,120,0.001,0.000197167010955,0.000197158574961,0.000921297003515,0.000278805060142,1,0,0,0.0588175042654,0.0490145868861
HPF,12,121,0.001,0.000382495284836,0.000382478919448,0.000921318831388,0.000540869495117,1,0,0,0.114103361017,0.095086134183
HPF,12,122,0.001,0.00488070337083,0.0045581994366,0.00762204034254,0.00688180891187,1,0,0,1.60834368351,1.34021797616
HPF,12,123,0.001,0.0273104417094,0.0273122691304,0.0386061035097,0.0385345380613,1,20170,0,8.15661071185,6.794284677
HPF,12,124,0.001,0.0274816902339,0.0274863345641,0.0388188436627,0.0376157259512,1,24995,0,8.2144310439,6.84229519175
HPF,12,125,0.001,0.0276080283187,0.0276075598326,0.0389564707875,0.0308864877578,1,27798,0,8.25754944716,6.87876551798
HPF,12,126,0.001,0.0277240514298,0.0277215692711,0.0390564389527,0.0173191225298,1,29980,0,8.29410537535,6.90932616346
HPF,12,127,0.001,0.0278215139167,0.0278214499872,0.0391349568963,0.00383595998657,1,31779,0,8.32605876589,6.93633292645
HPF,12,0,1.000,0.00167786076865,0.00167796484578,0.918051660061,0.0023722625229,1,0,0,0.590668706109,0.418851036983
HPF,12,1,1.000,0.00184479318165,0.00184487396132,0.918103635311,0.002608343672,1,0,0,0.626035196731,0.459982826887
HPF,12,2,1.000,0.00192409003127,0.00192416072498,0.918128073215,0.00272048601575,1,0,0,0.641979812847,0.479905196806
HPF,12,3,1.000,0.00198971827932,0.0019897810303,0.918148159981,0.00281329735925,1,0,0,0.654784956924,0.496366394127
HPF,12,4,1.000,0.00204862762994,0.00204868353067,0.918166041374,0.0028966063392,1,0,0,0.665989415729,0.511117860227
HPF,12,5,1.000,0.00210349647635,0.00210354621602,0.918182551861,0.00297420088269,1,0,0,0.676187317777,0.524834150424
HPF,12,6,1.000,0.00215569492977,0.00215573898887,0.918198108673,0.00304801867508,1,0,0,0.685682489208,0.537859876079
HPF,12,7,1.000,0.00220603692318,0.00220607565795,0.918213009834,0.00311921082435,1,0,0,0.694654938519,0.550399329143
HPF,12,8,1.000,0.00225505436473,0.00225508805077,0.918227374554,0.00318852958344,1,0,0,0.703221666501,0.562585606065
HPF,12,9,1.000,0.00230311905745,0.00230314791508,0.918241322041,0.00325650077563,1,0,0,0.711463763142,0.57451135128
HPF,12,10,1.000,0.00235050443379,0.00235052864139,0.918254971504,0.00332351110279,1,0,0,0.719440153252,0.586244324503
HPF,12,11,1.000,0.00239741985212,0.00239743956044,0.918268322945,0.00338985664949,1,0,0,0.73053637731,0.59783604629
HPF,12,12,1.000,0.00244403101188,0.0024440463425,0.918281435966,0.00345577175517,1,0,0,0.744620196205,0.609326945351
HPF,12,13,1.000,0.0024904728071,0.00249048386579,0.918294370174,0.00352144719231,1,0,0,0.758532453483,0.620749594627
HPF,12,14,1.000,0.00253685776951,0.00253686464576,0.918307185173,0.00358704210711,1,0,0,0.772307868219,0.632130837088
HPF,12,15,1.000,0.00258328182453,0.00258328459289,0.918319880962,0.00365269216011,1,0,0,0.785975218754,0.643493233673
HPF,12,16,1.000,0.00262982834157,0.00262982706742,0.918332397938,0.00371851525411,1,0,0,0.799558730698,0.65485608001
HPF,12,17,1.000,0.00267657107005,0.00267656580547,0.918344914913,0.00378461568662,1,0,0,0.813079077171,0.666236139118
HPF,12,18,1.000,0.00272357629181,0.00272356708589,0.918357312679,0.00385108719385,1,0,0,0.826554115798,0.677807767519
HPF,12,19,1.000,0.00277090446654,0.00277089135752,0.918369650841,0.00391801527782,1,0,0,0.839999442395,0.689582129108
HPF,12,20,1.000,0.0028186114904,0.00281859451217,0.918381929398,0.00398547898632,1,0,0,0.853428814075,0.701442701062
HPF,12,21,1.000,0.00286674967573,0.00286672885289,0.918394207954,0.00405355229854,1,0,0,0.866854477521,0.713401489307
HPF,12,22,1.000,0.00291536854334,0.00291534389997,0.918406426907,0.00412230524539,1,0,0,0.880287427139,0.725469726144
HPF,12,23,1.000,0.00296451545605,0.0029644870063,0.918418645859,0.00419180480575,1,0,0,0.893737610567,0.73765802214
HPF,12,24,1.000,0.00301423613658,0.00301420389334,0.918430864811,0.00426211563867,1,0,0,0.907214094076,0.749976489394
HPF,12,25,1.000,0.00306457511746,0.00306453908942,0.918443024158,0.00433330071976,1,0,0,0.920725197047,0.762434842788
HPF,12,26,1.000,0.00311557609778,0.00311553628801,0.918455243111,0.00440542184568,1,0,0,0.934785996197,0.775042484109
HPF,12,27,1.000,0.00316728227084,0.00316723868089,0.918467402458,0.00447854009748,1,0,0,0.950273616343,0.787808572725
HPF,12,28,1.000,0.00321973659047,0.00321968921582,0.918479561806,0.00455271621737,1,0,0,0.965977708202,0.800848976902
HPF,12,29,1.000,0.00327298202954,0.00327293086291,0.918491780758,0.00462801097411,1,0,0,0.981909260165,0.814095152252
HPF,12,30,1.000,0.00332706179888,0.0033270068324,0.91850399971,0.00470448547282,1,0,0,0.998079153861,0.827544295031
HPF,12,31,1.000,0.00338201954575,0.00338196076633,0.918516218662,0.00478220143539,1,0,0,1.01449821064,0.841206430427
HPF,12,32,1.000,0.00343789955274,0.0034378369434,0.918528497219,0.0048612214821,1,0,0,1.03117723264,0.85509164724
HPF,12,33,1.000,0.00349474690776,0.00349468045062,0.918540775776,0.0049416093717,1,0,0,1.04812703939,0.869210133343
HPF,12,34,1.000,0.00355260768093,0.00355253735066,0.918553054333,0.00502343025171,1,0,0,1.06535850078,0.883572208417
HPF,12,35,1.000,0.0036115290898,0.00361145486674,0.918565392494,0.00510675089206,1,0,0,1.0828825671,0.898188354505
HPF,12,36,1.000,0.00367155966426,0.00367148151737,0.918577730656,0.00519163991831,1,0,0,1.10071029651,0.913069244858
HPF,12,37,1.000,0.00373274940818,0.00373266730649,0.918590128422,0.00527816804019,1,0,0,1.11885288066,0.92822577146
HPF,12,38,1.000,0.0037951499672,0.00379506387702,0.918602585793,0.00536640828881,1,0,0,1.13732166846,0.943669071535
HPF,12,39,1.000,0.0038588147926,0.00385872467825,0.918615043163,0.00545643624855,1,0,0,1.15612818869,0.959410553331
HPF,12,40,1.000,0.00392379931151,0.00392370512993,0.918627560139,0.00554833029764,1,0,0,1.17528417136,0.975461921409
HPF,12,41,1.000,0.00399016110771,0.00399006282068,0.918640136719,0.00564217186386,1,0,0,1.1948015683,0.991959941401
HPF,12,42,1.000,0.00405796010813,0.00405785766545,0.918652772903,0.00573804568826,1,0,0,1.21486201735,1.00881641721
HPF,12,43,1.000,0.00412725876723,0.00412715212237,0.918665409088,0.00583604008593,1,0,0,1.23553317124,1.02604383963
HPF,12,44,1.000,0.00419812227573,0.00419801137572,0.918678104877,0.00593624724105,1,0,0,1.25666599175,1.04365790547
HPF,12,45,1.000,0.00427061878405,0.00427050357155,0.918690860271,0.00603876352302,1,0,0,1.27827944944,1.06167495567
HPF,12,46,1.000,0.00434481960587,0.00434470002274,0.918703615665,0.00614368977409,1,0,0,1.30039324483,1.08011201892
HPF,12,47,1.000,0.00442079949275,0.00442067547491,0.918716490269,0.00625113169796,1,0,0,1.32302785272,1.09898685733
HPF,12,48,1.000,0.00449863686057,0.00449850834116,0.918729364872,0.00636120017977,1,0,0,1.34620456807,1.11831801426
HPF,12,49,1.000,0.00457841409835,0.00457828100731,0.918742358685,0.00647401172284,1,0,0,1.36994555373,1.13814466317
HPF,12,50,1.000,0.00466021784048,0.00466008009881,0.918755352497,0.00658968883365,1,0,0,1.39427389012,1.15848097179
HPF,12,51,1.000,0.00474413931286,0.0047439968452,0.918768405914,0.00670836051135,1,0,0,1.41921362705,1.17934373159
HPF,12,52,1.000,0.00483027465315,0.00483012737723,0.918781578541,0.00683016270051,1,0,0,1.44484689307,1.20075684408
HPF,12,53,1.000,0.00491872531751,0.00491857314449,0.918794751167,0.00695523886636,1,0,0,1.4712191791,1.22274552892
HPF,12,54,1.000,0.0050095984659,0.00500944130056,0.918807983398,0.00708374053949,1,0,0,1.49831024363,1.24533642518
HPF,12,55,1.000,0.00510300739711,0.00510284514381,0.918821275234,0.00721582793127,1,0,0,1.52615280082,1.26855770122
HPF,12,56,1.000,0.00519907206087,0.00519890461583,0.918834686279,0.00735167065769,1,0,0,1.55478131757,1.29243917431
HPF,12,57,1.000,0.00529791955306,0.00529774680243,0.918848097324,0.00749144843991,1,0,0,1.58423213024,1.31701244087
HPF,12,58,1.000,0.00539968470534,0.00539950653461,0.918861627579,0.00763535193777,1,0,0,1.61454356937,1.34231101871
HPF,12,59,1.000,0.00550451069556,0.00550432698705,0.918875157833,0.0077835836131,1,0,0,1.64575786113,1.36837050244
HPF,12,60,1.000,0.00561254975158,0.00561236037514,0.918888807297,0.00793635872498,1,0,0,1.67797076005,1.39522873374
HPF,12,61,1.000,0.00572396386985,0.00572376869012,0.918902516365,0.00809390634574,1,0,0,1.71118754265,1.42292598811
HPF,12,62,1.000,0.00583892568797,0.00583872456059,0.918916285038,0.0082564705949,1,0,0,1.74545883061,1.45150517999
HPF,12,63,1.000,0.00595761935834,0.00595741213163,0.918930113316,0.0084243118745,1,0,0,1.78083846423,1.48101208857
HPF,12,64,1.000,0.00608024154676,0.00608002806117,0.918944001198,0.00859770828122,1,0,0,1.81738375321,1.51149560672
HPF,12,65,1.000,0.00620700256358,0.00620678265152,0.918957948685,0.00877695720589,1,0,0,1.85515574903,1.54300801581
HPF,12,66,1.000,0.00633812757353,0.00633790105234,0.918972015381,0.00896237704419,1,0,0,1.89425155337,1.57560528977
HPF,12,67,1.000,0.0064738579547,0.00647362463725,0.918986141682,0.00915430911847,1,0,0,1.93472012941,1.60934743203
HPF,12,68,1.000,0.00661445279742,0.00661421248305,0.919000327587,0.00935311979706,1,0,0,1.97663618629,1.64429884947
HPF,12,69,1.000,0.00676019058895,0.00675994306616,0.919014573097,0.00955920287667,1,0,0,2.02008170551,1.68052876845
HPF,12,70,1.000,0.00691137109527,0.00691111613661,0.919028937817,0.00977298224324,1,0,0,2.06514470579,1.71811169822
HPF,12,71,1.000,0.00706831741647,0.00706805478104,0.919043302536,0.00999491477849,1,0,0,2.11194017092,1.75712794831
HPF,12,72,1.000,0.00723137836632,0.00723110780335,0.919057786465,0.0102254937246,1,0,0,2.16056033751,1.7976642072
HPF,12,73,1.000,0.007400931051,0.00740065228648,0.919072389603,0.0104652523309,1,0,0,2.21111332971,1.83981419083
HPF,12,74,1.000,0.00757738387177,0.00757709661672,0.919086992741,0.0107147680995,1,0,0,2.26371979104,1.88367965002
HPF,12,75,1.000,0.00776117980096,0.00776088374878,0.919101715088,0.0109746674182,1,0,0,2.31852053338,1.92937056479
HPF,12,76,1.000,0.00795280018009,0.00795249500027,0.91911649704,0.0112456309306,1,0,0,2.37566001465,1.97700659044
HPF,12,77,1.000,0.00815276895513,0.0081524542976,0.919131398201,0.0115283995257,1,0,0,2.43528619609,2.02671797851
HPF,12,78,1.000,0.00836165753974,0.00836133302848,0.919146358967,0.011823781214,1,0,0,2.49756828486,2.07864677721
HPF,12,79,1.000,0.00858009030329,0.00857975553869,0.919161379337,0.0121326588888,1,0,0,2.56270636171,2.13294820269
HPF,12,80,1.000,0.00880875089026,0.00880840543844,0.919176518917,0.0124559992612,1,0,0,2.63089330214,2.18979220504
HPF,12,81,1.000,0.00904838943898,0.00904803283644,0.919191718102,0.0127948630686,1,0,0,2.70235056603,2.24936526317
HPF,12,82,1.000,0.00929983086961,0.00929946261288,0.919206976891,0.013150416794,1,0,0,2.77733469781,2.31187244852
HPF,12,83,1.000,0.00956398446887,0.0095636040237,0.919222354889,0.0135239462193,1,0,0,2.85610968531,2.3775398055
HPF,12,84,1.000,0.009841854983,0.00984146176902,0.919237792492,0.0139168721114,1,0,0,2.93897346048,2.44661710721
HPF,12,85,1.000,0.0101345554933,0.0101341488801,0.9192532897,0.014330768429,1,0,0,3.0262670785,2.51938105696
HPF,12,86,1.000,0.0104433224045,0.0104429017126,0.919268906116,0.0147673835171,1,0,0,3.11834936971,2.59613902246
HPF,12,87,1.000,0.0107695330951,0.0107690975776,0.919284582138,0.0152286650649,1,0,0,3.21563867323,2.6772334089
HPF,12,88,1.000,0.0111147265564,0.0111142754127,0.919300377369,0.015716789292,1,0,0,3.31858949617,2.76304680198
HPF,12,89,1.000,0.0114806278545,0.0114801602032,0.919316291809,0.0162341955371,1,0,0,3.42771860872,2.8540080442
HPF,12,90,1.000,0.0118691771572,0.011868692026,0.919332206249,0.0167836273049,1,0,0,3.54360414669,2.95059944788
HPF,12,91,1.000,0.0122825643241,0.0122820606609,0.919348239899,0.0173681811784,1,0,0,3.6668993008,3.05336540121
HPF,12,92,1.000,0.0127232704562,0.012722747094,0.919364392757,0.0179913655718,1,0,0,3.7983441219,3.16292269146
HPF,12,93,1.000,0.0131941179852,0.0131935736412,0.919380605221,0.0186571715597,1,0,0,3.93878101673,3.27997295906
HPF,12,94,1.000,0.01369833149,0.0136977647492,0.919396936893,0.0193701588755,1,0,0,4.08916991429,3.4053178138
HPF,12,95,1.000,0.0142396119518,0.0142390212139,0.919413328171,0.0201355609111,1,0,0,4.25061810304,3.53987730162
HPF,12,96,1.000,0.0148222281768,0.0148216116935,0.919429838657,0.020959413995,1,0,0,4.42439242755,3.68471262185
HPF,12,97,1.000,0.0154511300304,0.0154504858256,0.919446408749,0.021848717511,1,0,0,4.61197858031,3.84105428154
HPF,12,98,1.000,0.0161320899029,0.0161314157437,0.919463098049,0.0228116339384,1,0,0,4.81508827599,4.01033726841
HPF,12,99,1.000,0.0168718810631,0.0168711744436,0.919479846954,0.0238577410541,1,0,0,5.03574605255,4.19424537209
HPF,12,100,1.000,0.0176785043302,0.0176777623951,0.919496715069,0.0249983524594,1,0,0,5.27633824893,4.39476755538
HPF,12,101,1.000,0.0185614794919,0.0185606989827,0.919513642788,0.0262469296608,1,0,0,5.53969803544,4.6142703793
HPF,12,102,1.000,0.0195322236927,0.0195314008468,0.919530689716,0.0276196171326,1,0,0,5.82923059001,4.8555920815
HPF,12,103,1.000,0.0206045489671,0.0206036794596,0.919547855854,0.0291359458559,1,0,0,6.14905887851,5.12216625702
HPF,12,104,1.000,0.0217953250006,0.0217944037591,0.919565081596,0.0308197704993,1,0,0,6.50420316931,5.41818660968
HPF,12,105,1.000,0.0231253747784,0.0231243958393,0.919582426548,0.0327005359164,1,0,0,6.90086816137,5.748829618
HPF,12,106,1.000,0.0246207047781,0.0246196610866,0.919599831104,0.0348150167054,1,0,0,7.3468006039,6.12056034503
HPF,12,107,1.000,0.0263142250009,0.0263131080774,0.91961735487,0.0372097494292,1,0,0,7.85179907909,6.54156001663
HPF,12,108,1.000,0.027213768729,0.0272126357475,0.919634997845,0.0384817329593,1,20697,0,8.1280057083,6.76863954689
HPF,12,109,1.000,0.0274241541638,0.027423061751,0.919652700424,0.0387791271338,1,25419,0,8.1936464973,6.82540954209
HPF,12,110,1.000,0.0275795997178,0.027578575083,0.919670522213,0.0389987572306,1,28273,0,8.24012821,6.86807390666
HPF,12,111,1.000,0.0277140869182,0.0277131337813,0.919688403606,0.0391886864232,1,30416,0,8.28024777542,6.90444044167
HPF,12,112,1.000,0.0278380337331,0.0278371764901,0.919706404209,0.0393636567192,1,32167,0,8.31547169421,6.93754209951
HPF,12,113,1.000,0.0279560459388,0.0279552955004,0.919724524021,0.0395301898943,1,33694,0,8.3469540955,6.96878991318
HPF,12,114,1.000,0.0280705682844,0.0280699277811,0.919742763042,0.0396917509508,1,35063,0,8.37588402374,6.99852274511
HPF,12,115,1.000,0.0281830273143,0.0281825203336,0.919761061668,0.0398503637995,1,36299,0,8.40291432678,7.02703232915
HPF,12,116,1.000,0.0282942934456,0.0282939280978,0.919779479504,0.0400072650783,1,37429,0,8.4284994857,7.05471860441
HPF,12,117,1.000,0.0284049259018,0.0284047090588,0.919798016548,0.0401632506631,1,38494,0,8.45288666181,7.08196675705
HPF,12,118,1.000,0.0285152872323,0.028515229933,0.919816613197,0.0403188376719,1,39487,0,8.47600420387,7.10893633755
HPF,12,119,1.000,0.0286256152628,0.028625727241,0.919835329056,0.0404743663252,1,40432,0,8.49800578587,7.13543038316
HPF,12,120,1.000,0.0287360603266,0.028736349277,0.919854164124,0.0406300526843,1,41330,0,8.51908345863,7.16152387405
HPF,12,121,1.000,0.0288467161325,0.028847186414,0.919873118401,0.040786032271,1,42204,0,8.5393775829,7.18721724733
HPF,12,122,1.000,0.0289576308953,0.0289582976824,0.919892132282,0.0409423757999,1,42999,0,8.55899353665,7.21271879607
HPF,12,123,1.000,0.0290688236006,0.0290696786215,0.919911324978,0.0410991123869,1,43785,0,8.57802050907,7.23820834372
HPF,12,124,1.000,0.0291802952191,0.029181362438,0.919930517673,0.0412562450562,1,44525,0,8.59653682816,7.26377299866
HPF,12,125,1.000,0.0292920296423,0.0292932950507,0.919949889183,0.0414137524291,1,45274,0,8.61448733616,7.28904128979
HPF,12,126,1.000,0.0294039966262,0.029405480147,0.919969379902,0.0415715930893,1,45969,0,8.63185531898,7.31405627387
HPF,12,127,1.000,0.0295161607904,0.0295178502571,0.919988930225,0.0417297180733,1,46667,0,8.64871268126,7.33887465686
HPF,24,0,0.001,1.39796401837e-06,1.39822479368e-06,0.00091806659475,1.97684975546e-06,1,0,0,0.000590668706776,0.000418851033664
HPF,24,1,0.001,1.53703556471e-06,1.53728289614e-06,0.000918046513107,2.17358404777e-06,1,0,0,0.000626035197502,0.000459982825924
HPF,24,2,0.001,1.60309830791e-06,1.60334043263e-06,0.000918038887903,2.2670360005e-06,1,0,0,0.000641979813666,0.000479905195772
HPF,24,3,0.001,1.65777383864e-06,1.65801213872e-06,0.000918033299968,2.3443787876e-06,1,0,0,0.000654784957782,0.000496366393034
HPF,24,4,0.001,1.7068519227e-06,1.70708712427e-06,0.000918028876185,2.41380293708e-06,1,0,0,0.000665989416623,0.00051111785908
HPF,24,5,0.001,1.75256391924e-06,1.75279649757e-06,0.000918025150895,2.4784650581e-06,1,0,0,0.000676187318703,0.000524834149226
HPF,24,6,0.001,1.7960512585e-06,1.79628155837e-06,0.000918022007681,2.53997988457e-06,1,0,0,0.000685682490164,0.000537859874832
HPF,24,7,0.001,1.83799202689e-06,1.8382203142e-06,0.000918019271921,2.59930667702e-06,1,0,0,0.000694654939504,0.000550399327849
HPF,24,8,0.001,1.87882935161e-06,1.8790558419e-06,0.000918016885407,2.65707230867e-06,1,0,0,0.000703221667514,0.000562585604725
HPF,24,9,0.001,1.9188729826e-06,1.91909785902e-06,0.000918014789931,2.7137149691e-06,1,0,0,0.00071146376418,0.000574511349894
HPF,24,10,0.001,1.95835071426e-06,1.95857413229e-06,0.000918012927286,2.76955690825e-06,1,0,0,0.000719440154317,0.000586244323071
HPF,24,11,0.001,1.99743696162e-06,1.99765905709e-06,0.000918011297472,2.82484486219e-06,1,0,0,0.000730536372416,0.000597836044812
HPF,24,12,0.001,2.03626977249e-06,2.03649066911e-06,0.000918009900488,2.87977411938e-06,1,0,0,0.000744620191253,0.000609326943828
HPF,24,13,0.001,2.07496152177e-06,2.07518133037e-06,0.000918008619919,2.93450364958e-06,1,0,0,0.000758532448472,0.000620749593059
HPF,24,14,0.001,2.11360596403e-06,2.11382478578e-06,0.000918007572182,2.98916608081e-06,1,0,0,0.000772307863152,0.000632130835473
HPF,24,15,0.001,2.1522830109e-06,2.15250093957e-06,0.000918006640859,3.04387445781e-06,1,0,0,0.000785975213632,0.000643493232013
HPF,24,16,0.001,2.19106212033e-06,2.1912792456e-06,0.000918005884159,3.0987270366e-06,1,0,0,0.000799558725521,0.000654856078304
HPF,24,17,0.001,2.23000473111e-06,2.2302211342e-06,0.000918005243875,3.15381072858e-06,1,0,0,0.00081307907194,0.000666236137365
HPF,24,18,0.001,2.26916606645e-06,2.26938182558e-06,0.000918004720006,3.20920365197e-06,1,0,0,0.000826554110514,0.000677807771786
HPF,24,19,0.001,2.3085964946e-06,2.30881168741e-06,0.000918004312553,3.26497705659e-06,1,0,0,0.000839999437059,0.000689582133403
HPF,24,20,0.001,2.34834258226e-06,2.34855727838e-06,0.000918004021514,3.32119681414e-06,1,0,0,0.000853428808686,0.000701442705383
HPF,24,21,0.001,2.38844791055e-06,2.38866218004e-06,0.000918003905099,3.37792457246e-06,1,0,0,0.00086685447208,0.000713401493653
HPF,24,22,0.001,2.42895374055e-06,2.42916765232e-06,0.000918003846891,3.43521869705e-06,1,0,0,0.000880287421647,0.000725469730515
HPF,24,23,0.001,2.46989952321e-06,2.47011314017e-06,0.000918003846891,3.49313499243e-06,1,0,0,0.000893737605024,0.000737658026534
HPF,24,24,0.001,2.5113233614e-06,2.51153675066e-06,0.000918004021514,3.55172735577e-06,1,0,0,0.000907214088483,0.000749976493811
HPF,24,25,0.001,2.55326235024e-06,2.55347557554e-06,0.000918004254345,3.61104825835e-06,1,0,0,0.000920725191404,0.000762434847227
HPF,24,26,0.001,2.59575289561e-06,2.59596601641e-06,0.000918004603591,3.67114919605e-06,1,0,0,0.000934786000157,0.000775042488568
HPF,24,27,0.001,2.63883098561e-06,2.63904406649e-06,0.000918005011044,3.73208107353e-06,1,0,0,0.000950273620302,0.000787808577204
HPF,24,28,0.001,2.6825324051e-06,2.68274550638e-06,0.000918005534913,3.79389450756e-06,1,0,0,0.00096597771216,0.000800848977122
HPF,24,29,0.001,2.72689295566e-06,2.7271061372e-06,0.00091800611699,3.85664013822e-06,1,0,0,0.00098190926412,0.000814095152502
HPF,24,30,0.001,2.77194863928e-06,2.77216196418e-06,0.000918006815482,3.92036888879e-06,1,0,0,0.000998079157812,0.000827544295311
HPF,24,31,0.001,2.81773581783e-06,2.81794934499e-06,0.000918007572182,3.98513219129e-06,1,0,0,0.00101449821459,0.000841206430737
HPF,24,32,0.001,2.86429138504e-06,2.86450517539e-06,0.000918008445296,4.05098222973e-06,1,0,0,0.00103117723658,0.00085509164758
HPF,24,33,0.001,2.91165290457e-06,2.91186702228e-06,0.000918009376619,4.11797213553e-06,1,0,0,0.00104812704332,0.000869210133714
HPF,24,34,0.001,2.95985876179e-06,2.96007326544e-06,0.000918010366149,4.18615620206e-06,1,0,0,0.00106535850471,0.000883572208819
HPF,24,35,0.001,3.0089482938e-06,3.00916324803e-06,0.000918011472095,4.25559006866e-06,1,0,0,0.00108288257101,0.000898188354937
HPF,24,36,0.001,3.05896193513e-06,3.05917739955e-06,0.000918012636248,4.32633092666e-06,1,0,0,0.00110071030041,0.000913069245321
HPF,24,37,0.001,3.10994134169e-06,3.11015738296e-06,0.000918013858609,4.39843769482e-06,1,0,0,0.00111885288455,0.000928225771953
HPF,24,38,0.001,3.16192954258e-06,3.16214622513e-06,0.000918015197385,4.47197123393e-06,1,0,0,0.00113732167234,0.000943669072059
HPF,24,39,0.001,3.21497107329e-06,3.21518846119e-06,0.000918016594369,4.54699453528e-06,1,0,0,0.00115612819255,0.000959410553886
HPF,24,40,0.001,3.26911210916e-06,3.2693302718e-06,0.000918018107768,4.62357290938e-06,1,0,0,0.0011752841752,0.000975461921995
HPF,24,41,0.001,3.32440062719e-06,3.32461963164e-06,0.000918019621167,4.70177421492e-06,1,0,0,0.00119480157213,0.00099195993129
HPF,24,42,0.001,3.38088655206e-06,3.38110646971e-06,0.000918021250982,4.78166906524e-06,1,0,0,0.00121486200371,0.00100881640695
HPF,24,43,0.001,3.4386219226e-06,3.43884282142e-06,0.000918022939004,4.86333106383e-06,1,0,0,0.00123553315752,0.00102604382921
HPF,24,44,0.001,3.49766105208e-06,3.49788300725e-06,0.000918024743441,4.94683703091e-06,1,0,0,0.00125666597793,0.00104365789491
HPF,24,45,0.001,3.55806071101e-06,3.55828379629e-06,0.000918026547879,5.0322672622e-06,1,0,0,0.00127827943553,0.00106167494495
HPF,24,46,0.001,3.6198803254e-06,3.62010461861e-06,0.000918028468732,5.11970580917e-06,1,0,0,0.00130039323084,0.00108011200804
HPF,24,47,0.001,3.68318216189e-06,3.68340774118e-06,0.000918030447792,5.20924074095e-06,1,0,0,0.00132302783865,0.00109898684629
HPF,24,48,0.001,3.74803156311e-06,3.74825850956e-06,0.00091803248506,5.30096447726e-06,1,0,0,0.00134620455391,0.00111831800307
HPF,24,49,0.001,3.81449716718e-06,3.81472556599e-06,0.000918034638744,5.3949740987e-06,1,0,0,0.00136994553948,0.00113814467195
HPF,24,50,0.001,3.88265115223e-06,3.88288108902e-06,0.000918036850635,5.49137169284e-06,1,0,0,0.00139427387578,0.00115848098067
HPF,24,51,0.001,3.95256951728e-06,3.95280108342e-06,0.000918039120734,5.59026475134e-06,1,0,0,0.00141921361263,0.00117934374058
HPF,24,52,0.001,4.0243323745e-06,4.02456565704e-06,0.00091804144904,5.69176658331e-06,1,0,0,0.00144484687233,0.00120075685317
HPF,24,53,0.001,4.09802423498e-06,4.09825933352e-06,0.000918043835554,5.79599671955e-06,1,0,0,0.00147121915809,0.00122274553812
HPF,24,54,0.001,4.17373438276e-06,4.17397139469e-06,0.000918046338484,5.90308144155e-06,1,0,0,0.00149831022233,0.00124533643448
HPF,24,55,0.001,4.2515572191e-06,4.25179624998e-06,0.000918048841413,6.01315426847e-06,1,0,0,0.00152615277924,0.00126855771063
HPF,24,56,0.001,4.33159267675e-06,4.33183382884e-06,0.000918051460758,6.12635654297e-06,1,0,0,0.00155478129571,0.00129243918383
HPF,24,57,0.001,4.41394664189e-06,4.41419002915e-06,0.00091805413831,6.242838028e-06,1,0,0,0.00158423210808,0.0013170124505
HPF,24,58,0.001,4.49873145137e-06,4.49897719027e-06,0.000918056932278,6.36275761028e-06,1,0,0,0.00161454354691,0.00134231102845
HPF,24,59,0.001,4.58606639415e-06,4.58631459925e-06,0.000918059726246,6.48628400924e-06,1,0,0,0.0016457578509,0.0013683705123
HPF,24,60,0.001,4.67607828935e-06,4.67632909171e-06,0.000918062636629,6.61359659479e-06,1,0,0,0.00167797074957,0.00139522874372
HPF,24,61,0.001,4.76890212582e-06,4.76915565249e-06,0.000918065605219,6.74488629185e-06,1,0,0,0.0017111875319,0.0014229259982
HPF,24,62,0.001,4.86468171114e-06,4.86493810077e-06,0.000918068632018,6.88035649825e-06,1,0,0,0.00174545881959,0.0014515051902
HPF,24,63,0.001,4.96357047589e-06,4.96382987183e-06,0.000918071717024,7.02022422236e-06,1,0,0,0.00178083845293,0.00148101209891
HPF,24,64,0.001,5.06573228575e-06,5.06599483315e-06,0.000918074918445,7.1647212316e-06,1,0,0,0.00181738374163,0.00151149561718
HPF,24,65,0.001,5.17134235124e-06,5.17160821102e-06,0.000918078119867,7.31409533923e-06,1,0,0,0.00185515573714,0.00154300802639
HPF,24,66,0.001,5.28058826444e-06,5.28085760366e-06,0.000918081437703,7.46861187059e-06,1,0,0,0.00189425155025,0.00157560530048
HPF,24,67,0.001,5.39367113036e-06,5.39394411952e-06,0.000918084813748,7.62855526331e-06,1,0,0,0.00193472012607,0.00160934744287
HPF,24,68,0.001,5.51080680895e-06,5.51108362937e-06,0.000918088306207,7.79423082403e-06,1,0,0,0.00197663618271,0.00164429886044
HPF,24,69,0.001,5.63222733203e-06,5.63250817755e-06,0.000918091798667,7.96596673237e-06,1,0,0,0.00202008170169,0.00168052877955
HPF,24,70,0.001,5.75818243031e-06,5.75846750286e-06,0.000918095407542,8.14411620075e-06,1,0,0,0.00206514470171,0.00171811170945
HPF,24,71,0.001,5.88894130662e-06,5.88923082004e-06,0.000918099074624,8.32905998238e-06,1,0,0,0.00211194017555,0.00175712795968
HPF,24,72,0.001,6.02479456688e-06,6.02508874734e-06,0.000918102799915,8.52120910244e-06,1,0,0,0.00216056034203,0.00179766421871
HPF,24,73,0.001,6.16605640383e-06,6.16635549151e-06,0.000918106583413,8.7210079466e-06,1,0,0,0.00221111333411,0.00183981420248
HPF,24,74,0.001,6.31306706299e-06,6.31337130843e-06,0.000918110425118,8.92893774884e-06,1,0,0,0.0022637197953,0.00188367966014
HPF,24,75,0.001,6.46619561876e-06,6.46650529894e-06,0.000918114383239,9.14552051788e-06,1,0,0,0.0023185205221,0.00192937057505
HPF,24,76,0.001,6.62584308632e-06,6.62615848396e-06,0.000918118399568,9.37132343858e-06,1,0,0,0.00237566000332,0.00197700660084
HPF,24,77,0.001,6.79244600384e-06,6.79276742317e-06,0.000918122474104,9.60696393852e-06,1,0,0,0.00243528618469,0.00202671798887
HPF,24,78,0.001,6.96648042756e-06,6.96680819063e-06,0.000918126606848,9.85311533848e-06,1,0,0,0.0024975682734,0.00207864678754
HPF,24,79,0.001,7.14846656596e-06,7.14880102354e-06,0.000918130856007,1.01105134069e-05,1,0,0,0.00256270637434,0.00213294821298
HPF,24,80,0.001,7.33897397967e-06,7.33931550272e-06,0.000918135163374,1.03799637147e-05,1,0,0,0.00263089331487,0.00218979221527
HPF,24,81,0.001,7.5386276493e-06,7.53897663445e-06,0.000918139528949,1.06623502169e-05,1,0,0,0.00270235057887,0.00224936527335
HPF,24,82,0.001,7.74811486046e-06,7.74847173594e-06,0.000918143952731,1.09586449913e-05,1,0,0,0.0027773347052,0.00231187245863
HPF,24,83,0.001,7.96819317796e-06,7.96855840894e-06,0.000918148434721,1.12699195164e-05,1,0,0,0.00285610969295,0.00237753981554
HPF,24,84,0.001,8.19969970213e-06,8.20007377708e-06,0.000918153033126,1.15973577635e-05,1,0,0,0.00293897348513,0.00244661711713
HPF,24,85,0.001,8.44356178517e-06,8.44394524341e-06,0.000918157689739,1.19422713537e-05,1,0,0,0.0030262671035,0.00251938106673
HPF,24,86,0.001,8.70080955637e-06,8.70120297165e-06,0.00091816240456,1.23061172731e-05,1,0,0,0.00311834939507,0.00259613903207
HPF,24,87,0.001,8.97259054543e-06,8.97299454919e-06,0.000918167235795,1.26905185556e-05,1,0,0,0.00321563865965,0.00267723341833
HPF,24,88,0.001,9.26018697583e-06,9.26060225354e-06,0.000918172067031,1.30972887421e-05,1,0,0,0.00331858948281,0.00276304681122
HPF,24,89,0.001,9.56503607841e-06,9.56546337149e-06,0.000918177014682,1.35284606117e-05,1,0,0,0.00342771858889,0.00285400805323
HPF,24,90,0.001,9.88875430327e-06,9.88919442144e-06,0.000918182078749,1.39863204261e-05,1,0,0,0.00354360412644,0.00295059945668
HPF,24,91,0.001,1.02331661121e-05,1.02336199575e-05,0.000918187142815,1.44734486526e-05,1,0,0,0.0036668993062,0.00305336540975
HPF,24,92,0.001,1.0600338632e-05,1.0600807178e-05,0.000918192323297,1.49927689779e-05,1,0,0,0.00379834412679,0.00316292269972
HPF,24,93,0.001,1.09926233661e-05,1.09931076931e-05,0.000918197561987,1.55476073019e-05,1,0,0,0.00393878101162,0.00327997296702
HPF,24,94,0.001,1.14127068582e-05,1.14132081504e-05,0.000918202858884,1.61417633968e-05,1,0,0,0.00408916990882,0.00340531782162
HPF,24,95,0.001,1.18636725715e-05,1.18641921724e-05,0.000918208272196,1.67795984261e-05,1,0,0,0.00425061809376,0.00353987730952
HPF,24,96,0.001,1.23490770486e-05,1.23496164417e-05,0.000918213743716,1.74661426639e-05,1,0,0,0.00442439241794,0.00368471262983
HPF,24,97,0.001,1.28730442441e-05,1.28736050685e-05,0.000918219273444,1.82072289155e-05,1,0,0,0.00461197856956,0.0038410542896
HPF,24,98,0.001,1.34403834286e-05,1.3440967551e-05,0.00091822486138,1.90096592779e-05,1,0,0,0.00481508826341,0.00401033727658
HPF,24,99,0.001,1.40567377214e-05,1.40573472444e-05,0.00091823056573,1.98814152204e-05,1,0,0,0.00503574603944,0.00419424538037
HPF,24,100,0.001,1.47287729697e-05,1.47294102897e-05,0.000918236328289,2.08319247299e-05,1,0,0,0.00527633822963,0.00439476756377
HPF,24,101,0.001,1.54644205513e-05,1.54650883793e-05,0.000918242207263,2.18724057237e-05,1,0,0,0.00553969803819,0.00461427038782
HPF,24,102,0.001,1.62731926338e-05,1.6273894123e-05,0.000918248144444,2.30163119444e-05,1,0,0,0.00582923059206,0.00485559209018
HPF,24,103,0.001,1.71665966756e-05,1.71673354387e-05,0.000918254139833,2.42799192169e-05,1,0,0,0.006149058851,0.00512216626585
HPF,24,104,0.001,1.81586875931e-05,1.81594678594e-05,0.00091826019343,2.56831064197e-05,1,0,0,0.00650420312889,0.00541818661869
HPF,24,105,0.001,1.92668139936e-05,1.92676407352e-05,0.000918266363442,2.72504109344e-05,1,0,0,0.00690086813379,0.00574882962721
HPF,24,106,0.001,2.05126431087e-05,2.05135222275e-05,0.000918272591662,2.90124782838e-05,1,0,0,0.00734680059749,0.00612056035445
HPF,24,107,0.001,2.19235937497e-05,2.19245323147e-05,0.000918278878089,3.10080888626e-05,1,0,0,0.00785179908131,0.00654156002628
HPF,24,108,0.001,2.35348805146e-05,2.35358871044e-05,0.000918285280932,3.32870492069e-05,1,0,0,0.00842844662847,0.00702233596599
HPF,24,109,0.001,2.53924963952e-05,2.53935815519e-05,0.000918291741982,3.59144105097e-05,1,0,0,0.00909318060404,0.00757661156303
HPF,24,110,0.001,2.75576783996e-05,2.75588552868e-05,0.000918298319448,3.89767846713e-05,1,0,0,0.00986784041869,0.00822265870271
HPF,24,111,0.001,3.01137936839e-05,3.01150790676e-05,0.000918304896913,4.25920838502e-05,1,0,0,0.0107828679562,0.00898535248213
HPF,24,112,0.001,3.31773296383e-05,3.3178745201e-05,0.000918311649002,4.69250645321e-05,1,0,0,0.0118797846456,0.00989945037598
HPF,24,113,0.001,3.69161548428e-05,3.69177295014e-05,0.000918318401091,5.22131553103e-05,1,0,0,0.0132184922915,0.0110150410154
HPF,24,114,0.001,4.15813603014e-05,4.15831337244e-05,0.000918325269595,5.88114922324e-05,1,0,0,0.014888894101,0.0124070448892
HPF,24,115,0.001,4.7566128159e-05,4.75681568122e-05,0.000918332254514,6.72761810545e-05,1,0,0,0.0170317599329,0.0141927796594
HPF,24,116,0.001,5.55228059103e-05,5.55251741612e-05,0.000918339239433,7.85298837082e-05,1,0,0,0.0198805870024,0.0165668927047
HPF,24,117,0.001,6.66185723839e-05,6.66214146169e-05,0.000918346398976,9.42234250688e-05,1,0,0,0.0238532532275,0.0198776467145
HPF,24,118,0.001,8.316815182e-05,8.31717014428e-05,0.000918353558518,0.000117630685936,1,0,0,0.0297788877714,0.0248157088717
HPF,24,119,0.001,0.0001105037335,0.000110508452126,0.000918360834476,0.000156293364711,1,0,0,0.0395665171437,0.0329720972834
HPF,24,120,0.001,0.000164269048613,0.000164276067515,0.000918368226849,0.000232337514373,1,0,0,0.0588175042654,0.0490145868861
HPF,24,121,0.001,0.000318674715004,0.000318688340852,0.000918375619221,0.000450724543551,1,0,0,0.114103361017,0.095086134183
HPF,24,122,0.001,0.00406593431832,0.00379761486267,0.0063516702503,0.00573426158162,1,0,0,1.60834368351,1.34021797616
HPF,24,123,0.001,0.0227529943832,0.0227512671474,0.0321759581566,0.0321108108936,1,20170,0,8.15661071185,6.794284677
HPF,24,124,0.001,0.0228981407533,0.0228947787422,0.0323730483651,0.0313375113706,1,24995,0,8.2144310439,6.84229519175
HPF,24,125,0.001,0.0229984131361,0.0230017866174,0.032515771687,0.0257345655982,1,27798,0,8.25754944716,6.87876551798
HPF,24,126,0.001,0.0230805530203,0.0230783910341,0.0326318480074,0.0144145283173,1,29980,0,8.29410537535,6.90932616346
HPF,24,127,0.001,0.0231559960637,0.0231592572017,0.0327330939472,0.00318015901732,1,31779,0,8.32605876589,6.93633292645
HPF,24,0,1.000,0.0013979640187,0.00139822479426,0.917020976543,0.0019768497559,1,0,0,0.590668706109,0.418851036983
HPF,24,1,1.000,0.00153703556469,0.00153728289657,0.917003214359,0.00217358404772,1,0,0,0.626035196731,0.459982826887
HPF,24,2,1.000,0.00160309830799,0.00160334043275,0.91699641943,0.00226703600062,1,0,0,0.641979812847,0.479905196806
HPF,24,3,1.000,0.00165777383875,0.00165801213862,0.916991472244,0.00234437878776,1,0,0,0.654784956924,0.496366394127
HPF,24,4,1.000,0.0017068519233,0.00170708712516,0.916987538338,0.0024138029379,1,0,0,0.665989415729,0.511117860227
HPF,24,5,1.000,0.00175256391857,0.00175279649778,0.916984260082,0.00247846505715,1,0,0,0.676187317777,0.524834150424
HPF,24,6,1.000,0.00179605125798,0.00179628155823,0.916981458664,0.00253997988381,1,0,0,0.685682489208,0.537859876079
HPF,24,7,1.000,0.00183799202531,0.00183822031274,0.916979014874,0.00259930667477,1,0,0,0.694654938519,0.550399329143
HPF,24,8,1.000,0.00187882935198,0.00187905584319,0.916976869106,0.0026570723092,1,0,0,0.703221666501,0.562585606065
HPF,24,9,1.000,0.00191887298255,0.00191909785842,0.916975021362,0.00271371496902,1,0,0,0.711463763142,0.57451135128
HPF,24,10,1.000,0.00195835071387,0.00195857413146,0.916973412037,0.00276955690769,1,0,0,0.719440153252,0.586244324503
HPF,24,11,1.000,0.00199743696247,0.00199765905878,0.916971981525,0.0028248448634,1,0,0,0.73053637731,0.59783604629
HPF,24,12,1.000,0.00203626977212,0.00203649066934,0.916970670223,0.00287977411884,1,0,0,0.744620196205,0.609326945351
HPF,24,13,1.000,0.0020749615233,0.00207518133178,0.91696959734,0.00293450365173,1,0,0,0.758532453483,0.620749594627
HPF,24,14,1.000,0.00211360596468,0.00211382478704,0.916968643665,0.00298916608172,1,0,0,0.772307868219,0.632130837088
HPF,24,15,1.000,0.00215228301072,0.00215250093943,0.9169678092,0.00304387445754,1,0,0,0.785975218754,0.643493233673
HPF,24,16,1.000,0.00219106211982,0.00219127924453,0.916967153549,0.00309872703586,1,0,0,0.799558730698,0.65485608001
HPF,24,17,1.000,0.00223000473062,0.00223022113391,0.916966557503,0.00315381072787,1,0,0,0.813079077171,0.666236139118
HPF,24,18,1.000,0.0022691660666,0.00226938182584,0.916966080666,0.00320920365216,1,0,0,0.826554115798,0.677807767519
HPF,24,19,1.000,0.00230859649392,0.00230881168483,0.916965782642,0.00326497705564,1,0,0,0.839999442395,0.689582129108
HPF,24,20,1.000,0.00234834258191,0.00234855727687,0.916965484619,0.00332119681365,1,0,0,0.853428814075,0.701442701062
HPF,24,21,1.000,0.00238844791103,0.00238866218061,0.91696536541,0.00337792457314,1,0,0,0.866854477521,0.713401489307
HPF,24,22,1.000,0.00242895373972,0.00242916765007,0.916965305805,0.00343521869587,1,0,0,0.880287427139,0.725469726144
HPF,24,23,1.000,0.00246989952419,0.00247011314279,0.91696536541,0.00349313499381,1,0,0,0.893737610567,0.73765802214
HPF,24,24,1.000,0.00251132336167,0.00251153675172,0.916965484619,0.00355172735615,1,0,0,0.907214094076,0.749976489394
HPF,24,25,1.000,0.00255326234885,0.00255347557372,0.916965663433,0.00361104825636,1,0,0,0.920725197047,0.762434842788
HPF,24,26,1.000,0.00259575289678,0.00259596601923,0.916965961456,0.0036711491977,1,0,0,0.934785996197,0.775042484109
HPF,24,27,1.000,0.00263883098467,0.00263904406541,0.916966378689,0.0037320810722,1,0,0,0.950273616343,0.787808572725
HPF,24,28,1.000,0.00268253240414,0.0026827455051,0.916966795921,0.00379389450619,1,0,0,0.965977708202,0.800848976902
HPF,24,29,1.000,0.00272689295586,0.00272710613896,0.916967332363,0.00385664013851,1,0,0,0.981909260165,0.814095152252
HPF,24,30,1.000,0.00277194863826,0.00277216196242,0.91696792841,0.00392036888734,1,0,0,0.998079153861,0.827544295031
HPF,24,31,1.000,0.00281773581654,0.00281794934441,0.916968643665,0.00398513218944,1,0,0,1.01449821064,0.841206430427
HPF,24,32,1.000,0.00286429138365,0.0028645051751,0.916969418526,0.00405098222775,1,0,0,1.03117723264,0.85509164724
HPF,24,33,1.000,0.00291165290495,0.00291186702328,0.916970193386,0.00411797213607,1,0,0,1.04812703939,0.869210133343
HPF,24,34,1.000,0.00295985876228,0.00296007326678,0.91697114706,0.00418615620275,1,0,0,1.06535850078,0.883572208417
HPF,24,35,1.000,0.00300894829493,0.00300916324794,0.916972100735,0.00425559007024,1,0,0,1.0828825671,0.898188354505
HPF,24,36,1.000,0.003058961934,0.00305917739973,0.916973114014,0.00432633092507,1,0,0,1.10071029651,0.913069244858
HPF,24,37,1.000,0.0031099413414,0.00311015738296,0.916974246502,0.00439843769441,1,0,0,1.11885288066,0.92822577146
HPF,24,38,1.000,0.00316192954276,0.00316214622437,0.916975438595,0.00447197123418,1,0,0,1.13732166846,0.943669071535
HPF,24,39,1.000,0.00321497107358,0.00321518846309,0.916976630688,0.00454699453566,1,0,0,1.15612818869,0.959410553331
HPF,24,40,1.000,0.00326911210849,0.00326933027093,0.91697794199,0.00462357290841,1,0,0,1.17528417136,0.975461921409
HPF,24,41,1.000,0.00332440062588,0.00332461962897,0.916979312897,0.00470177421305,1,0,0,1.1948015683,0.991959941401
HPF,24,42,1.000,0.0033808865523,0.0033811064678,0.916980743408,0.00478166906557,1,0,0,1.21486201735,1.00881641721
HPF,24,43,1.000,0.00343862192437,0.00343884282416,0.916982293129,0.00486333106632,1,0,0,1.23553317124,1.02604383963
HPF,24,44,1.000,0.00349766105215,0.00349788300754,0.91698384285,0.00494683703099,1,0,0,1.25666599175,1.04365790547
HPF,24,45,1.000,0.00355806071175,0.00355828379843,0.916985452175,0.00503226726323,1,0,0,1.27827944944,1.06167495567
HPF,24,46,1.000,0.00361988032332,0.00362010461619,0.91698718071,0.00511970580622,1,0,0,1.30039324483,1.08011201892
HPF,24,47,1.000,0.00368318216405,0.00368340774427,0.916988909245,0.00520924074402,1,0,0,1.32302785272,1.09898685733
HPF,24,48,1.000,0.00374803156425,0.00374825851254,0.916990756989,0.00530096447886,1,0,0,1.34620456807,1.11831801426
HPF,24,49,1.000,0.00381449716552,0.00381472556528,0.916992664337,0.00539497409634,1,0,0,1.36994555373,1.13814466317
HPF,24,50,1.000,0.00388265115118,0.00388288109046,0.916994571686,0.00549137169135,1,0,0,1.39427389012,1.15848097179
HPF,24,51,1.000,0.00395256951787,0.00395280108225,0.916996598244,0.00559026475216,1,0,0,1.41921362705,1.17934373159
HPF,24,52,1.000,0.0040243323751,0.00402456566104,0.916998684406,0.00569176658416,1,0,0,1.44484689307,1.20075684408
HPF,24,53,1.000,0.00409802423503,0.00409825933526,0.917000770569,0.0057959967196,1,0,0,1.4712191791,1.22274552892
HPF,24,54,1.000,0.00417373438307,0.0041739713957,0.917002975941,0.00590308144199,1,0,0,1.49831024363,1.24533642518
HPF,24,55,1.000,0.00425155722004,0.00425179625037,0.917005240917,0.00601315426981,1,0,0,1.52615280082,1.26855770122
HPF,24,56,1.000,0.00433159267791,0.00433183383086,0.917007565498,0.0061263565446,1,0,0,1.55478131757,1.29243917431
HPF,24,57,1.000,0.00441394664257,0.00441419003075,0.917009949684,0.00624283802898,1,0,0,1.58423213024,1.31701244087
HPF,24,58,1.000,0.0044987314514,0.00449897718987,0.917012393475,0.00636275761032,1,0,0,1.61454356937,1.34231101871
HPF,24,59,1.000,0.00458606639345,0.00458631459957,0.91701489687,0.00648628400825,1,0,0,1.64575786113,1.36837050244
HPF,24,60,1.000,0.00467607828917,0.00467632908918,0.917017459869,0.00661359659453,1,0,0,1.67797076005,1.39522873374
HPF,24,61,1.000,0.00476890211983,0.00476915564701,0.917020082474,0.00674488628335,1,0,0,1.71118754265,1.42292598811
HPF,24,62,1.000,0.00486468171114,0.00486493810044,0.917022764683,0.00688035649824,1,0,0,1.74545883061,1.45150517999
HPF,24,63,1.000,0.00496357047986,0.00496382987597,0.917025506496,0.00702022422796,1,0,0,1.78083846423,1.48101208857
HPF,24,64,1.000,0.00506573228755,0.00506599483701,0.917028307915,0.00716472123415,1,0,0,1.81738375321,1.51149560672
HPF,24,65,1.000,0.00517134235013,0.00517160821333,0.917031228542,0.00731409533767,1,0,0,1.85515574903,1.54300801581
HPF,24,66,1.000,0.0052805882652,0.00528085760322,0.91703414917,0.00746861187166,1,0,0,1.89425155337,1.57560528977
HPF,24,67,1.000,0.00539367112746,0.00539394411583,0.917037129402,0.00762855525923,1,0,0,1.93472012941,1.60934743203
HPF,24,68,1.000,0.00551080680881,0.00551108363033,0.917040169239,0.00779423082383,1,0,0,1.97663618629,1.64429884947
HPF,24,69,1.000,0.00563222732903,0.00563250817551,0.917043328285,0.00796596672812,1,0,0,2.02008170551,1.68052876845
HPF,24,70,1.000,0.00575818242953,0.00575846750486,0.917046487331,0.00814411619964,1,0,0,2.06514470579,1.71811169822
HPF,24,71,1.000,0.00588894130474,0.00588923081933,0.917049765587,0.00832905997972,1,0,0,2.11194017092,1.75712794831
HPF,24,72,1.000,0.00602479456678,0.00602508874838,0.917053043842,0.00852120910231,1,0,0,2.16056033751,1.7976642072
HPF,24,73,1.000,0.00616605640005,0.0061663554862,0.917056381702,0.00872100794124,1,0,0,2.21111332971,1.83981419083
HPF,24,74,1.000,0.00631306706348,0.00631337131281,0.917059838772,0.00892893774955,1,0,0,2.26371979104,1.88367965002
HPF,24,75,1.000,0.0064661956181,0.00646650529702,0.917063355446,0.00914552051694,1,0,0,2.31852053338,1.92937056479
HPF,24,76,1.000,0.00662584308785,0.00662615847902,0.91706687212,0.00937132344075,1,0,0,2.37566001465,1.97700659044
HPF,24,77,1.000,0.00679244600451,0.00679276742123,0.917070508003,0.00960696393946,1,0,0,2.43528619609,2.02671797851
HPF,24,78,1.000,0.00696648043357,0.00696680819745,0.917074203491,0.00985311534698,1,0,0,2.49756828486,2.07864677721
HPF,24,79,1.000,0.00714846656191,0.00714880101784,0.917077898979,0.0101105134012,1,0,0,2.56270636171,2.13294820269
HPF,24,80,1.000,0.00733897398432,0.00733931550909,0.917081713676,0.0103799637213,1,0,0,2.63089330214,2.18979220504
HPF,24,81,1.000,0.00753862765373,0.0075389766382,0.917085587978,0.0106623502232,1,0,0,2.70235056603,2.24936526317
HPF,24,82,1.000,0.00774811486457,0.00774847174127,0.917089521885,0.0109586449971,1,0,0,2.77733469781,2.31187244852
HPF,24,83,1.000,0.00796819317878,0.00796855840547,0.917093515396,0.0112699195175,1,0,0,2.85610968531,2.3775398055
HPF,24,84,1.000,0.00819969970735,0.00820007378101,0.917097568512,0.0115973577709,1,0,0,2.93897346048,2.44661710721
HPF,24,85,1.000,0.00844356178566,0.00844394524054,0.917101740837,0.0119422713544,1,0,0,3.0262670785,2.51938105696
HPF,24,86,1.000,0.0087008095527,0.0087012029719,0.917105913162,0.0123061172679,1,0,0,3.11834936971,2.59613902246
HPF,24,87,1.000,0.00897259054446,0.00897299455124,0.917110145092,0.0126905185542,1,0,0,3.21563867323,2.6772334089
HPF,24,88,1.000,0.00926018697389,0.00926060225475,0.917114496231,0.0130972887394,1,0,0,3.31858949617,2.76304680198
HPF,24,89,1.000,0.00956503608283,0.00956546337757,0.91711884737,0.013528460618,1,0,0,3.42771860872,2.8540080442
HPF,24,90,1.000,0.00988875429918,0.00988919442026,0.917123317719,0.0139863204203,1,0,0,3.54360414669,2.95059944788
HPF,24,91,1.000,0.0102331661104,0.0102336199544,0.917127788067,0.0144734486502,1,0,0,3.6668993008,3.05336540121
HPF,24,92,1.000,0.0106003386322,0.0106008071748,0.917132377625,0.0149927689782,1,0,0,3.7983441219,3.16292269146
HPF,24,93,1.000,0.0109926233697,0.0109931076965,0.917137026787,0.0155476073071,1,0,0,3.93878101673,3.27997295906
HPF,24,94,1.000,0.0114127068593,0.0114132081641,0.917141735554,0.0161417633984,1,0,0,4.08916991429,3.4053178138
HPF,24,95,1.000,0.0118636725701,0.0118641921749,0.917146503925,0.0167795984241,1,0,0,4.25061810304,3.53987730162
HPF,24,96,1.000,0.0123490770516,0.0123496164408,0.917151331902,0.0174661426681,1,0,0,4.42439242755,3.68471262185
HPF,24,97,1.000,0.0128730442469,0.0128736050658,0.917156279087,0.0182072289194,1,0,0,4.61197858031,3.84105428154
HPF,24,98,1.000,0.0134403834389,0.0134409675649,0.917161226273,0.0190096592924,1,0,0,4.81508827599,4.01033726841
HPF,24,99,1.000,0.0140567377127,0.0140573472422,0.917166292667,0.0198814152082,1,0,0,5.03574605255,4.19424537209
HPF,24,100,1.000,0.0147287729693,0.0147294102835,0.917171359062,0.0208319247293,1,0,0,5.27633824893,4.39476755538
HPF,24,101,1.000,0.015464420554,0.015465088379,0.917176544666,0.0218724057276,1,0,0,5.53969803544,4.6142703793
HPF,24,102,1.000,0.016273192633,0.0162738941088,0.917181789875,0.0230163119432,1,0,0,5.82923059001,4.8555920815
HPF,24,103,1.000,0.0171665966743,0.0171673354349,0.917187094688,0.0242799192151,1,0,0,6.14905887851,5.12216625702
HPF,24,104,1.000,0.0181586875875,0.0181594678472,0.917192518711,0.0256831064117,1,0,0,6.50420316931,5.41818660968
HPF,24,105,1.000,0.0192668139914,0.0192676407352,0.917197942734,0.0272504109313,1,0,0,6.90086816137,5.748829618
HPF,24,106,1.000,0.0205126430987,0.0205135222168,0.917203485966,0.0290124782696,1,0,0,7.3468006039,6.12056034503
HPF,24,107,1.000,0.0219235937537,0.0219245323174,0.917209029198,0.0310080888682,1,0,0,7.85179907909,6.54156001663
HPF,24,108,1.000,0.022673045335,0.0226739948912,0.917214691639,0.0320680798353,1,20697,0,8.1280057083,6.76863954689
HPF,24,109,1.000,0.0228483403046,0.0228492479051,0.917220413685,0.0323159165211,1,25419,0,8.1936464973,6.82540954209
HPF,24,110,1.000,0.0229778791506,0.0229787331725,0.917226195335,0.0324989505696,1,28273,0,8.24012821,6.86807390666
HPF,24,111,1.000,0.0230899706987,0.0230907501303,0.917232096195,0.0326572324927,1,30416,0,8.28024777542,6.90444044167
HPF,24,112,1.000,0.0231932939489,0.0231939958692,0.917237997055,0.0328030479929,1,32167,0,8.31547169421,6.93754209951
HPF,24,113,1.000,0.0232916861295,0.0232922961607,0.917244017124,0.0329418332224,1,33694,0,8.3469540955,6.96878991318
HPF,24,114,1.000,0.0233871831313,0.0233876861489,0.917250096798,0.0330764750928,1,35063,0,8.37588402374,6.99852274511
HPF,24,115,1.000,0.0234809731174,0.0234813699151,0.917256236076,0.0332086600964,1,36299,0,8.40291432678,7.02703232915
HPF,24,116,1.000,0.0235737808899,0.0235740585123,0.917262494564,0.0333394185401,1,37429,0,8.4284994857,7.05471860441
HPF,24,117,1.000,0.0236660720087,0.0236662205412,0.917268753052,0.0334694131874,1,38494,0,8.45288666181,7.08196675705
HPF,24,118,1.000,0.0237581491611,0.023758162542,0.917275130749,0.0335990756114,1,39487,0,8.47600420387,7.10893633755
HPF,24,119,1.000,0.023850211277,0.0238500835421,0.91728156805,0.0337286899206,1,40432,0,8.49800578587,7.13543038316
HPF,24,120,1.000,0.0239423839913,0.0239421062415,0.917288064957,0.0338584361897,1,41330,0,8.51908345863,7.16152387405
HPF,24,121,1.000,0.0240347452928,0.0240343106931,0.917294681072,0.0339884266758,1,42204,0,8.5393775829,7.18721724733
HPF,24,122,1.000,0.0241273358078,0.0241267425094,0.917301356792,0.0341187203768,1,42999,0,8.55899353665,7.21271879607
HPF,24,123,1.000,0.0242201720053,0.0242194086512,0.917308092117,0.0342493417906,1,43785,0,8.57802050907,7.23820834372
HPF,24,124,1.000,0.024313255179,0.0243123313333,0.917314887047,0.0343802933948,1,44525,0,8.59653682816,7.26377299866
HPF,24,125,1.000,0.0244065726811,0.0244054714744,0.917321741581,0.034511557753,1,45274,0,8.61448733616,7.28904128979
HPF,24,126,1.000,0.0245000993209,0.0244988275659,0.917328715324,0.0346430996677,1,45969,0,8.63185531898,7.31405627387
HPF,24,127,1.000,0.0245938063599,0.0245923505419,0.917335748672,0.0347748786945,1,46667,0,8.64871268126,7.33887465686
BPF,12,0,0.001,1.67749654213e-06,1.67776012966e-06,0.00092038186267,2.37227822188e-06,1,0,0,0.000590668706776,0.000436721497595
BPF,12,1,0.001,1.84439158836e-06,1.84464616272e-06,0.000920473248698,2.60835937039e-06,1,0,0,0.000626035197502,0.000473476812117
BPF,12,2,0.001,1.92367068883e-06,1.92392196392e-06,0.000920514052268,2.72050171445e-06,1,0,0,0.000641979813666,0.000490430229315
BPF,12,3,0.001,1.98928424749e-06,1.98953319614e-06,0.000920546532143,2.81331305836e-06,1,0,0,0.000654784957782,0.000504219446289
BPF,12,4,0.001,2.04818041237e-06,2.04842755218e-06,0.000920574821066,2.89662203815e-06,1,0,0,0.000665989416623,0.000516412907235
BPF,12,5,0.001,2.10303697659e-06,2.10328264949e-06,0.000920600432437,2.97421658017e-06,1,0,0,0.000676187318703,0.00053029025691
BPF,12,6,0.001,2.1552237453e-06,2.15546820407e-06,0.000920624181163,3.04803437062e-06,1,0,0,0.000685682490164,0.00054356762505
BPF,12,7,0.001,2.20555447171e-06,2.20579791443e-06,0.000920646474697,3.11922652093e-06,1,0,0,0.000694654939504,0.00055631843043
BPF,12,8,0.001,2.25456094218e-06,2.25480353041e-06,0.000920667720493,3.18854528021e-06,1,0,0,0.000703221667514,0.000568680482985
BPF,12,9,0.001,2.30261487903e-06,2.30285675165e-06,0.000920688034967,3.25651647524e-06,1,0,0,0.00071146376418,0.000580749505745
BPF,12,10,0.001,2.34998964855e-06,2.35023092776e-06,0.000920707650948,3.32352680095e-06,1,0,0,0.000719440154317,0.000592595313967
BPF,12,11,0.001,2.39689456505e-06,2.39713535714e-06,0.000920726626646,3.38987234587e-06,1,0,0,0.000730536372416,0.000604270802135
BPF,12,12,0.001,2.44349529213e-06,2.44373569723e-06,0.000920745020267,3.45578745116e-06,1,0,0,0.000744620191253,0.000615817295367
BPF,12,13,0.001,2.48992669463e-06,2.49016680101e-06,0.000920763006434,3.52146289074e-06,1,0,0,0.000758532448472,0.000627267914175
BPF,12,14,0.001,2.53630127555e-06,2.53654116688e-06,0.000920780585147,3.58705780586e-06,1,0,0,0.000772307863152,0.000638649784912
BPF,12,15,0.001,2.5827149387e-06,2.58295469378e-06,0.000920797814615,3.65270785677e-06,1,0,0,0.000785975213632,0.000649985545361
BPF,12,16,0.001,2.62925103824e-06,2.62949073386e-06,0.000920814694837,3.71853095117e-06,1,0,0,0.000799558725521,0.000661294401815
BPF,12,17,0.001,2.67598330444e-06,2.67622301286e-06,0.000920831342228,3.7846313828e-06,1,0,0,0.00081307907194,0.00067259289071
BPF,12,18,0.001,2.72297800475e-06,2.72321779237e-06,0.00092084769858,3.8511028885e-06,1,0,0,0.000826554110514,0.000683895439782
BPF,12,19,0.001,2.77029558972e-06,2.7705355244e-06,0.00092086388031,3.91803097651e-06,1,0,0,0.000839999437059,0.000695214789669
BPF,12,20,0.001,2.81799193608e-06,2.81823208309e-06,0.000920879771002,3.98549468482e-06,1,0,0,0.000853428808686,0.000706562316157
BPF,12,21,0.001,2.86611934724e-06,2.86635976889e-06,0.000920895545278,4.05356799655e-06,1,0,0,0.00086685447208,0.000717948280286
BPF,12,22,0.001,2.9147273329e-06,2.91496809226e-06,0.000920911144931,4.12232094262e-06,1,0,0,0.000880287421647,0.000729382025159
BPF,12,23,0.001,2.96386324266e-06,2.96410440287e-06,0.000920926569961,4.19182049817e-06,1,0,0,0.000893737605024,0.000740872132742
BPF,12,24,0.001,3.01357279656e-06,3.01381441803e-06,0.000920941820368,4.26213133294e-06,1,0,0,0.000907214088483,0.000753050575226
BPF,12,25,0.001,3.06390051226e-06,3.06414265698e-06,0.00092095695436,4.33331641556e-06,1,0,0,0.000920725191404,0.000765585368587
BPF,12,26,0.001,3.11489007873e-06,3.11513280527e-06,0.000920971971937,4.40543754227e-06,1,0,0,0.000934786000157,0.000778261298656
BPF,12,27,0.001,3.16658467918e-06,3.1668280493e-06,0.000920986931305,4.47855579353e-06,1,0,0,0.000950273620302,0.000791086707409
BPF,12,28,0.001,3.21902725911e-06,3.21927133364e-06,0.000921001716051,4.55273191329e-06,1,0,0,0.00096597771216,0.000804069712464
BPF,12,29,0.001,3.27226078271e-06,3.27250562163e-06,0.000921016442589,4.62802667175e-06,1,0,0,0.00098190926412,0.000817218256297
BPF,12,30,0.001,3.32632844863e-06,3.32657411503e-06,0.000921031052712,4.70450117033e-06,1,0,0,0.000998079157812,0.000830540148539
BPF,12,31,0.001,3.38127389621e-06,3.38152045108e-06,0.000921045604628,4.78221713369e-06,1,0,0,0.00101449821459,0.000844043102658
BPF,12,32,0.001,3.43714139646e-06,3.43738890469e-06,0.000921060098335,4.86123717964e-06,1,0,0,0.00103117723658,0.000857734768052
BPF,12,33,0.001,3.49397602798e-06,3.49422454943e-06,0.000921074475627,4.94162506806e-06,1,0,0,0.00104812704332,0.000871622758385
BPF,12,34,0.001,3.5518238514e-06,3.5520734544e-06,0.00092108885292,5.02344594766e-06,1,0,0,0.00106535850471,0.000885714676814
BPF,12,35,0.001,3.61073207135e-06,3.61098282011e-06,0.000921103113797,5.10676658504e-06,1,0,0,0.00108288257101,0.000900018138657
BPF,12,36,0.001,3.67074921144e-06,3.67100117415e-06,0.000921117316466,5.19165561221e-06,1,0,0,0.00110071030041,0.000914540791922
BPF,12,37,0.001,3.73192526312e-06,3.73217850681e-06,0.000921131519135,5.27818373714e-06,1,0,0,0.00111885288455,0.000929554361126
BPF,12,38,0.001,3.79431185751e-06,3.79456645285e-06,0.000921145663597,5.36642398682e-06,1,0,0,0.00113732167234,0.000945014265075
BPF,12,39,0.001,3.85796243286e-06,3.85821845197e-06,0.000921159749851,5.45645194409e-06,1,0,0,0.00115612819255,0.000960765348271
BPF,12,40,0.001,3.9229324088e-06,3.92318992177e-06,0.000921173777897,5.5483459941e-06,1,0,0,0.0011752841752,0.000976818399966
BPF,12,41,0.001,3.98927935182e-06,3.98953843399e-06,0.000921187747736,5.64218755842e-06,1,0,0,0.00119480157213,0.000993184461019
BPF,12,42,0.001,4.05706317928e-06,4.05732390812e-06,0.000921201775782,5.73806138353e-06,1,0,0,0.00121486200371,0.00100987484432
BPF,12,43,0.001,4.12634632772e-06,4.12660878174e-06,0.000921215687413,5.8360557789e-06,1,0,0,0.00123553315752,0.00102690115499
BPF,12,44,0.001,4.19719398199e-06,4.19745824736e-06,0.000921229599044,5.93626294112e-06,1,0,0,0.00125666597793,0.00104427531048
BPF,12,45,0.001,4.26967426015e-06,4.26994041517e-06,0.000921243510675,6.03877921533e-06,1,0,0,0.00127827943553,0.00106200956071
BPF,12,46,0.001,4.34385847928e-06,4.34412661288e-06,0.000921257364098,6.1437054712e-06,1,0,0,0.00130039323084,0.00108036767933
BPF,12,47,0.001,4.41982136008e-06,4.42009156095e-06,0.000921271217521,6.25114739245e-06,1,0,0,0.00132302783865,0.00109925496276
BPF,12,48,0.001,4.49764130903e-06,4.49791366921e-06,0.000921285012737,6.36121587565e-06,1,0,0,0.00134620455391,0.00111859737846
BPF,12,49,0.001,4.57740069063e-06,4.57767530521e-06,0.000921298807953,6.47402741564e-06,1,0,0,0.00136994553948,0.00113841390657
BPF,12,50,0.001,4.65918612826e-06,4.65946309527e-06,0.000921312603168,6.58970453071e-06,1,0,0,0.00139427387578,0.00115872435326
BPF,12,51,0.001,4.74308881774e-06,4.7433682379e-06,0.000921326398384,6.70837620633e-06,1,0,0,0.00141921361263,0.00117954939993
BPF,12,52,0.001,4.829204883e-06,4.82948686526e-06,0.000921340193599,6.83017839806e-06,1,0,0,0.00144484687233,0.00120091065498
BPF,12,53,0.001,4.91763575161e-06,4.91792040289e-06,0.000921353930607,6.95525456279e-06,1,0,0,0.00147121915809,0.0012228307082
BPF,12,54,0.001,5.00848855892e-06,5.00877599506e-06,0.000921367667615,7.08375623035e-06,1,0,0,0.00149831022233,0.00124534909119
BPF,12,55,0.001,5.10187658549e-06,5.10216692355e-06,0.000921381404623,7.21584362201e-06,1,0,0,0.00152615277924,0.00126856696512
BPF,12,56,0.001,5.19791975143e-06,5.19821311696e-06,0.000921395141631,7.35168634997e-06,1,0,0,0.00155478129571,0.00129244455687
BPF,12,57,0.001,5.29674512256e-06,5.29704164255e-06,0.000921408878639,7.491464133e-06,1,0,0,0.00158423210808,0.0013170178213
BPF,12,58,0.001,5.39848750155e-06,5.39878731426e-06,0.000921422615647,7.63536763267e-06,1,0,0,0.00161454354691,0.00134231639576
BPF,12,59,0.001,5.50329003456e-06,5.50359327438e-06,0.000921436352655,7.78359931134e-06,1,0,0,0.0016457578509,0.00136837587449
BPF,12,60,0.001,5.61130490596e-06,5.61161172021e-06,0.000921450089663,7.93637441471e-06,1,0,0,0.00167797074957,0.00139523409874
BPF,12,61,0.001,5.72269409337e-06,5.72300463888e-06,0.000921463826671,8.09392203973e-06,1,0,0,0.0017111875319,0.00142293134349
BPF,12,62,0.001,5.83763018642e-06,5.83794461865e-06,0.000921477563679,8.25648629277e-06,1,0,0,0.00174545881959,0.00145151052266
BPF,12,63,0.001,5.95629729145e-06,5.95661578106e-06,0.000921491300687,8.42432756897e-06,1,0,0,0.00178083845293,0.00148101741492
BPF,12,64,0.001,6.07889203699e-06,6.07921476331e-06,0.000921505037695,8.59772397459e-06,1,0,0,0.00181738374163,0.0015115009127
BPF,12,65,0.001,6.20562468963e-06,6.20595183372e-06,0.000921518774703,8.7769729051e-06,1,0,0,0.00185515573714,0.00154301329721
BPF,12,66,0.001,6.33672035239e-06,6.33705210916e-06,0.000921532569919,8.96239274019e-06,1,0,0,0.00189425155025,0.00157561054272
BPF,12,67,0.001,6.47242035492e-06,6.4727569285e-06,0.000921546306927,9.15432481007e-06,1,0,0,0.00193472012607,0.00160935265381
BPF,12,68,0.001,6.61298373309e-06,6.61332534454e-06,0.000921560102142,9.35313548806e-06,1,0,0,0.00197663618271,0.00164430404004
BPF,12,69,0.001,6.75868891391e-06,6.7590357848e-06,0.00092157383915,9.55921857379e-06,1,0,0,0.00202008170169,0.00168053393267
BPF,12,70,0.001,6.90983558472e-06,6.91018795104e-06,0.000921587634366,9.7729979369e-06,1,0,0,0.00206514470171,0.00171811684947
BPF,12,71,0.001,7.06674678256e-06,7.06710490626e-06,0.000921601429582,9.99493047214e-06,1,0,0,0.00211194017555,0.00175713311386
BPF,12,72,0.001,7.22977124022e-06,7.23013538524e-06,0.000921615283005,1.02255094176e-05,1,0,0,0.00216056034203,0.00179766943629
BPF,12,73,0.001,7.39928598093e-06,7.39965643027e-06,0.000921629078221,1.04652680246e-05,1,0,0,0.00221111333411,0.00183981956652
BPF,12,74,0.001,7.57569931871e-06,7.5760763802e-06,0.000921642931644,1.07147838013e-05,1,0,0,0.0022637197953,0.00188368502728
BPF,12,75,0.001,7.75945410974e-06,7.75983809947e-06,0.000921656785067,1.09746831112e-05,1,0,0,0.0023185205221,0.00192937594138
BPF,12,76,0.001,7.95103160488e-06,7.95142286653e-06,0.00092167063849,1.12456466221e-05,1,0,0,0.00237566000332,0.00197701196633
BPF,12,77,0.001,8.1509556308e-06,8.15135452393e-06,0.000921684550121,1.15284152201e-05,1,0,0,0.00243528618469,0.0020267233535
BPF,12,78,0.001,8.35979746689e-06,8.36020437829e-06,0.000921698461752,1.18237969067e-05,1,0,0,0.0024975682734,0.00207865215129
BPF,12,79,0.001,8.57818134937e-06,8.57859669914e-06,0.000921712373383,1.21326745845e-05,1,0,0,0.00256270637434,0.00213295357583
BPF,12,80,0.001,8.80679076138e-06,8.80721498971e-06,0.000921726285014,1.24560149527e-05,1,0,0,0.00263089331487,0.0021897975772
BPF,12,81,0.001,9.04637567984e-06,9.04680926228e-06,0.000921740254853,1.2794878758e-05,1,0,0,0.00270235057887,0.00224937063434
BPF,12,82,0.001,9.29776083795e-06,9.29820428283e-06,0.000921754224692,1.315043248e-05,1,0,0,0.0027773347052,0.00231187781865
BPF,12,83,0.001,9.56185532757e-06,9.56230918453e-06,0.000921768252738,1.35239619126e-05,1,0,0,0.00285610969295,0.00237754517455
BPF,12,84,0.001,9.83966366111e-06,9.84012852875e-06,0.000921782222576,1.39168878103e-05,1,0,0,0.00293897348513,0.00244662247511
BPF,12,85,0.001,1.01322986638e-05,1.01327751798e-05,0.00092179630883,1.43307841217e-05,1,0,0,0.0030262671035,0.00251938642364
BPF,12,86,0.001,1.04409964782e-05,1.04414853299e-05,0.000921810336877,1.47673992125e-05,1,0,0,0.00311834939507,0.00259614438788
BPF,12,87,0.001,1.07671341601e-05,1.07676361042e-05,0.000921824423131,1.52286807516e-05,1,0,0,0.00321563865965,0.00267723877299
BPF,12,88,0.001,1.11122503743e-05,1.1112766228e-05,0.000921838509385,1.57168049833e-05,1,0,0,0.00331858948281,0.00276305216469
BPF,12,89,0.001,1.14780697952e-05,1.14786004458e-05,0.000921852653846,1.62342112388e-05,1,0,0,0.00342771858889,0.00285401340545
BPF,12,90,0.001,1.18665321373e-05,1.18670785571e-05,0.000921866798308,1.67836429957e-05,1,0,0,0.00354360412644,0.00295060480761
BPF,12,91,0.001,1.22798267918e-05,1.22803900485e-05,0.000921880942769,1.73681968676e-05,1,0,0,0.0036668993062,0.00305337075932
BPF,12,92,0.001,1.27204343067e-05,1.2721015579e-05,0.000921895145439,1.79913812718e-05,1,0,0,0.00379834412679,0.00316292804787
BPF,12,93,0.001,1.31911764585e-05,1.31917770436e-05,0.000921909406316,1.86571872496e-05,1,0,0,0.00393878101162,0.00327997831368
BPF,12,94,0.001,1.36952771301e-05,1.36958984508e-05,0.000921923608985,1.93701745705e-05,1,0,0,0.00408916990882,0.00340532316652
BPF,12,95,0.001,1.42364364569e-05,1.42370801073e-05,0.000921937928069,2.0135576602e-05,1,0,0,0.00425061809376,0.00353988265233
BPF,12,96,0.001,1.48189222941e-05,1.4819590053e-05,0.000921952188946,2.09594296781e-05,1,0,0,0.00442439241794,0.0036847179704
BPF,12,97,0.001,1.54476834111e-05,1.54483772529e-05,0.000921966508031,2.18487331995e-05,1,0,0,0.00461197856956,0.0038410596278
BPF,12,98,0.001,1.61284908949e-05,1.61292130522e-05,0.000921980885323,2.2811649629e-05,1,0,0,0.00481508826341,0.00401034261222
BPF,12,99,0.001,1.68681165022e-05,1.68688695054e-05,0.000921995262615,2.38577567489e-05,1,0,0,0.00503574603944,0.00419425071327
BPF,12,100,0.001,1.76745592596e-05,1.76753459655e-05,0.000922009698115,2.49983681573e-05,1,0,0,0.00527633822963,0.00439477289371
BPF,12,101,0.001,1.85573368181e-05,1.85581605022e-05,0.000922024133615,2.6246945352e-05,1,0,0,0.00553969803819,0.00461427571456
BPF,12,102,0.001,1.95278637855e-05,1.95287281994e-05,0.000922038569115,2.76196328329e-05,1,0,0,0.00582923059206,0.00485559741344
BPF,12,103,0.001,2.05999490807e-05,2.06008585831e-05,0.000922053062823,2.91359615462e-05,1,0,0,0.006149058851,0.0051221715853
BPF,12,104,0.001,2.17904586256e-05,2.17914182848e-05,0.000922067614738,3.08197861774e-05,1,0,0,0.00650420312889,0.00541819193389
BPF,12,105,0.001,2.31202107739e-05,2.31212265571e-05,0.000922082166653,3.27005516196e-05,1,0,0,0.00690086813379,0.0057488349373
BPF,12,106,0.001,2.46152061409e-05,2.4616285128e-05,0.000922096776776,3.48150324116e-05,1,0,0,0.00734680059749,0.00612056565705
BPF,12,107,0.001,2.63083473668e-05,2.63094980293e-05,0.000922111386899,3.72097651211e-05,1,0,0,0.00785179908131,0.00654156531226
BPF,12,108,0.001,2.82418919179e-05,2.82431245731e-05,0.000922125997022,3.9944517519e-05,1,0,0,0.00842844662847,0.00702234119737
BPF,12,109,0.001,3.04710314279e-05,3.04723586936e-05,0.00092214072356,4.30973510983e-05,1,0,0,0.00909318060404,0.00757661657835
BPF,12,110,0.001,3.30692502695e-05,3.30706879617e-05,0.000922155391891,4.67722000871e-05,1,0,0,0.00986784041869,0.00822266281613
BPF,12,111,0.001,3.61365890688e-05,3.61381572695e-05,0.000922170176636,5.11105591305e-05,1,0,0,0.0107828679562,0.00898535279169
BPF,12,112,0.001,3.98128326366e-05,3.98145574128e-05,0.000922184961382,5.63101359297e-05,1,0,0,0.0118797846456,0.00989945044273
BPF,12,113,0.001,4.42994233315e-05,4.43013393562e-05,0.000922199746128,6.26558448856e-05,1,0,0,0.0132184922915,0.0110150410712
BPF,12,114,0.001,4.98976703034e-05,4.98998251759e-05,0.000922214589082,7.05738491771e-05,1,0,0,0.014888894101,0.0124070449316
BPF,12,115,0.001,5.70793921426e-05,5.70818536156e-05,0.000922229490243,8.07314757352e-05,1,0,0,0.0170317599329,0.014192779685
BPF,12,116,0.001,6.66274058755e-05,6.66302752163e-05,0.000922244391404,9.42359189238e-05,1,0,0,0.0198805870024,0.0165668927081
BPF,12,117,0.001,7.99423260974e-05,7.99457645306e-05,0.000922259350773,0.000113068168595,1,0,0,0.0238532532275,0.0198776467145
BPF,12,118,0.001,9.98018217997e-05,9.98061094335e-05,0.000922274310142,0.00014115688157,1,0,0,0.0297788877714,0.0248157088717
BPF,12,119,0.001,0.000132604520187,0.000132610211,0.000922289327718,0.000187552096028,1,0,0,0.0395665171437,0.0329720972834
BPF,12,120,0.001,0.000197122898938,0.000197131350197,0.000922304403502,0.000278805075897,1,0,0,0.0588175042654,0.0490145868861
BPF,12,121,0.001,0.000382409699102,0.000382426079324,0.000922319479287,0.000540869511017,1,0,0,0.114103361017,0.0950861341808
BPF,12,122,0.001,0.00487962883689,0.00455780043245,0.0076224161312,0.00688185243392,1,0,0,1.60834368351,1.34021756
BPF,12,123,0.001,0.027304520335,0.0273026815551,0.0386130549014,0.0385343294126,1,20170,0,8.15661071185,6.79425082908
BPF,12,124,0.001,0.0274819331217,0.027477983015,0.0388473346829,0.0376107621271,1,24995,0,8.2144310439,6.84267154419
BPF,12,125,0.001,0.0276132680423,0.0276157159062,0.0390165932477,0.0308967583278,1,27798,0,8.25754944716,6.88008228167
BPF,12,126,0.001,0.0277235667659,0.0277227317343,0.0391569361091,0.017317866429,1,29980,0,8.29410537535,6.91193697541
BPF,12,127,0.001,0.0278254262523,0.0278282497566,0.0392826795578,0.00381693734317,1,31779,0,8.32605876589,6.94041332895
BPF,12,0,1.000,0.00167749654267,0.00167776012947,0.91905772686,0.00237227822263,1,0,0,0.590668706109,0.436721499522
BPF,12,1,1.000,0.00184439158895,0.00184464616364,0.919137537479,0.0026083593712,1,0,0,0.626035196731,0.473476814161
BPF,12,2,1.000,0.00192367068849,0.00192392196324,0.919173061848,0.00272050171398,1,0,0,0.641979812847,0.49043023141
BPF,12,3,1.000,0.00198928424712,0.001989533196,0.919201433659,0.00281331305783,1,0,0,0.654784956924,0.504219448424
BPF,12,4,1.000,0.00204818041226,0.00204842755254,0.919226109982,0.00289662203799,1,0,0,0.665989415729,0.516412909405
BPF,12,5,1.000,0.00210303697671,0.00210328265136,0.919248402119,0.00297421658033,1,0,0,0.676187317777,0.530290259349
BPF,12,6,1.000,0.00215522374663,0.0021554682062,0.919269144535,0.0030480343725,1,0,0,0.685682489208,0.543567627553
BPF,12,7,1.000,0.00220555447201,0.00220579791451,0.919288575649,0.00311922652135,1,0,0,0.694654938519,0.556318432994
BPF,12,8,1.000,0.00225456094314,0.00225480353084,0.919307053089,0.00318854528155,1,0,0,0.703221666501,0.568680485607
BPF,12,9,1.000,0.00230261487743,0.00230285675096,0.919324755669,0.00325651647298,1,0,0,0.711463763142,0.580749508424
BPF,12,10,1.000,0.00234998964893,0.00235023092798,0.919341862202,0.00332352680149,1,0,0,0.719440153252,0.592595316702
BPF,12,11,1.000,0.00239689456452,0.00239713535729,0.919358372688,0.00338987234509,1,0,0,0.73053637731,0.604270804925
BPF,12,12,1.000,0.00244349529305,0.00244373569745,0.919374406338,0.00345578745245,1,0,0,0.744620196205,0.615817298212
BPF,12,13,1.000,0.00248992669378,0.00249016680101,0.919390082359,0.00352146288953,1,0,0,0.758532453483,0.627267917073
BPF,12,14,1.000,0.0025363012752,0.0025365411673,0.919405341148,0.00358705780537,1,0,0,0.772307868219,0.638649787864
BPF,12,15,1.000,0.00258271493917,0.0025829546961,0.919420361519,0.00365270785744,1,0,0,0.785975218754,0.649985548366
BPF,12,16,1.000,0.00262925103978,0.00262949073693,0.919435083866,0.00371853095334,1,0,0,0.799558730698,0.661294404873
BPF,12,17,1.000,0.0026759833041,0.00267622301269,0.919449567795,0.0037846313823,1,0,0,0.813079077171,0.672592893819
BPF,12,18,1.000,0.00272297800562,0.00272321779504,0.919463813305,0.00385110288971,1,0,0,0.826554115798,0.683895442944
BPF,12,19,1.000,0.00277029558935,0.00277053552436,0.919477820396,0.00391803097599,1,0,0,0.839999442395,0.695214792884
BPF,12,20,1.000,0.00281799193475,0.00281823208181,0.919491708279,0.00398549468294,1,0,0,0.853428814075,0.706562319424
BPF,12,21,1.000,0.00286611934761,0.00286635976985,0.919505417347,0.00405356799707,1,0,0,0.866854477521,0.717948283605
BPF,12,22,1.000,0.00291472733126,0.00291496809186,0.919518947601,0.0041223209403,1,0,0,0.880287427139,0.729382028531
BPF,12,23,1.000,0.00296386324276,0.00296410440258,0.919532358646,0.0041918204983,1,0,0,0.893737610567,0.740872136167
BPF,12,24,1.000,0.00301357279463,0.00301381441768,0.919545650482,0.0042621313302,1,0,0,0.907214094076,0.753050574963
BPF,12,25,1.000,0.00306390051201,0.00306414265627,0.919558823109,0.00433331641519,1,0,0,0.920725197047,0.765585368351
BPF,12,26,1.000,0.00311489007873,0.00311513280479,0.919571876526,0.00440543754227,1,0,0,0.934785996197,0.778261298447
BPF,12,27,1.000,0.0031665846776,0.00316682804761,0.919584870338,0.00447855579129,1,0,0,0.950273616343,0.791086707229
BPF,12,28,1.000,0.00321902726141,0.00321927133499,0.919597744942,0.00455273191656,1,0,0,0.965977708202,0.804069712313
BPF,12,29,1.000,0.00327226078252,0.00327250562201,0.91961055994,0.00462802667146,1,0,0,0.981909260165,0.817218256176
BPF,12,30,1.000,0.00332632844736,0.00332657411419,0.91962325573,0.00470450116854,1,0,0,0.998079153861,0.830540148449
BPF,12,31,1.000,0.00338127389503,0.00338152044981,0.919635891914,0.00478221713201,1,0,0,1.01449821064,0.844043102599
BPF,12,32,1.000,0.00343714139442,0.00343738890205,0.919648468494,0.00486123717674,1,0,0,1.03117723264,0.857734768026
BPF,12,33,1.000,0.0034939760259,0.00349422454917,0.91966098547,0.0049416250651,1,0,0,1.04812703939,0.871622758392
BPF,12,34,1.000,0.00355182385088,0.00355207345574,0.919673442841,0.00502344594691,1,0,0,1.06535850078,0.885714676855
BPF,12,35,1.000,0.00361073207337,0.00361098282258,0.919685840607,0.0051067665879,1,0,0,1.0828825671,0.900018138733
BPF,12,36,1.000,0.00367074921367,0.00367100117686,0.919698238373,0.00519165561537,1,0,0,1.10071029651,0.914540792034
BPF,12,37,1.000,0.00373192526258,0.00373217850517,0.91971051693,0.00527818373638,1,0,0,1.11885288066,0.929554358619
BPF,12,38,1.000,0.00379431185689,0.00379456645019,0.919722795486,0.00536642398595,1,0,0,1.13732166846,0.945014262549
BPF,12,39,1.000,0.00385796243386,0.00385821845312,0.919735014439,0.00545645194548,1,0,0,1.15612818869,0.960765345727
BPF,12,40,1.000,0.00392293240986,0.00392318992393,0.919747233391,0.00554834599559,1,0,0,1.17528417136,0.976818397405
BPF,12,41,1.000,0.00398927935363,0.00398953843672,0.919759392738,0.00564218756098,1,0,0,1.1948015683,0.99318445844
BPF,12,42,1.000,0.0040570631795,0.00405732390957,0.919771552086,0.00573806138383,1,0,0,1.21486201735,1.00987484172
BPF,12,43,1.000,0.00412634633057,0.00412660878847,0.919783651829,0.00583605578294,1,0,0,1.23553317124,1.02690115238
BPF,12,44,1.000,0.00419719397949,0.00419745824598,0.919795691967,0.00593626293757,1,0,0,1.25666599175,1.04427530785
BPF,12,45,1.000,0.00426967426321,0.00426994041853,0.919807732105,0.00603877921965,1,0,0,1.27827944944,1.06200955807
BPF,12,46,1.000,0.00434385847959,0.00434412661448,0.919819772243,0.00614370547164,1,0,0,1.30039324483,1.0803676913
BPF,12,47,1.000,0.00441982136005,0.00442009156066,0.919831812382,0.00625114739238,1,0,0,1.32302785272,1.09925497485
BPF,12,48,1.000,0.00449764130928,0.00449791366792,0.919843792915,0.00636121587601,1,0,0,1.34620456807,1.11859739067
BPF,12,49,1.000,0.00457740068929,0.00457767530278,0.919855773449,0.00647402741376,1,0,0,1.36994555373,1.1384139189
BPF,12,50,1.000,0.00465918612681,0.00465946309397,0.919867753983,0.00658970452868,1,0,0,1.39427389012,1.15872436571
BPF,12,51,1.000,0.00474308881536,0.00474336823505,0.919879674911,0.00670837620297,1,0,0,1.41921362705,1.17954941251
BPF,12,52,1.000,0.00482920488226,0.00482948686327,0.919891655445,0.00683017839701,1,0,0,1.44484689307,1.20091066769
BPF,12,53,1.000,0.00491763575066,0.00491792040343,0.919903576374,0.00695525456147,1,0,0,1.4712191791,1.22283072103
BPF,12,54,1.000,0.00500848855595,0.00500877599068,0.919915497303,0.00708375622614,1,0,0,1.49831024363,1.24534910348
BPF,12,55,1.000,0.00510187658816,0.00510216692497,0.919927418232,0.00721584362577,1,0,0,1.52615280082,1.26856697765
BPF,12,56,1.000,0.00519791974834,0.00519821311522,0.919939339161,0.00735168634559,1,0,0,1.55478131757,1.29244455352
BPF,12,57,1.000,0.00529674512188,0.00529704164465,0.91995126009,0.00749146413204,1,0,0,1.58423213024,1.31701781795
BPF,12,58,1.000,0.00539848750166,0.00539878731341,0.919963121414,0.00763536763283,1,0,0,1.61454356937,1.3423163924
BPF,12,59,1.000,0.00550329003467,0.00550359327397,0.919975042343,0.00778359931148,1,0,0,1.64575786113,1.36837587113
BPF,12,60,1.000,0.00561130490776,0.00561161172419,0.919986963272,0.00793637441723,1,0,0,1.67797076005,1.39523409539
BPF,12,61,1.000,0.00572269409369,0.00572300464006,0.919998884201,0.00809392204018,1,0,0,1.71118754265,1.42293134014
BPF,12,62,1.000,0.00583763018522,0.00583794461883,0.920010745525,0.00825648629108,1,0,0,1.74545883061,1.45151051932
BPF,12,63,1.000,0.00595629729192,0.00595661578726,0.920022666454,0.00842432756964,1,0,0,1.78083846423,1.48101741158
BPF,12,64,1.000,0.00607889203628,0.00607921476214,0.920034587383,0.00859772397358,1,0,0,1.81738375321,1.51150090938
BPF,12,65,1.000,0.00620562468764,0.00620595183154,0.920046508312,0.00877697290227,1,0,0,1.85515574903,1.5430132939
BPF,12,66,1.000,0.0063367203565,0.00633705211618,0.920058429241,0.00896239274599,1,0,0,1.89425155337,1.57561053942
BPF,12,67,1.000,0.0064724203568,0.00647275693198,0.92007035017,0.00915432481272,1,0,0,1.93472012941,1.60935265054
BPF,12,68,1.000,0.00661298373158,0.0066133253371,0.920082271099,0.00935313548591,1,0,0,1.97663618629,1.64430403679
BPF,12,69,1.000,0.00675868891209,0.00675903578037,0.920094192028,0.00955921857121,1,0,0,2.02008170551,1.68053392945
BPF,12,70,1.000,0.00690983558264,0.00691018795513,0.920106112957,0.00977299793396,1,0,0,2.06514470579,1.71811684627
BPF,12,71,1.000,0.00706674678214,0.00706710490542,0.920118093491,0.00999493047155,1,0,0,2.11194017092,1.7571331107
BPF,12,72,1.000,0.00722977123878,0.00723013538812,0.92013001442,0.0102255094156,1,0,0,2.16056033751,1.79766943316
BPF,12,73,1.000,0.00739928598562,0.00739965643652,0.920141994953,0.0104652680313,1,0,0,2.21111332971,1.83981956343
BPF,12,74,1.000,0.00757569931521,0.0075760763788,0.920153975487,0.0107147837964,1,0,0,2.26371979104,1.88368502424
BPF,12,75,1.000,0.00775945411297,0.00775983809995,0.920166015625,0.0109746831157,1,0,0,2.31852053338,1.92937593838
BPF,12,76,1.000,0.0079510316069,0.00795142286687,0.920177996159,0.011245646625,1,0,0,2.37566001465,1.97701196338
BPF,12,77,1.000,0.0081509556285,0.0081513545267,0.920190036297,0.0115284152168,1,0,0,2.43528619609,2.02672335062
BPF,12,78,1.000,0.00835979746624,0.00836020437862,0.92020201683,0.0118237969058,1,0,0,2.49756828486,2.07865214847
BPF,12,79,1.000,0.00857818134825,0.00857859669652,0.920214116573,0.0121326745829,1,0,0,2.56270636171,2.13295357308
BPF,12,80,1.000,0.0088067907637,0.00880721499108,0.920226156712,0.012456014956,1,0,0,2.63089330214,2.18979757453
BPF,12,81,1.000,0.00904637567794,0.00904680926131,0.92023819685,0.0127948787554,1,0,0,2.70235056603,2.24937063175
BPF,12,82,1.000,0.00929776084028,0.0092982042941,0.920250296593,0.0131504324833,1,0,0,2.77733469781,2.31187781615
BPF,12,83,1.000,0.00956185532836,0.00956230918988,0.920262396336,0.0135239619137,1,0,0,2.85610968531,2.37754517216
BPF,12,84,1.000,0.00983966366311,0.00984012852712,0.920274555683,0.0139168878131,1,0,0,2.93897346048,2.44662247283
BPF,12,85,1.000,0.0101322986618,0.0101327751743,0.920286655426,0.0143307841189,1,0,0,3.0262670785,2.51938642148
BPF,12,86,1.000,0.0104409964798,0.0104414853304,0.920298814774,0.0147673992147,1,0,0,3.11834936971,2.59614438585
BPF,12,87,1.000,0.0107671341615,0.0107676361045,0.920310974121,0.0152286807535,1,0,0,3.21563867323,2.67723877111
BPF,12,88,1.000,0.0111122503731,0.0111127662211,0.920323193073,0.0157168049816,1,0,0,3.31858949617,2.76305216296
BPF,12,89,1.000,0.0114780697982,0.0114786004509,0.920335412025,0.0162342112431,1,0,0,3.42771860872,2.8540134039
BPF,12,90,1.000,0.0118665321384,0.0118670785561,0.920347630978,0.0167836429973,1,0,0,3.54360414669,2.95060480625
BPF,12,91,1.000,0.0122798267932,0.0122803900515,0.920359909534,0.0173681968696,1,0,0,3.6668993008,3.05337075817
BPF,12,92,1.000,0.0127204343032,0.0127210155765,0.920372128487,0.0179913812668,1,0,0,3.7983441219,3.16292804696
BPF,12,93,1.000,0.0131911764637,0.0131917770454,0.920384466648,0.018657187257,1,0,0,3.93878101673,3.27997831303
BPF,12,94,1.000,0.0136952771275,0.0136958984576,0.920396745205,0.0193701745669,1,0,0,4.08916991429,3.40532316616
BPF,12,95,1.000,0.0142364364586,0.0142370801138,0.920409083366,0.0201355766043,1,0,0,4.25061810304,3.53988265228
BPF,12,96,1.000,0.014818922297,0.014819590062,0.920421421528,0.0209594296823,1,0,0,4.42439242755,3.68471797072
BPF,12,97,1.000,0.0154476834024,0.0154483772489,0.920433819294,0.0218487331872,1,0,0,4.61197858031,3.84105962851
BPF,12,98,1.000,0.0161284909006,0.016129213065,0.92044621706,0.022811649637,1,0,0,4.81508827599,4.01034261338
BPF,12,99,1.000,0.0168681164931,0.0168688694969,0.920458614826,0.023857756736,1,0,0,5.03574605255,4.19425071493
BPF,12,100,1.000,0.0176745592611,0.0176753459673,0.920471072197,0.0249983681595,1,0,0,5.27633824893,4.39477289595
BPF,12,101,1.000,0.0185573368166,0.0185581605059,0.920483529568,0.0262469453499,1,0,0,5.53969803544,4.61427571744
BPF,12,102,1.000,0.0195278637739,0.019528728196,0.920496046543,0.0276196328165,1,0,0,5.82923059001,4.85559741705
BPF,12,103,1.000,0.0205999490725,0.0206008585784,0.920508563519,0.0291359615346,1,0,0,6.14905887851,5.12217158976
BPF,12,104,1.000,0.0217904586228,0.0217914182896,0.920521080494,0.0308197861734,1,0,0,6.50420316931,5.41819193931
BPF,12,105,1.000,0.0231202107636,0.0231212265441,0.920533657074,0.032700551605,1,0,0,6.90086816137,5.74883494384
BPF,12,106,1.000,0.0246152061403,0.0246162851208,0.920546233654,0.0348150324107,1,0,0,7.3468006039,6.12056566487
BPF,12,107,1.000,0.026308347369,0.0263094980274,0.920558869839,0.0372097651241,1,0,0,7.85179907909,6.54156532157
BPF,12,108,1.000,0.0272069073081,0.0272081023275,0.920571506023,0.0384806502035,1,20697,0,8.1280057083,6.76815070894
BPF,12,109,1.000,0.0274132202461,0.0274144180372,0.920584142208,0.0387723711925,1,25419,0,8.1936464973,6.82409233055
BPF,12,110,1.000,0.0275614438904,0.0275626345038,0.920596837997,0.0389818522104,1,28273,0,8.24012821,6.86587137413
BPF,12,111,1.000,0.0276857144693,0.0276868756586,0.920609593391,0.0391573709621,1,30416,0,8.28024777542,6.9013442311
BPF,12,112,1.000,0.0277965515307,0.0277976781832,0.920622348785,0.0393138029555,1,32167,0,8.31547169421,6.93294648797
BPF,12,113,1.000,0.0278986556195,0.0278997341219,0.920635104179,0.0394577940264,1,33694,0,8.3469540955,6.96210819486
BPF,12,114,1.000,0.027994548534,0.0279955624579,0.920647919178,0.0395929093055,1,35063,0,8.37588402374,6.98950451869
BPF,12,115,1.000,0.0280857356506,0.0280866856553,0.920660734177,0.0397212766518,1,36299,0,8.40291432678,7.01557210123
BPF,12,116,1.000,0.0281731747478,0.0281740510087,0.92067360878,0.0398442501398,1,37429,0,8.4284994857,7.04062146054
BPF,12,117,1.000,0.02825751216,0.0282583030002,0.920686483383,0.0399627438255,1,38494,0,8.45288666181,7.06462523412
BPF,12,118,1.000,0.0283391987894,0.0283398985944,0.920699417591,0.0400773958077,1,39487,0,8.47600420387,7.08773958594
BPF,12,119,1.000,0.0284185590765,0.0284191612781,0.920712351799,0.0401886656822,1,40432,0,8.49800578587,7.11010237858
BPF,12,120,1.000,0.0284958305239,0.0284963277921,0.920725345612,0.0402968904779,1,41330,0,8.51908345863,7.13176611104
BPF,12,121,1.000,0.028571194725,0.0285715778379,0.920738339424,0.0404023284055,1,42204,0,8.5393775829,7.15315993851
BPF,12,122,1.000,0.0286447905081,0.028645061773,0.920751392841,0.0405051774586,1,42999,0,8.55899353665,7.17358446985
BPF,12,123,1.000,0.028716728167,0.0287168748247,0.920764446259,0.0406055954202,1,43785,0,8.57802050907,7.19344812043
BPF,12,124,1.000,0.0287870975915,0.0287871276122,0.92077755928,0.0407037113149,1,44525,0,8.59653682816,7.21287322988
BPF,12,125,1.000,0.0288559693026,0.0288558624035,0.920790672302,0.0407996271653,1,45274,0,8.61448733616,7.23190273148
BPF,12,126,1.000,0.028923400015,0.0289231603767,0.920803844929,0.0408934258501,1,45969,0,8.63185531898,7.25054665908
BPF,12,127,1.000,0.0289894390684,0.0289890555142,0.920817017555,0.0409851796278,1,46667,0,8.64871268126,7.26886227868
BPF,24,0,0.001,1.39800161004e-06,1.39828911256e-06,0.000919458456337,1.97690296435e-06,1,0,0,0.000590668706776,0.000436721497595
BPF,24,1,0.001,1.53707316028e-06,1.53734722428e-06,0.000919490063097,2.17363725489e-06,1,0,0,0.000626035197502,0.000473476812117
BPF,24,2,0.001,1.60313590575e-06,1.60340476537e-06,0.000919504032936,2.26708920777e-06,1,0,0,0.000641979813666,0.000490430229315
BPF,24,3,0.001,1.65781143824e-06,1.65807647294e-06,0.000919515092392,2.344431995e-06,1,0,0,0.000654784957782,0.000504219446289
BPF,24,4,0.001,1.70688952202e-06,1.70715146123e-06,0.000919524638448,2.41385614211e-06,1,0,0,0.000665989416623,0.000516412907235
BPF,24,5,0.001,1.7526015204e-06,1.7528608371e-06,0.000919533311389,2.47851826401e-06,1,0,0,0.000676187318703,0.00053029025691
BPF,24,6,0.001,1.79608886121e-06,1.79634589945e-06,0.000919541285839,2.54003309107e-06,1,0,0,0.000685682490164,0.00054356762505
BPF,24,7,0.001,1.83802962847e-06,1.83828465602e-06,0.00091954873642,2.59935988048e-06,1,0,0,0.000694654939504,0.00055631843043
BPF,24,8,0.001,1.87886695609e-06,1.87912018815e-06,0.000919555837754,2.65712551493e-06,1,0,0,0.000703221667514,0.000568680482985
BPF,24,9,0.001,1.91891058766e-06,1.91916220575e-06,0.000919562589843,2.71376817489e-06,1,0,0,0.00071146376418,0.000580749505745
BPF,24,10,0.001,1.95838832006e-06,1.95863848084e-06,0.000919569109101,2.76961011391e-06,1,0,0,0.000719440154317,0.000592595313967
BPF,24,11,0.001,1.99747456854e-06,1.99772340786e-06,0.000919575395528,2.82489806831e-06,1,0,0,0.000730536372416,0.000604270802135
BPF,24,12,0.001,2.0363073783e-06,2.03655501943e-06,0.000919581507333,2.87982732284e-06,1,0,0,0.000744620191253,0.000615817295367
BPF,24,13,0.001,2.0749991306e-06,2.07524568514e-06,0.000919587444514,2.9345568563e-06,1,0,0,0.000758532448472,0.000627267914175
BPF,24,14,0.001,2.11364357222e-06,2.11388913916e-06,0.000919593207072,2.98921928567e-06,1,0,0,0.000772307863152,0.000638649784912
BPF,24,15,0.001,2.15232061825e-06,2.15256529414e-06,0.000919598853216,3.04392766053e-06,1,0,0,0.000785975213632,0.000649985545361
BPF,24,16,0.001,2.19109972909e-06,2.19134360037e-06,0.000919604382943,3.09878024039e-06,1,0,0,0.000799558725521,0.000661294401815
BPF,24,17,0.001,2.23004234026e-06,2.2302854914e-06,0.000919609854463,3.15386393206e-06,1,0,0,0.00081307907194,0.00067259289071
BPF,24,18,0.001,2.26920367504e-06,2.26944618294e-06,0.000919615151361,3.20925685381e-06,1,0,0,0.000826554110514,0.000683895439782
BPF,24,19,0.001,2.30863410436e-06,2.30887604451e-06,0.000919620448258,3.26503025928e-06,1,0,0,0.000839999437059,0.000695214789669
BPF,24,20,0.001,2.34838019385e-06,2.34862163927e-06,0.00091962562874,3.32125001861e-06,1,0,0,0.000853428808686,0.000706562316157
BPF,24,21,0.001,2.3884855229e-06,2.3887265414e-06,0.000919630692806,3.37797777725e-06,1,0,0,0.00086685447208,0.000717948280286
BPF,24,22,0.001,2.42899135121e-06,2.42923201231e-06,0.000919635756873,3.4352718987e-06,1,0,0,0.000880287421647,0.000729382025159
BPF,24,23,0.001,2.46993713529e-06,2.4701775023e-06,0.000919640704524,3.49318819537e-06,1,0,0,0.000893737605024,0.000740872132742
BPF,24,24,0.001,2.51136097351e-06,2.51160111287e-06,0.000919645652175,3.55178055805e-06,1,0,0,0.000907214088483,0.000753050575226
BPF,24,25,0.001,2.55329996386e-06,2.55353994062e-06,0.000919650541618,3.61110146206e-06,1,0,0,0.000920725191404,0.000765585368587
BPF,24,26,0.001,2.59579051004e-06,2.59603038427e-06,0.000919655372854,3.67120240028e-06,1,0,0,0.000934786000157,0.000778261298656
BPF,24,27,0.001,2.63886859891e-06,2.63910843223e-06,0.000919660145883,3.73213427552e-06,1,0,0,0.000950273620302,0.000791086707409
BPF,24,28,0.001,2.68257001899e-06,2.68280987239e-06,0.000919664860703,3.79394770974e-06,1,0,0,0.00096597771216,0.000804069712464
BPF,24,29,0.001,2.72693057109e-06,2.72717050534e-06,0.000919669575524,3.85669334196e-06,1,0,0,0.00098190926412,0.000817218256297
BPF,24,30,0.001,2.7719862533e-06,2.77222633079e-06,0.000919674232136,3.92042208997e-06,1,0,0,0.000998079157812,0.000830540148539
BPF,24,31,0.001,2.81777343355e-06,2.81801371378e-06,0.000919678888749,3.9851853943e-06,1,0,0,0.00101449821459,0.000844043102658
BPF,24,32,0.001,2.86432900035e-06,2.86456954501e-06,0.000919683487155,4.0510354316e-06,1,0,0,0.00103117723658,0.000857734768052
BPF,24,33,0.001,2.91169052044e-06,2.91193139013e-06,0.000919688027352,4.11802533764e-06,1,0,0,0.00104812704332,0.000871622758385
BPF,24,34,0.001,2.95989637804e-06,2.96013763638e-06,0.00091969256755,4.18620940416e-06,1,0,0,0.00106535850471,0.000885714676814
BPF,24,35,0.001,3.00898591079e-06,3.00922761852e-06,0.000919697107747,4.2556432713e-06,1,0,0,0.00108288257101,0.000900018138657
BPF,24,36,0.001,3.05899955069e-06,3.05924177037e-06,0.000919701589737,4.32638412679e-06,1,0,0,0.00110071030041,0.000914540791922
BPF,24,37,0.001,3.10997895892e-06,3.11022175445e-06,0.000919706071727,4.39849089682e-06,1,0,0,0.00111885288455,0.000929554361126
BPF,24,38,0.001,3.16196716045e-06,3.16221059686e-06,0.000919710495509,4.47202443635e-06,1,0,0,0.00113732167234,0.000945014265075
BPF,24,39,0.001,3.21500869051e-06,3.21525283626e-06,0.000919714919291,4.5470477363e-06,1,0,0,0.00115612819255,0.000960765348271
BPF,24,40,0.001,3.26914972624e-06,3.26939464488e-06,0.000919719343074,4.62362610976e-06,1,0,0,0.0011752841752,0.000976818399966
BPF,24,41,0.001,3.32443824538e-06,3.3246840063e-06,0.000919723708648,4.70182741644e-06,1,0,0,0.00119480157213,0.000993184461019
BPF,24,42,0.001,3.38092417284e-06,3.38117084368e-06,0.00091972813243,4.78172227001e-06,1,0,0,0.00121486200371,0.00100987484432
BPF,24,43,0.001,3.43865954081e-06,3.43890719536e-06,0.000919732439797,4.86338426453e-06,1,0,0,0.00123553315752,0.00102690115499
BPF,24,44,0.001,3.49769867019e-06,3.49794738155e-06,0.000919736805372,4.94689023109e-06,1,0,0,0.00125666597793,0.00104427531048
BPF,24,45,0.001,3.55809832913e-06,3.55834817067e-06,0.000919741112739,5.03232046201e-06,1,0,0,0.00127827943553,0.00106200956071
BPF,24,46,0.001,3.61991794417e-06,3.62016899597e-06,0.000919745420106,5.11975900952e-06,1,0,0,0.00130039323084,0.00108036767933
BPF,24,47,0.001,3.68321978087e-06,3.68347211818e-06,0.000919749727473,5.20929394124e-06,1,0,0,0.00132302783865,0.00109925496276
BPF,24,48,0.001,3.74806918256e-06,3.74832288609e-06,0.00091975403484,5.30101767782e-06,1,0,0,0.00134620455391,0.00111859737846
BPF,24,49,0.001,3.81453478681e-06,3.81478994317e-06,0.000919758283999,5.39502729919e-06,1,0,0,0.00136994553948,0.00113841390657
BPF,24,50,0.001,3.88268877166e-06,3.88294546605e-06,0.000919762591366,5.49142489273e-06,1,0,0,0.00139427387578,0.00115872435326
BPF,24,51,0.001,3.9526071369e-06,3.95286546004e-06,0.000919766840525,5.59031795117e-06,1,0,0,0.00141921361263,0.00117954939993
BPF,24,52,0.001,4.02436999302e-06,4.02463003625e-06,0.000919771089684,5.69181978127e-06,1,0,0,0.00144484687233,0.00120091065498
BPF,24,53,0.001,4.0980618547e-06,4.09832371022e-06,0.000919775280636,5.79604991891e-06,1,0,0,0.00147121915809,0.0012228307082
BPF,24,54,0.001,4.17377200419e-06,4.17403577639e-06,0.000919779529795,5.90313464306e-06,1,0,0,0.00149831022233,0.00124534909119
BPF,24,55,0.001,4.25159484095e-06,4.25186063046e-06,0.000919783778954,6.01320747029e-06,1,0,0,0.00152615277924,0.00126856696512
BPF,24,56,0.001,4.33163029561e-06,4.33189820588e-06,0.000919787969906,6.12640974029e-06,1,0,0,0.00155478129571,0.00129244455687
BPF,24,57,0.001,4.41398426339e-06,4.41425441003e-06,0.000919792160857,6.24289122881e-06,1,0,0,0.00158423210808,0.0013170178213
BPF,24,58,0.001,4.49876907398e-06,4.49904157094e-06,0.000919796351809,6.36281081244e-06,1,0,0,0.00161454354691,0.00134231639576
BPF,24,59,0.001,4.58610401635e-06,4.58637898096e-06,0.000919800542761,6.48633721057e-06,1,0,0,0.0016457578509,0.00136837587449
BPF,24,60,0.001,4.67611591197e-06,4.67639347266e-06,0.000919804733712,6.61364979649e-06,1,0,0,0.00167797074957,0.00139523409874
BPF,24,61,0.001,4.76893974454e-06,4.76922002925e-06,0.000919808924664,6.7449394878e-06,1,0,0,0.0017111875319,0.00142293134349
BPF,24,62,0.001,4.86471933195e-06,4.86500247945e-06,0.000919813115615,6.88040969697e-06,1,0,0,0.00174545881959,0.00145151052266
BPF,24,63,0.001,4.96360810026e-06,4.96389425258e-06,0.000919817306567,7.02027742594e-06,1,0,0,0.00178083845293,0.00148101741492
BPF,24,64,0.001,5.06576990829e-06,5.0660592147e-06,0.000919821439311,7.16477443242e-06,1,0,0,0.00181738374163,0.0015115009127
BPF,24,65,0.001,5.17137996966e-06,5.17167258935e-06,0.000919825630262,7.31414853405e-06,1,0,0,0.00185515573714,0.00154301329721
BPF,24,66,0.001,5.28062588568e-06,5.28092198372e-06,0.000919829821214,7.46866506924e-06,1,0,0,0.00189425155025,0.00157561054272
BPF,24,67,0.001,5.39370875165e-06,5.39400850078e-06,0.000919833953958,7.62860846191e-06,1,0,0,0.00193472012607,0.00160935265381
BPF,24,68,0.001,5.51084442796e-06,5.51114800781e-06,0.00091983814491,7.79428401929e-06,1,0,0,0.00197663618271,0.00164430404004
BPF,24,69,0.001,5.63226494842e-06,5.63257255201e-06,0.000919842277654,7.96601992378e-06,1,0,0,0.00202008170169,0.00168053393267
BPF,24,70,0.001,5.75822005284e-06,5.75853188373e-06,0.000919846410397,8.14416940072e-06,1,0,0,0.00206514470171,0.00171811684947
BPF,24,71,0.001,5.88897892768e-06,5.8892952015e-06,0.000919850601349,8.32911318017e-06,1,0,0,0.00211194017555,0.00175713311386
BPF,24,72,0.001,6.02483218837e-06,6.0251531307e-06,0.000919854734093,8.52126230076e-06,1,0,0,0.00216056034203,0.00179766943629
BPF,24,73,0.001,6.16609402269e-06,6.16641986979e-06,0.000919858866837,8.72106114114e-06,1,0,0,0.00221111333411,0.00183981956652
BPF,24,74,0.001,6.31310468401e-06,6.31343569093e-06,0.000919862999581,8.92899094636e-06,1,0,0,0.0022637197953,0.00188368502728
BPF,24,75,0.001,6.46623323695e-06,6.46656967557e-06,0.000919867190532,9.14557371135e-06,1,0,0,0.0023185205221,0.00192937594138
BPF,24,76,0.001,6.62588070637e-06,6.6262228613e-06,0.000919871323276,9.37137663465e-06,1,0,0,0.00237566000332,0.00197701196633
BPF,24,77,0.001,6.79248362448e-06,6.79283179924e-06,0.00091987545602,9.60701713535e-06,1,0,0,0.00243528618469,0.0020267233535
BPF,24,78,0.001,6.96651805083e-06,6.96687257331e-06,0.000919879588764,9.853168539e-06,1,0,0,0.0024975682734,0.00207865215129
BPF,24,79,0.001,7.14850418766e-06,7.14886540257e-06,0.000919883779716,1.01105666053e-05,1,0,0,0.00256270637434,0.00213295357583
BPF,24,80,0.001,7.33901160007e-06,7.33937988137e-06,0.00091988791246,1.03800169112e-05,1,0,0,0.00263089331487,0.0021897975772
BPF,24,81,0.001,7.53866527263e-06,7.53904102008e-06,0.000919892045204,1.06624034176e-05,1,0,0,0.00270235057887,0.00224937063434
BPF,24,82,0.001,7.74815248065e-06,7.74853611786e-06,0.000919896177948,1.09586981875e-05,1,0,0,0.0027773347052,0.00231187781865
BPF,24,83,0.001,7.96823079844e-06,7.96862278638e-06,0.000919900368899,1.1269972713e-05,1,0,0,0.00285610969295,0.00237754517455
BPF,24,84,0.001,8.19973732187e-06,8.20013815542e-06,0.000919904501643,1.15974109591e-05,1,0,0,0.00293897348513,0.00244662247511
BPF,24,85,0.001,8.44359940433e-06,8.44400962011e-06,0.000919908634387,1.19423245486e-05,1,0,0,0.0030262671035,0.00251938642364
BPF,24,86,0.001,8.70084716932e-06,8.70126734428e-06,0.000919912825339,1.23061704593e-05,1,0,0,0.00311834939507,0.00259614438788
BPF,24,87,0.001,8.97262816052e-06,8.97305892328e-06,0.000919916958082,1.26905717449e-05,1,0,0,0.00321563865965,0.00267723877299
BPF,24,88,0.001,9.2602245949e-06,9.26066663415e-06,0.000919921090826,1.30973419371e-05,1,0,0,0.00331858948281,0.00276305216469
BPF,24,89,0.001,9.56507370131e-06,9.5655277536e-06,0.000919925281778,1.35285138122e-05,1,0,0,0.00342771858889,0.00285401340545
BPF,24,90,0.001,9.88879192102e-06,9.88925879676e-06,0.000919929414522,1.39863736194e-05,1,0,0,0.00354360412644,0.00295060480761
BPF,24,91,0.001,1.02332037307e-05,1.0233684334e-05,0.000919933605473,1.44735018473e-05,1,0,0,0.0036668993062,0.00305337075932
BPF,24,92,0.001,1.06003762528e-05,1.06008715543e-05,0.000919937738217,1.49928221759e-05,1,0,0,0.00379834412679,0.00316292804787
BPF,24,93,0.001,1.09926609856e-05,1.09931720682e-05,0.000919941929169,1.55476604983e-05,1,0,0,0.00393878101162,0.00327997831368
BPF,24,94,0.001,1.14127444759e-05,1.14132725318e-05,0.000919946120121,1.61418165908e-05,1,0,0,0.00408916990882,0.00340532316652
BPF,24,95,0.001,1.18637101877e-05,1.18642565469e-05,0.000919950252865,1.67796516181e-05,1,0,0,0.00425061809376,0.00353988265233
BPF,24,96,0.001,1.23491146651e-05,1.23496808123e-05,0.000919954443816,1.74661958565e-05,1,0,0,0.00442439241794,0.0036847179704
BPF,24,97,0.001,1.28730818675e-05,1.287366945e-05,0.000919958634768,1.82072821179e-05,1,0,0,0.00461197856956,0.0038410596278
BPF,24,98,0.001,1.34404210511e-05,1.34410319287e-05,0.000919962825719,1.90097124794e-05,1,0,0,0.00481508826341,0.00401034261222
BPF,24,99,0.001,1.40567753315e-05,1.40574116112e-05,0.000919967016671,1.98814684047e-05,1,0,0,0.00503574603944,0.00419425071327
BPF,24,100,0.001,1.47288105857e-05,1.47294746589e-05,0.000919971149415,2.08319779227e-05,1,0,0,0.00527633822963,0.00439477289371
BPF,24,101,0.001,1.54644581727e-05,1.54651527584e-05,0.000919975398574,2.18724589245e-05,1,0,0,0.00553969803819,0.00461427571456
BPF,24,102,0.001,1.62732302487e-05,1.62739584847e-05,0.000919979589526,2.30163651361e-05,1,0,0,0.00582923059206,0.00485559741344
BPF,24,103,0.001,1.71666342922e-05,1.71673998059e-05,0.000919983780477,2.42799724114e-05,1,0,0,0.006149058851,0.0051221715853
BPF,24,104,0.001,1.81587252058e-05,1.81595322258e-05,0.000919987971429,2.56831596089e-05,1,0,0,0.00650420312889,0.00541819193389
BPF,24,105,0.001,1.92668516098e-05,1.92677051072e-05,0.00091999216238,2.72504641288e-05,1,0,0,0.00690086813379,0.0057488349373
BPF,24,106,0.001,2.0512680714e-05,2.05135865899e-05,0.00091999641154,2.90125314631e-05,1,0,0,0.00734680059749,0.00612056565705
BPF,24,107,0.001,2.19236313624e-05,2.192459668e-05,0.000920000602491,3.10081420527e-05,1,0,0,0.00785179908131,0.00654156531226
BPF,24,108,0.001,2.35349181215e-05,2.35359514678e-05,0.00092000485165,3.32871023891e-05,1,0,0,0.00842844662847,0.00702234119737
BPF,24,109,0.001,2.53925340176e-05,2.53936459318e-05,0.000920009042602,3.59144637142e-05,1,0,0,0.00909318060404,0.00757661657835
BPF,24,110,0.001,2.75577160018e-05,2.7558919641e-05,0.000920013291761,3.89768378475e-05,1,0,0,0.00986784041869,0.00822266281613
BPF,24,111,0.001,3.01138313174e-05,3.01151434555e-05,0.000920017540921,4.25921370713e-05,1,0,0,0.0107828679562,0.00898535279169
BPF,24,112,0.001,3.31773672508e-05,3.31788095663e-05,0.00092002179008,4.69251177239e-05,1,0,0,0.0118797846456,0.00989945044273
BPF,24,113,0.001,3.69161924504e-05,3.69177938654e-05,0.000920026039239,5.22132084957e-05,1,0,0,0.0132184922915,0.0110150410712
BPF,24,114,0.001,4.15813979105e-05,4.15831980937e-05,0.000920030288398,5.88115454202e-05,1,0,0,0.014888894101,0.0124070449316
BPF,24,115,0.001,4.75661657825e-05,4.7568221196e-05,0.000920034537558,6.72762342633e-05,1,0,0,0.0170317599329,0.014192779685
BPF,24,116,0.001,5.55228435409e-05,5.55252385622e-05,0.000920038786717,7.85299369272e-05,1,0,0,0.0198805870024,0.0165668927081
BPF,24,117,0.001,6.66186099916e-05,6.66214789614e-05,0.000920043035876,9.4223478256e-05,1,0,0,0.0238532532275,0.0198776467145
BPF,24,118,0.001,8.31681894183e-05,8.31717658057e-05,0.000920047343243,0.00011763073911,1,0,0,0.0297788877714,0.0248157088717
BPF,24,119,0.001,0.000110503771084,0.00011050851645,0.000920051592402,0.000156293417866,1,0,0,0.0395665171437,0.0329720972834
BPF,24,120,0.001,0.000164269086269,0.000164276131908,0.000920055899769,0.000232337567629,1,0,0,0.0588175042654,0.0490145868861
BPF,24,121,0.001,0.000318674752691,0.00031868840532,0.000920060207136,0.000450724596851,1,0,0,0.114103361017,0.0950861341808
BPF,24,122,0.001,0.00406593436731,0.00379761507655,0.00635168841109,0.00573426161571,1,0,0,1.60834368351,1.34021756
BPF,24,123,0.001,0.0227537425927,0.0227521975555,0.0322047434747,0.0321119249146,1,20170,0,8.15661071185,6.79425082908
BPF,24,124,0.001,0.0229015302647,0.0228982375402,0.0324333012104,0.0313422478547,1,24995,0,8.2144310439,6.84267154419
BPF,24,125,0.001,0.0230108493929,0.0230128856186,0.0326102040708,0.0257484173234,1,27798,0,8.25754944716,6.88008228167
BPF,24,126,0.001,0.0231025869135,0.0231018930289,0.0327615067363,0.0144301642706,1,29980,0,8.29410537535,6.91193697541
BPF,24,127,0.001,0.0231872800504,0.0231896153992,0.0329004153609,0.00318129231318,1,31779,0,8.32605876589,6.94041332895
BPF,24,0,1.000,0.00139800160961,0.00139828911237,0.918249189854,0.00197690296373,1,0,0,0.590668706109,0.436721499522
BPF,24,1,1.000,0.00153707315978,0.00153734722391,0.918276965618,0.00217363725417,1,0,0,0.626035196731,0.473476814161
BPF,24,2,1.000,0.00160313590541,0.00160340476432,0.91828918457,0.00226708920726,1,0,0,0.641979812847,0.49043023141
BPF,24,3,1.000,0.00165781143755,0.00165807647201,0.918298900127,0.00234443199403,1,0,0,0.654784956924,0.504219448424
BPF,24,4,1.000,0.00170688952245,0.0017071514619,0.918307304382,0.00241385614269,1,0,0,0.665989415729,0.516412909405
BPF,24,5,1.000,0.0017526015201,0.00175286083755,0.918314933777,0.00247851826357,1,0,0,0.676187317777,0.530290259349
BPF,24,6,1.000,0.00179608886065,0.00179634589999,0.91832190752,0.00254003309027,1,0,0,0.685682489208,0.543567627553
BPF,24,7,1.000,0.00183802962902,0.00183828465601,0.918328464031,0.00259935988125,1,0,0,0.694654938519,0.556318432994
BPF,24,8,1.000,0.00187886695501,0.00187912018792,0.918334722519,0.00265712551339,1,0,0,0.703221666501,0.568680485607
BPF,24,9,1.000,0.00191891058803,0.00191916220615,0.918340623379,0.00271376817541,1,0,0,0.711463763142,0.580749508424
BPF,24,10,1.000,0.00195838831902,0.00195863847965,0.918346345425,0.00276961011244,1,0,0,0.719440153252,0.592595316702
BPF,24,11,1.000,0.00199747456805,0.00199772340783,0.918351888657,0.0028248980676,1,0,0,0.73053637731,0.604270804925
BPF,24,12,1.000,0.00203630737837,0.00203655501964,0.918357253075,0.00287982732296,1,0,0,0.744620196205,0.615817298212
BPF,24,13,1.000,0.00207499913053,0.00207524568456,0.918362438679,0.00293455685619,1,0,0,0.758532453483,0.627267917073
BPF,24,14,1.000,0.00211364357254,0.00211388913936,0.918367505074,0.00298921928609,1,0,0,0.772307868219,0.638649787864
BPF,24,15,1.000,0.00215232061982,0.00215256529457,0.918372452259,0.00304392766274,1,0,0,0.785975218754,0.649985548366
BPF,24,16,1.000,0.00219109973031,0.00219134360275,0.91837733984,0.0030987802421,1,0,0,0.799558730698,0.661294404873
BPF,24,17,1.000,0.0022300423406,0.00223028549134,0.918382108212,0.00315386393252,1,0,0,0.813079077171,0.672592893819
BPF,24,18,1.000,0.00226920367573,0.00226944618347,0.918386757374,0.00320925685479,1,0,0,0.826554115798,0.683895442944
BPF,24,19,1.000,0.0023086341046,0.00230887604423,0.918391406536,0.00326503025961,1,0,0,0.839999442395,0.695214792884
BPF,24,20,1.000,0.00234838019255,0.00234862163752,0.918395936489,0.00332125001677,1,0,0,0.853428814075,0.706562319424
BPF,24,21,1.000,0.00238848552224,0.0023887265419,0.918400406837,0.0033779777763,1,0,0,0.866854477521,0.717948283605
BPF,24,22,1.000,0.00242899135179,0.00242923201285,0.918404817581,0.00343527189952,1,0,0,0.880287427139,0.729382028531
BPF,24,23,1.000,0.00246993713607,0.00247017750422,0.91840916872,0.00349318819646,1,0,0,0.893737610567,0.740872136167
BPF,24,24,1.000,0.00251136097369,0.00251160111465,0.918413519859,0.00355178055829,1,0,0,0.907214094076,0.753050574963
BPF,24,25,1.000,0.00255329996262,0.00255353993957,0.918417811394,0.00361110146031,1,0,0,0.920725197047,0.765585368351
BPF,24,26,1.000,0.00259579051044,0.00259603038431,0.918422043324,0.00367120240084,1,0,0,0.934785996197,0.778261298447
BPF,24,27,1.000,0.00263886859816,0.00263910843157,0.918426215649,0.00373213427444,1,0,0,0.950273616343,0.791086707229
BPF,24,28,1.000,0.00268257001908,0.00268280987288,0.918430387974,0.00379394770988,1,0,0,0.965977708202,0.804069712313
BPF,24,29,1.000,0.00272693056961,0.00272717050547,0.918434500694,0.00385669333988,1,0,0,0.981909260165,0.817218256176
BPF,24,30,1.000,0.00277198625229,0.00277222633014,0.918438613415,0.00392042208852,1,0,0,0.998079153861,0.830540148449
BPF,24,31,1.000,0.00281777343199,0.00281801371141,0.918442666531,0.00398518539208,1,0,0,1.01449821064,0.844043102599
BPF,24,32,1.000,0.00286432899913,0.00286456954345,0.918446660042,0.00405103542986,1,0,0,1.03117723264,0.857734768026
BPF,24,33,1.000,0.00291169052147,0.00291193139321,0.918450713158,0.00411802533908,1,0,0,1.04812703939,0.871622758392
BPF,24,34,1.000,0.00295989637774,0.0029601376372,0.918454647064,0.00418620940375,1,0,0,1.06535850078,0.885714676855
BPF,24,35,1.000,0.00300898591116,0.00300922761762,0.918458640575,0.00425564327182,1,0,0,1.0828825671,0.900018138733
BPF,24,36,1.000,0.00305899955108,0.00305924177102,0.918462574482,0.00432638412734,1,0,0,1.10071029651,0.914540792034
BPF,24,37,1.000,0.00310997895907,0.00311022175517,0.918466508389,0.00439849089702,1,0,0,1.11885288066,0.929554358619
BPF,24,38,1.000,0.00316196716215,0.00316221059858,0.91847038269,0.00447202443876,1,0,0,1.13732166846,0.945014262549
BPF,24,39,1.000,0.00321500868998,0.00321525283399,0.918474256992,0.00454704773554,1,0,0,1.15612818869,0.960765345727
BPF,24,40,1.000,0.0032691497255,0.00326939464436,0.918478131294,0.0046236261087,1,0,0,1.17528417136,0.976818397405
BPF,24,41,1.000,0.00332443824493,0.00332468400561,0.918482005596,0.00470182741581,1,0,0,1.1948015683,0.99318445844
BPF,24,42,1.000,0.00338092417243,0.00338117084488,0.918485820293,0.00478172226942,1,0,0,1.21486201735,1.00987484172
BPF,24,43,1.000,0.0034386595429,0.00343890719861,0.918489634991,0.00486338426748,1,0,0,1.23553317124,1.02690115238
BPF,24,44,1.000,0.0034976986698,0.00349794738115,0.918493449688,0.00494689023053,1,0,0,1.25666599175,1.04427530785
BPF,24,45,1.000,0.00355809833054,0.00355834817319,0.918497264385,0.00503232046399,1,0,0,1.27827944944,1.06200955807
BPF,24,46,1.000,0.00361991794261,0.00362016899233,0.918501019478,0.0051197590073,1,0,0,1.30039324483,1.0803676913
BPF,24,47,1.000,0.00368321978244,0.00368347211984,0.91850477457,0.00520929394346,1,0,0,1.32302785272,1.09925497485
BPF,24,48,1.000,0.00374806918347,0.00374832288935,0.918508529663,0.00530101767909,1,0,0,1.34620456807,1.11859739067
BPF,24,49,1.000,0.00381453478489,0.00381478994115,0.918512284756,0.00539502729648,1,0,0,1.36994555373,1.1384139189
BPF,24,50,1.000,0.00388268876906,0.00388294546579,0.918516039848,0.00549142488904,1,0,0,1.39427389012,1.15872436571
BPF,24,51,1.000,0.00395260713673,0.00395286545873,0.918519735336,0.00559031795092,1,0,0,1.41921362705,1.17954941251
BPF,24,52,1.000,0.00402436999477,0.00402463003728,0.918523490429,0.00569181978373,1,0,0,1.44484689307,1.20091066769
BPF,24,53,1.000,0.00409806185582,0.00409832371246,0.918527185917,0.00579604992049,1,0,0,1.4712191791,1.22283072103
BPF,24,54,1.000,0.0041737720035,0.00417403577541,0.918530881405,0.00590313464207,1,0,0,1.49831024363,1.24534910348
BPF,24,55,1.000,0.00425159483987,0.00425186062785,0.918534576893,0.00601320746877,1,0,0,1.52615280082,1.26856697765
BPF,24,56,1.000,0.00433163029633,0.00433189820867,0.918538272381,0.00612640974129,1,0,0,1.55478131757,1.29244455352
BPF,24,57,1.000,0.00441398426378,0.00441425440914,0.918541967869,0.00624289122936,1,0,0,1.58423213024,1.31701781795
BPF,24,58,1.000,0.00449876907204,0.00449904156814,0.918545663357,0.00636281080967,1,0,0,1.61454356937,1.3423163924
BPF,24,59,1.000,0.00458610401252,0.00458637897833,0.918549358845,0.00648633720516,1,0,0,1.64575786113,1.36837587113
BPF,24,60,1.000,0.00467611591069,0.0046763934707,0.918552994728,0.00661364979467,1,0,0,1.67797076005,1.39523409539
BPF,24,61,1.000,0.00476893974155,0.0047692200277,0.918556690216,0.00674493948357,1,0,0,1.71118754265,1.42293134014
BPF,24,62,1.000,0.00486471933346,0.00486500248027,0.918560326099,0.00688040969911,1,0,0,1.74545883061,1.45151051932
BPF,24,63,1.000,0.00496360810025,0.00496389425457,0.918564021587,0.00702027742592,1,0,0,1.78083846423,1.48101741158
BPF,24,64,1.000,0.00506576990817,0.00506605921674,0.918567657471,0.00716477443226,1,0,0,1.81738375321,1.51150090938
BPF,24,65,1.000,0.00517137997017,0.00517167259242,0.918571293354,0.00731414853478,1,0,0,1.85515574903,1.5430132939
BPF,24,66,1.000,0.0052806258873,0.00528092198611,0.918574929237,0.00746866507154,1,0,0,1.89425155337,1.57561053942
BPF,24,67,1.000,0.00539370874952,0.00539400849925,0.918578565121,0.0076286084589,1,0,0,1.93472012941,1.60935265054
BPF,24,68,1.000,0.00551084442953,0.0055111480096,0.918582260609,0.0077942840215,1,0,0,1.97663618629,1.64430403679
BPF,24,69,1.000,0.00563226495132,0.00563257255655,0.918585896492,0.00796601992787,1,0,0,2.02008170551,1.68053392945
BPF,24,70,1.000,0.00575822004866,0.00575853188246,0.918589532375,0.00814416939479,1,0,0,2.06514470579,1.71811684627
BPF,24,71,1.000,0.00588897892623,0.00588929520043,0.918593168259,0.00832911317813,1,0,0,2.11194017092,1.7571331107
BPF,24,72,1.000,0.00602483218492,0.00602515312624,0.918596804142,0.00852126229588,1,0,0,2.16056033751,1.79766943316
BPF,24,73,1.000,0.00616609402187,0.00616641986966,0.918600440025,0.00872106113996,1,0,0,2.21111332971,1.83981956343
BPF,24,74,1.000,0.00631310468233,0.00631343569208,0.918604075909,0.00892899094397,1,0,0,2.26371979104,1.88368502424
BPF,24,75,1.000,0.00646623323928,0.00646656967971,0.918607711792,0.00914557371464,1,0,0,2.31852053338,1.92937593838
BPF,24,76,1.000,0.00662588071209,0.00662622286478,0.918611347675,0.0093713766427,1,0,0,2.37566001465,1.97701196338
BPF,24,77,1.000,0.00679248362352,0.0067928317997,0.918614923954,0.009607017134,1,0,0,2.43528619609,2.02672335062
BPF,24,78,1.000,0.00696651805335,0.00696687257517,0.918618559837,0.00985316854257,1,0,0,2.49756828486,2.07865214847
BPF,24,79,1.000,0.00714850418429,0.0071488653995,0.918622195721,0.0101105666005,1,0,0,2.56270636171,2.13295357308
BPF,24,80,1.000,0.00733901160147,0.00733937988547,0.918625831604,0.0103800169131,1,0,0,2.63089330214,2.18979757453
BPF,24,81,1.000,0.00753866526971,0.00753904101338,0.918629467487,0.0106624034134,1,0,0,2.70235056603,2.24937063175
BPF,24,82,1.000,0.00774815248284,0.00774853612007,0.918633103371,0.0109586981906,1,0,0,2.77733469781,2.31187781615
BPF,24,83,1.000,0.00796823079752,0.00796862278433,0.918636739254,0.0112699727117,1,0,0,2.85610968531,2.37754517216
BPF,24,84,1.000,0.00819973732702,0.00820013815791,0.918640375137,0.0115974109664,1,0,0,2.93897346048,2.44662247283
BPF,24,85,1.000,0.00844359940527,0.0084440096193,0.918644011021,0.0119423245499,1,0,0,3.0262670785,2.51938642148
BPF,24,86,1.000,0.00870084717004,0.00870126734908,0.918647646904,0.0123061704603,1,0,0,3.11834936971,2.59614438585
BPF,24,87,1.000,0.00897262816469,0.00897305893059,0.918651282787,0.0126905717508,1,0,0,3.21563867323,2.67723877111
BPF,24,88,1.000,0.00926022459697,0.00926066663202,0.918654918671,0.0130973419401,1,0,0,3.31858949617,2.76305216296
BPF,24,89,1.000,0.00956507370132,0.00956552775386,0.918658554554,0.0135285138123,1,0,0,3.42771860872,2.8540134039
BPF,24,90,1.000,0.00988879192108,0.00988925880047,0.918662190437,0.0139863736195,1,0,0,3.54360414669,2.95060480625
BPF,24,91,1.000,0.0102332037285,0.0102336843292,0.918665826321,0.0144735018442,1,0,0,3.6668993008,3.05337075817
BPF,24,92,1.000,0.0106003762482,0.0106008715482,0.918669521809,0.0149928221694,1,0,0,3.7983441219,3.16292804696
BPF,24,93,1.000,0.0109926609876,0.0109931720726,0.918673157692,0.015547660501,1,0,0,3.93878101673,3.27997831303
BPF,24,94,1.000,0.0114127444754,0.0114132725359,0.918676793575,0.01614181659,1,0,0,4.08916991429,3.40532316616
BPF,24,95,1.000,0.0118637101896,0.0118642565514,0.918680429459,0.0167796516208,1,0,0,4.25061810304,3.53988265228
BPF,24,96,1.000,0.0123491146674,0.0123496808073,0.918684124947,0.0174661958597,1,0,0,4.42439242755,3.68471797072
BPF,24,97,1.000,0.0128730818644,0.0128736694447,0.91868776083,0.0182072821136,1,0,0,4.61197858031,3.84105962851
BPF,24,98,1.000,0.0134404210532,0.0134410319314,0.918691456318,0.0190097124824,1,0,0,4.81508827599,4.01034261338
BPF,24,99,1.000,0.0140567753281,0.014057411617,0.918695092201,0.0198814683998,1,0,0,5.03574605255,4.19425071493
BPF,24,100,1.000,0.0147288105912,0.0147294746619,0.918698787689,0.0208319779304,1,0,0,5.27633824893,4.39477289595
BPF,24,101,1.000,0.0154644581676,0.0154651527524,0.918702423573,0.0218724589172,1,0,0,5.53969803544,4.61427571744
BPF,24,102,1.000,0.0162732302515,0.0162739584867,0.918706119061,0.0230163651401,1,0,0,5.82923059001,4.85559741705
BPF,24,103,1.000,0.0171666342967,0.017167399815,0.918709754944,0.0242799724177,1,0,0,6.14905887851,5.12217158976
BPF,24,104,1.000,0.018158725204,0.0181595322195,0.918713450432,0.0256831596063,1,0,0,6.50420316931,5.41819193931
BPF,24,105,1.000,0.0192668516117,0.0192677051089,0.91871714592,0.0272504641316,1,0,0,6.90086816137,5.74883494384
BPF,24,106,1.000,0.0205126807141,0.0205135865914,0.918720841408,0.0290125314633,1,0,0,7.3468006039,6.12056566487
BPF,24,107,1.000,0.0219236313631,0.021924596681,0.918724536896,0.0310081420537,1,0,0,7.85179907909,6.54156532157
BPF,24,108,1.000,0.0226724230383,0.0226734198732,0.918728232384,0.0320672125776,1,20697,0,8.1280057083,6.76815070894
BPF,24,109,1.000,0.0228443029694,0.0228452946362,0.918731927872,0.0323103126317,1,25419,0,8.1936464973,6.82409233055
BPF,24,110,1.000,0.0229677306642,0.0229687073493,0.91873562336,0.032484879237,1,28273,0,8.24012821,6.86587137413
BPF,24,111,1.000,0.0230711516834,0.0230720953275,0.918739318848,0.0326311437051,1,30416,0,8.28024777542,6.9013442311
BPF,24,112,1.000,0.0231633313774,0.0231642386214,0.918743014336,0.0327615023006,1,32167,0,8.31547169421,6.93294648797
BPF,24,113,1.000,0.0232481862174,0.0232490445361,0.918746769428,0.032881493263,1,33694,0,8.3469540955,6.96210819486
BPF,24,114,1.000,0.0233278175599,0.0233286123293,0.918750464916,0.0329940877201,1,35063,0,8.37588402374,6.98950451869
BPF,24,115,1.000,0.0234034796382,0.0234042104113,0.918754220009,0.0331010586645,1,36299,0,8.40291432678,7.01557210123
BPF,24,116,1.000,0.02347597086,0.0234766279787,0.918757915497,0.033203534539,1,37429,0,8.4284994857,7.04062146054
BPF,24,117,1.000,0.0235458303099,0.0235464033733,0.918761670589,0.0333022770058,1,38494,0,8.45288666181,7.06462523412
BPF,24,118,1.000,0.0236134344573,0.0236139172242,0.918765425682,0.0333978178606,1,39487,0,8.47600420387,7.08773958594
BPF,24,119,1.000,0.0236790545749,0.0236794397817,0.91876912117,0.033490540149,1,40432,0,8.49800578587,7.11010237858
BPF,24,120,1.000,0.0237428896003,0.0237431696709,0.918772876263,0.0335807247041,1,41330,0,8.51908345863,7.13176611104
BPF,24,121,1.000,0.023805091979,0.0238052587869,0.918776631355,0.0336685866389,1,42204,0,8.5393775829,7.15315993851
BPF,24,122,1.000,0.0238657786358,0.023865831936,0.918780386448,0.0337542908621,1,42999,0,8.55899353665,7.17358446985
BPF,24,123,1.000,0.0239250427612,0.0239249698018,0.918784141541,0.0338379688795,1,43785,0,8.57802050907,7.19344812043
BPF,24,124,1.000,0.0239829606394,0.0239827662759,0.918787956238,0.0339197282454,1,44525,0,8.59653682816,7.21287322988
BPF,24,125,1.000,0.0240395924687,0.024039259921,0.91879171133,0.0339996537848,1,45274,0,8.61448733616,7.23190273148
BPF,24,126,1.000,0.0240949872345,0.0240945194102,0.918795466423,0.0340778146673,1,45969,0,8.63185531898,7.25054665908
BPF,24,127,1.000,0.0241491877262,0.0241485736646,0.91879928112,0.0341542712793,1,46667,0,8.64871268126,7.26886227868
