type,slope,resonance,input_amplitude,rms,early_rms,output_peak,fundamental_amplitude,finite,stage1_limit_hits,stage2_limit_hits,stage1_max_prelimit,stage2_max_prelimit
LPF,12,0,0.001,1.67784577067e-06,1.67795525782e-06,0.000919993501157,2.37224073081e-06,1,0,0,0.000590668706776,0.000514547688853
LPF,12,1,0.001,2.167577451e-06,2.16762559997e-06,0.000920133956242,3.06482211291e-06,1,0,0,0.000687819190549,0.000593291747874
LPF,12,2,0.001,2.42844499483e-06,2.42846712001e-06,0.000920193677302,3.4337303706e-06,1,0,0,0.000739928815914,0.000638760965865
LPF,12,3,0.001,2.65864594232e-06,2.6586475256e-06,0.00092023977777,3.75926675557e-06,1,0,0,0.000807912825816,0.000696414723618
LPF,12,4,0.001,2.8765811403e-06,2.87656485348e-06,0.00092027860228,4.06745477472e-06,1,0,0,0.000869585256049,0.000748420683203
LPF,12,5,0.001,3.08938719025e-06,3.08935461677e-06,0.000920312770177,4.36838740471e-06,1,0,0,0.000927339923153,0.000796881943777
LPF,12,6,0.001,3.30079163865e-06,3.30074380509e-06,0.000920343503822,4.66733633329e-06,1,0,0,0.000990230411721,0.000842856719844
LPF,12,7,0.001,3.51309299179e-06,3.51303058578e-06,0.000920371618122,4.96755220893e-06,1,0,0,0.00105359751917,0.000887181113594
LPF,12,8,0.001,3.72787820571e-06,3.72780169166e-06,0.000920397578739,5.27127935722e-06,1,0,0,0.00111741421738,0.000936024801067
LPF,12,9,0.001,3.9463402949e-06,3.94624998225e-06,0.000920421734918,5.58020496212e-06,1,0,0,0.00118192325178,0.000990293559966
LPF,12,10,0.001,4.16943869532e-06,4.16933477313e-06,0.000920444377698,5.8956858613e-06,1,0,0,0.00124811720988,0.0010452435996
LPF,12,11,0.001,4.39798828914e-06,4.39787085202e-06,0.000920465681702,6.21887445038e-06,1,0,0,0.00131623792246,0.00110106406787
LPF,12,12,0.001,4.6327126016e-06,4.63258166884e-06,0.000920485763345,6.5507939171e-06,1,0,0,0.00138610025557,0.00115783118432
LPF,12,13,0.001,4.87427757462e-06,4.87413309926e-06,0.000920504855458,6.89238600617e-06,1,0,0,0.00145797161381,0.00121668000889
LPF,12,14,0.001,5.12331409424e-06,5.12315597507e-06,0.00092052295804,7.24454287879e-06,1,0,0,0.0015322094826,0.00127834005434
LPF,12,15,0.001,5.38043381949e-06,5.3802619035e-06,0.000920540245716,7.60812949855e-06,1,0,0,0.00160881480859,0.00134177074825
LPF,12,16,0.001,5.64624069863e-06,5.64605478526e-06,0.000920556718484,7.98399991843e-06,1,0,0,0.00168802012661,0.00140756251891
LPF,12,17,0.001,5.9213398079e-06,5.92113966026e-06,0.000920572434552,8.37300978063e-06,1,0,0,0.00177002945865,0.00147579467425
LPF,12,18,0.001,6.2063443588e-06,6.20612969173e-06,0.000920587510336,8.77602622656e-06,1,0,0,0.00185496416778,0.00154637183647
LPF,12,19,0.001,6.50188152296e-06,6.50165202088e-06,0.000920601945836,9.19393613441e-06,1,0,0,0.00194307969488,0.00161972240553
LPF,12,20,0.001,6.80859742199e-06,6.80835271955e-06,0.000920615799259,9.62765317564e-06,1,0,0,0.00203451567832,0.00169582269526
LPF,12,21,0.001,7.12716164536e-06,7.12690134506e-06,0.000920629070606,1.00781242041e-05,1,0,0,0.00212949068104,0.00177479522002
LPF,12,22,0.001,7.45827142121e-06,7.45799509263e-06,0.000920641818084,1.05463351542e-05,1,0,0,0.00222821342885,0.00185699366079
LPF,12,23,0.001,7.80265555228e-06,7.80236270981e-06,0.000920654041693,1.10333166068e-05,1,0,0,0.00233089295722,0.00194244290686
LPF,12,24,0.001,8.16107834802e-06,8.16076848957e-06,0.000920665857848,1.15401493499e-05,1,0,0,0.00243776834071,0.00203133370081
LPF,12,25,0.001,8.53434351369e-06,8.53401607585e-06,0.000920677208342,1.20679698779e-05,1,0,0,0.00254906886214,0.00212398268557
LPF,12,26,0.001,8.92329813532e-06,8.92295253004e-06,0.000920688151382,1.26179760271e-05,1,0,0,0.00266505492829,0.00222047919519
LPF,12,27,0.001,9.32883679274e-06,9.3284723759e-06,0.000920698628761,1.31914327915e-05,1,0,0,0.0027859894438,0.00232107618688
LPF,12,28,0.001,9.75190585816e-06,9.75152195285e-06,0.000920708815102,1.37896784017e-05,1,0,0,0.00291215362516,0.0024261590545
LPF,12,29,0.001,1.01935080546e-05,1.01931039219e-05,0.000920718535781,1.44141307709e-05,1,0,0,0.0030438531023,0.00253592036985
LPF,12,30,0.001,1.06547072608e-05,1.06542821242e-05,0.000920727965422,1.5066294289e-05,1,0,0,0.00318139680246,0.00265055485262
LPF,12,31,0.001,1.1136633707e-05,1.11361867349e-05,0.000920737045817,1.57477671703e-05,1,0,0,0.00332512754114,0.00277034309163
LPF,12,32,0.001,1.16404894924e-05,1.16400198007e-05,0.000920745835174,1.64602492547e-05,1,0,0,0.00347540258466,0.00289558507424
LPF,12,33,0.001,1.21675545592e-05,1.21670612051e-05,0.000920754275285,1.72055504569e-05,1,0,0,0.003632600511,0.00302659680886
LPF,12,34,0.001,1.27191932151e-05,1.27186751913e-05,0.000920762424357,1.7985599988e-05,1,0,0,0.00379713263727,0.0031637193857
LPF,12,35,0.001,1.32968610633e-05,1.32963173034e-05,0.000920770282391,1.88024561558e-05,1,0,0,0.0039694305794,0.00330731234799
LPF,12,36,0.001,1.39021126613e-05,1.39015420264e-05,0.000920777907595,1.96583171948e-05,1,0,0,0.00414995525336,0.00345776467006
LPF,12,37,0.001,1.45366098613e-05,1.45360111395e-05,0.00092078524176,2.05555330594e-05,1,0,0,0.00433920783825,0.00361548678807
LPF,12,38,0.001,1.52021307771e-05,1.52015026799e-05,0.000920792284887,2.14966181049e-05,1,0,0,0.00453771353298,0.0037809225151
LPF,12,39,0.001,1.59005797489e-05,1.58999209093e-05,0.000920799095184,2.24842651766e-05,1,0,0,0.00474603810461,0.00395454465169
LPF,12,40,0.001,1.66339981493e-05,1.66333070991e-05,0.000920805730857,2.35213608915e-05,1,0,0,0.00496479854698,0.00413685955204
LPF,12,41,0.001,1.74045762431e-05,1.74038514301e-05,0.000920812075492,2.46110024082e-05,1,0,0,0.0051946380108,0.00432841352617
LPF,12,42,0.001,1.8214666223e-05,1.82139059893e-05,0.000920818187296,2.57565158599e-05,1,0,0,0.00543625883135,0.00452979056906
LPF,12,43,0.001,1.90667965441e-05,1.90659991252e-05,0.000920824124478,2.69614766245e-05,1,0,0,0.00569042098183,0.00474161819853
LPF,12,44,0.001,1.99636876536e-05,1.99628511546e-05,0.000920829828829,2.82297315673e-05,1,0,0,0.00595792532185,0.00496457269442
LPF,12,45,0.001,2.09082693766e-05,2.09073917899e-05,0.000920835358556,2.95654236254e-05,1,0,0,0.0062396438939,0.0051993851267
LPF,12,46,0.001,2.19037000991e-05,2.19027792735e-05,0.000920840655454,3.09730189334e-05,1,0,0,0.00653652875506,0.00544683777972
LPF,12,47,0.001,2.29533879173e-05,2.29524215541e-05,0.000920845835935,3.24573367299e-05,1,0,0,0.00684958177936,0.00570777757798
LPF,12,48,0.001,2.40610141133e-05,2.40599997862e-05,0.000920850783587,3.40235825534e-05,1,0,0,0.00717989783684,0.00598311907363
LPF,12,49,0.001,2.52305590601e-05,2.52294941067e-05,0.000920855556615,3.56773848734e-05,1,0,0,0.00752866042254,0.00627385457138
LPF,12,50,0.001,2.64663311034e-05,2.64652127302e-05,0.00092086015502,3.74248359306e-05,1,0,0,0.00789715653126,0.00658105094767
LPF,12,51,0.001,2.77729985781e-05,2.77718237694e-05,0.000920864578802,3.92725370108e-05,1,0,0,0.00828676974045,0.00690586584047
LPF,12,52,0.001,2.9155625384e-05,2.91543909297e-05,0.000920868827961,4.12276487498e-05,1,0,0,0.00869899949952,0.00724955967593
LPF,12,53,0.001,3.06197107608e-05,3.06184131683e-05,0.000920872960705,4.32979473782e-05,1,0,0,0.0091354773307,0.00761349291796
LPF,12,54,0.001,3.21712335619e-05,3.21698691298e-05,0.000920876977034,4.54918873271e-05,1,0,0,0.00959797572778,0.00799914833273
LPF,12,55,0.001,3.381670182e-05,3.38152665377e-05,0.000920880760532,4.78186713161e-05,1,0,0,0.0100884221809,0.00840813409558
LPF,12,56,0.001,3.55632082799e-05,3.55616978401e-05,0.000920884485822,5.02883288799e-05,1,0,0,0.0106094159561,0.00884221371504
LPF,12,57,0.001,3.7418492535e-05,3.74169023042e-05,0.000920888036489,5.29118042333e-05,1,0,0,0.0111628713741,0.00930329319525
LPF,12,58,0.001,3.93910110172e-05,3.93893360016e-05,0.000920891412534,5.57010552398e-05,1,0,0,0.0117512992606,0.00979346294356
LPF,12,59,0.001,4.14900156376e-05,4.14882504539e-05,0.00092089473037,5.86691646149e-05,1,0,0,0.0123774595605,0.0103150072862
LPF,12,60,0.001,4.37256424715e-05,4.37237812588e-05,0.000920897873584,6.18304653308e-05,1,0,0,0.0130443759562,0.0108704252151
LPF,12,61,0.001,4.61090120247e-05,4.61070485127e-05,0.000920900900383,6.52006823992e-05,1,0,0,0.0137553657175,0.0114627263308
LPF,12,62,0.001,4.86523425213e-05,4.8650269852e-05,0.000920903868973,6.87970930657e-05,1,0,0,0.0145140734348,0.0120949834765
LPF,12,63,0.001,5.13690786268e-05,5.13668894054e-05,0.000920906662941,7.26387088324e-05,1,0,0,0.0153245091741,0.0127703481634
LPF,12,64,0.001,5.42740374832e-05,5.42717236859e-05,0.000920909340493,7.67464819588e-05,1,0,0,0.0161910916299,0.0134925037147
LPF,12,65,0.001,5.73835750799e-05,5.73811279411e-05,0.000920911959838,8.11435407197e-05,1,0,0,0.0171186968812,0.0142655158118
LPF,12,66,0.001,6.07157759976e-05,6.07131860301e-05,0.00092091440456,8.58554577137e-05,1,0,0,0.0181127153161,0.0150938794373
LPF,12,67,0.001,6.42906707803e-05,6.42879275945e-05,0.000920916791074,9.0910557239e-05,1,0,0,0.0191791126533,0.0159825723068
LPF,12,68,0.001,6.81304847049e-05,6.81275769999e-05,0.00092091911938,9.63402670677e-05,1,0,0,0.020324494563,0.0169371156161
LPF,12,69,0.001,7.22599236316e-05,7.22568390209e-05,0.000920921273064,0.000102179522654,1,0,0,0.0215561883551,0.017963644828
LPF,12,70,0.001,7.67065040012e-05,7.67032288952e-05,0.000920923426747,0.000108467233768,1,0,0,0.022882635569,0.0190689870502
LPF,12,71,0.001,8.15009329012e-05,8.14974524911e-05,0.000920925405808,0.000115246821932,1,0,0,0.0243128755226,0.0202607437588
LPF,12,72,0.001,8.66775492642e-05,8.66738471909e-05,0.000920927326661,0.000122566844296,1,0,0,0.0258571251102,0.0215475941239
LPF,12,73,0.001,9.22748356702e-05,9.2270893916e-05,0.000920929189306,0.000130481717359,1,0,0,0.0275268611335,0.0229390458941
LPF,12,74,0.001,9.83360144132e-05,9.83318131569e-05,0.000920930935536,0.000139052559837,1,0,0,0.0293349700384,0.0244458158139
LPF,12,75,0.001,0.0001049097444,0.000104905261697,0.000920932623558,0.000148348178117,1,0,0,0.0312959680232,0.0260799956274
LPF,12,76,0.001,0.000112050937479,0.000112046149069,0.000920934253372,0.00015844622059,1,0,0,0.0334262786804,0.0278552288985
LPF,12,77,0.001,0.000119821718097,0.000119816597104,0.000920935766771,0.000169434534664,1,0,0,0.0357444015008,0.0297869995052
LPF,12,78,0.001,0.000128292556301,0.000128287072738,0.000920937221963,0.000181412768886,1,0,0,0.038271355171,0.0318927985286
LPF,12,79,0.001,0.000137543608351,0.000137537728915,0.000920938618947,0.00019449426864,1,0,0,0.0410310654618,0.0341925542237
LPF,12,80,0.001,0.0001476663107,0.000147659998021,0.000920939957723,0.000208808330131,1,0,0,0.0440508004254,0.0367090000686
LPF,12,81,0.001,0.000158765281279,0.00015875849366,0.000920941180084,0.000224502888903,1,0,0,0.0473617688719,0.0394681406195
LPF,12,82,0.001,0.000170960597855,0.000170953288381,0.000920942402445,0.000241747741564,1,0,0,0.0509997917963,0.042499826497
LPF,12,83,0.001,0.000184390538561,0.000184382654469,0.00092094350839,0.000260738421046,1,0,0,0.0550061193829,0.0458384328191
LPF,12,84,0.001,0.000199214893499,0.000199206375084,0.000920944614336,0.000281700879393,1,0,0,0.0594284191174,0.0495236825978
LPF,12,85,0.001,0.00021561898799,0.000215609767658,0.000920945603866,0.000304897176864,1,0,0,0.0643219758395,0.0536016465329
LPF,12,86,0.001,0.000233818588647,0.000233808589607,0.000920946593396,0.000330632419389,1,0,0,0.0697511556209,0.0581259630173
LPF,12,87,0.001,0.000254065924186,0.000254055058783,0.000920947466511,0.000359263272329,1,0,0,0.0757912015639,0.0631593346363
LPF,12,88,0.001,0.00027665710983,0.000276645277976,0.000920948339626,0.000391208458995,1,0,0,0.0825304487317,0.0687753739433
LPF,12,89,0.001,0.000301941359073,0.000301928445333,0.000920949154533,0.000426961786589,1,0,0,0.0900730721517,0.07506089346
LPF,12,90,0.001,0.000330332480758,0.000330318352355,0.000920949911233,0.000467108403712,1,0,0,0.098542516376,0.082118763647
LPF,12,91,0.001,0.000362323324338,0.000362307827291,0.000920950609725,0.00051234522676,1,0,0,0.108085804916,0.0900715040966
LPF,12,92,0.001,0.00039850405365,0.00039848700821,0.000920951308217,0.000563506780055,1,0,0,0.118878991591,0.0990658263263
LPF,12,93,0.001,0.000439585434541,0.000439566628026,0.000920951948501,0.00062159812583,1,0,0,0.131134107706,0.109278423089
LPF,12,94,0.001,0.000486428735593,0.00048640790568,0.000920952530578,0.000687837145517,1,0,0,0.145108084828,0.120923404024
LPF,12,95,0.001,0.000540084430817,0.000540061212041,0.000920953054447,0.00076370926749,1,0,0,0.16111431097,0.134261925808
LPF,12,96,0.001,0.000601842674001,0.00060181639369,0.000920953578316,0.000851038840591,1,0,0,0.179537731322,0.149614776101
LPF,12,97,0.001,0.000673299536917,0.000673268477257,0.000952120753936,0.000952082798599,1,0,0,0.200854771041,0.167378975866
LPF,12,98,0.001,0.000756444203097,0.000756403115201,0.00106968986802,0.0010696539569,1,0,0,0.22565988868,0.18804990722
LPF,12,99,0.001,0.000853773328983,0.000853705739402,0.00120734213851,0.00120728272395,1,0,0,0.25470134977,0.212251124715
LPF,12,100,0.001,0.000968438771361,0.000968295315021,0.00136958574876,0.00136942598481,1,0,0,0.28892996634,0.2407749715
LPF,12,101,0.001,0.00110443193297,0.00110407488618,0.00156220572535,0.0015617277051,1,0,0,0.329566070518,0.274638389495
LPF,12,102,0.001,0.00126679878836,0.00126587349044,0.0017926908331,0.00179132261517,1,0,0,0.37819148372,0.315159556788
LPF,12,103,0.001,0.00146185946949,0.00145952569464,0.00207084347494,0.00206714506026,1,0,0,0.436873660431,0.364061327634
LPF,12,104,0.001,0.00169737058134,0.0016917999777,0.00240951217711,0.00240015240646,1,0,0,0.508323053539,0.423602333369
LPF,12,105,0.001,0.00198251736427,0.00197005940478,0.00282539147884,0.00280329524882,1,0,0,0.596067548816,0.496722265409
LPF,12,106,0.001,0.00232756818125,0.00230154091058,0.00333967385814,0.00329098215563,1,0,0,0.704585021034,0.58715216416
LPF,12,107,0.001,0.00274299512016,0.00269219780671,0.00397791387513,0.00387774360901,1,0,0,0.839252703709,0.699371975982
LPF,12,108,0.001,0.00323790480236,0.00314517327355,0.00476792594418,0.00457587515807,1,0,0,1.00595483294,0.838283340925
LPF,12,109,0.001,0.00381777414965,0.00365914031122,0.0057355533354,0.00539210453396,1,0,0,1.21015896423,1.00843972022
LPF,12,110,0.001,0.0044817569499,0.0042269003509,0.00689757755026,0.00632377463454,1,0,0,1.45542140222,1.21280116818
LPF,12,111,0.001,0.00522016428208,0.00483470209672,0.00825308542699,0.00735552112104,1,0,0,1.74156517647,1.4512167316
LPF,12,112,0.001,0.00601298215656,0.00546266046623,0.00977588724345,0.00845768923901,1,0,0,2.06307513357,1.71908819355
LPF,12,113,0.001,0.00683027769289,0.00608641284661,0.0114112542942,0.00958753535004,1,0,0,2.40840434999,2.00679327443
LPF,12,114,0.001,0.00763493405861,0.00667981378458,0.0130794690922,0.0106935445105,1,0,0,2.76074558036,2.30033483355
LPF,12,115,0.001,0.00838742810712,0.00721816310422,0.0146864634007,0.0117222032974,1,0,0,3.10026249128,2.58315920713
LPF,12,116,0.001,0.00905162802804,0.00768130725734,0.0161391515285,0.0126257228051,1,0,0,3.40731096137,2.83894307317
LPF,12,117,0.001,0.00960020277062,0.00805600792787,0.0173612907529,0.0133688948042,1,0,0,3.66566785782,3.05415989435
LPF,12,118,0.001,0.0100183896625,0.00833720637917,0.0183056760579,0.0139336103306,1,0,0,3.86533065883,3.22048037296
LPF,12,119,0.001,0.010305477712,0.00852813496778,0.0189600810409,0.0143203997483,1,0,0,4.00369635449,3.33573853383
LPF,12,120,0.001,0.0104741613007,0.0086395417313,0.0193468220532,0.0145473309363,1,0,0,4.08547194937,3.40385680678
LPF,12,121,0.001,0.0105486742007,0.00868857424837,0.0195181760937,0.0146474956998,1,0,0,4.12170498206,3.43403844787
LPF,12,122,0.001,0.0105637031377,0.00869845070798,0.0195527728647,0.0146676927465,1,0,0,4.12902113681,3.44013269985
LPF,12,123,0.001,0.027309355123,0.0273112933256,0.0386125072837,0.038532972144,1,20170,0,8.15661071185,6.79420013089
LPF,12,124,0.001,0.0274785439262,0.0274835064171,0.0388438664377,0.0376110522407,1,24995,0,8.2144310439,6.84219511673
LPF,12,125,0.001,0.0276078735629,0.0276054423129,0.0390138663352,0.0308862748701,1,27798,0,8.25754944716,6.87965294254
LPF,12,126,0.001,0.0277250246135,0.0277243035542,0.0391498804092,0.0173228294751,1,29980,0,8.29410537535,6.91135774314
LPF,12,127,0.001,0.0278208424418,0.0278198567751,0.0392714180052,0.00383208731139,1,31779,0,8.32605876589,6.93959504768
LPF,12,0,1.000,0.00167784577088,0.00167795525785,0.918718338013,0.00237224073109,1,0,0,0.590668706109,0.514547687832
LPF,12,1,1.000,0.00216757745038,0.00216762559978,0.918841183186,0.00306482211203,1,0,0,0.687819189586,0.593291746694
LPF,12,2,1.000,0.00242844499359,0.00242846711717,0.918893396854,0.00343373036885,1,0,0,0.739928820847,0.638760969799
LPF,12,3,1.000,0.00265864594225,0.00265864752558,0.91893362999,0.00375926675547,1,0,0,0.807912831026,0.696414727708
LPF,12,4,1.000,0.00287658114152,0.00287656485485,0.918967604637,0.00406745477645,1,0,0,0.8695852615,0.748420687427
LPF,12,5,1.000,0.00308938719056,0.00308935461943,0.918997466564,0.00436838740515,1,0,0,0.92733992882,0.796881948123
LPF,12,6,1.000,0.00330079163872,0.00330074380367,0.919024288654,0.00466733633338,1,0,0,0.990230407768,0.842856724302
LPF,12,7,1.000,0.00351309299089,0.0035130305858,0.919048786163,0.00496755220766,1,0,0,1.05359751524,0.887181118252
LPF,12,8,1.000,0.00372787820439,0.00372780169029,0.919071435928,0.00527127935534,1,0,0,1.11741421349,0.936024797949
LPF,12,9,1.000,0.00394634029406,0.00394624998242,0.919092535973,0.00558020496093,1,0,0,1.18192324795,0.99029355688
LPF,12,10,1.000,0.00416943869475,0.00416933477291,0.919112324715,0.0058956858605,1,0,0,1.24811722366,1.04524359655
LPF,12,11,1.000,0.00439798828807,0.00439787085104,0.919130861759,0.00621887444885,1,0,0,1.31623793652,1.10106406505
LPF,12,12,1.000,0.0046327126034,0.0046325816703,0.919148445129,0.00655079391965,1,0,0,1.38610026988,1.15783118158
LPF,12,13,1.000,0.00487427757417,0.0048741330996,0.919165074825,0.00689238600555,1,0,0,1.45797163468,1.21668002027
LPF,12,14,1.000,0.00512331409513,0.00512315597542,0.919180870056,0.00724454288004,1,0,0,1.53220950423,1.27834006588
LPF,12,15,1.000,0.00538043381828,0.00538026190029,0.919195950031,0.00760812949685,1,0,0,1.60881483099,1.34177075995
LPF,12,16,1.000,0.00564624069866,0.00564605478862,0.919210314751,0.00798399991848,1,0,0,1.68802013717,1.40756253836
LPF,12,17,1.000,0.00592133980845,0.00592113966109,0.919224023819,0.00837300978139,1,0,0,1.77002946986,1.47579469436
LPF,12,18,1.000,0.00620634436285,0.00620612969848,0.919237136841,0.00877602623231,1,0,0,1.85496417967,1.54637185724
LPF,12,19,1.000,0.00650188152195,0.0065016520205,0.919249713421,0.009193936133,1,0,0,1.94307969827,1.61972241586
LPF,12,20,1.000,0.00680859741819,0.00680835271659,0.919261813164,0.00962765317025,1,0,0,2.03451568222,1.69582270625
LPF,12,21,1.000,0.0071271616489,0.00712690135506,0.919273376465,0.0100781242091,1,0,0,2.12949067644,1.77479522301
LPF,12,22,1.000,0.00745827141776,0.00745799508743,0.919284462929,0.0105463351493,1,0,0,2.22821342449,1.85699366428
LPF,12,23,1.000,0.00780265555007,0.00780236271149,0.91929513216,0.0110333166037,1,0,0,2.33089296851,1.94244291089
LPF,12,24,1.000,0.00816107834579,0.0081607684851,0.919305443764,0.0115401493468,1,0,0,2.4377683521,2.03133369879
LPF,12,25,1.000,0.00853434350889,0.00853401607583,0.919315338135,0.0120679698711,1,0,0,2.54906884954,2.12398268382
LPF,12,26,1.000,0.0089232981342,0.00892295253074,0.919324815273,0.0126179760255,1,0,0,2.6650549155,2.22047919375
LPF,12,27,1.000,0.00932883679016,0.00932847237371,0.919333994389,0.0131914327878,1,0,0,2.78598943638,2.32107619702
LPF,12,28,1.000,0.00975190585914,0.00975152195126,0.919342815876,0.0137896784031,1,0,0,2.91215361735,2.4261590476
LPF,12,29,1.000,0.0101935080548,0.0101931039249,0.91935133934,0.0144141307712,1,0,0,3.04385307723,2.53592036398
LPF,12,30,1.000,0.0106547072575,0.0106542821255,0.919359564781,0.0150662942844,1,0,0,3.18139681611,2.65055485743
LPF,12,31,1.000,0.0111366337052,0.011136186732,0.919367492199,0.0157477671677,1,0,0,3.32512755448,2.77034309642
LPF,12,32,1.000,0.0116404894856,0.0116400197879,0.919375121593,0.0164602492451,1,0,0,3.47540260467,2.89558506878
LPF,12,33,1.000,0.0121675545633,0.0121670612091,0.919382452965,0.0172055504627,1,0,0,3.63260050546,3.02659679998
LPF,12,34,1.000,0.0127191932119,0.0127186751925,0.919389545918,0.0179855999835,1,0,0,3.79713263237,3.16371937667
LPF,12,35,1.000,0.0132968610567,0.0132963172928,0.919396400452,0.0188024561464,1,0,0,3.96943058458,3.30731233843
LPF,12,36,1.000,0.0139021126645,0.0139015420321,0.919403016567,0.0196583171993,1,0,0,4.14995526245,3.45776465998
LPF,12,37,1.000,0.0145366098542,0.0145360111339,0.919409394264,0.0205555330494,1,0,0,4.33920784769,3.61548677748
LPF,12,38,1.000,0.0152021307751,0.0152015026839,0.919415533543,0.0214966181021,1,0,0,4.53771354356,3.7809225014
LPF,12,39,1.000,0.015900579744,0.0158999209052,0.919421494007,0.0224842651696,1,0,0,4.74603811566,3.95454463743
LPF,12,40,1.000,0.0166339981495,0.0166333070973,0.919427216053,0.0235213608919,1,0,0,4.96479855992,4.1368595372
LPF,12,41,1.000,0.0174045762488,0.0174038514406,0.919432759285,0.0246110024163,1,0,0,5.1946380298,4.32841352256
LPF,12,42,1.000,0.018214666226,0.0182139059846,0.919438123703,0.0257565158641,1,0,0,5.43625885123,4.52979056496
LPF,12,43,1.000,0.0190667965492,0.0190659991296,0.919443249702,0.0269614766317,1,0,0,5.69042097944,4.74161819392
LPF,12,44,1.000,0.0199636876473,0.0199628511471,0.919448256493,0.0282297315584,1,0,0,5.95792534896,4.9645726876
LPF,12,45,1.000,0.0209082693763,0.0209073917965,0.919453024864,0.029565423625,1,0,0,6.23964393352,5.1993851194
LPF,12,46,1.000,0.0219037001023,0.0219027792804,0.919457674026,0.0309730189379,1,0,0,6.53652879557,5.44683777194
LPF,12,47,1.000,0.0229533879161,0.0229524215622,0.919462144375,0.0324573367283,1,0,0,6.84958180675,5.70777756969
LPF,12,48,1.000,0.0240610141092,0.0240599997706,0.919466435909,0.0340235825475,1,0,0,7.17989784272,5.98311906482
LPF,12,49,1.000,0.0252305590617,0.0252294941118,0.919470608234,0.0356773848757,1,0,0,7.52866041972,6.27385456824
LPF,12,50,1.000,0.0264663310997,0.0264652127169,0.919474601746,0.0374248359254,1,0,0,7.89715652913,6.58105094406
LPF,12,51,1.000,0.027142420049,0.0271412638718,0.919478476048,0.0383808607302,1,18791,0,8.10476985553,6.74977509298
LPF,12,52,1.000,0.027310728877,0.0273095536713,0.919482171535,0.0386188262229,1,23129,0,8.16087482558,6.79510064004
LPF,12,53,1.000,0.0274240264063,0.0274228391277,0.919485747814,0.0387789705396,1,25618,0,8.1964956378,6.82714411719
LPF,12,54,1.000,0.0275130961026,0.0275119114184,0.919489204884,0.0389048287891,1,27434,0,8.22543073978,6.85253496679
LPF,12,55,1.000,0.0275876755652,0.0275864904896,0.919492542744,0.0390101756858,1,28879,0,8.25099728531,6.87484631892
LPF,12,56,1.000,0.0276523130286,0.02765113064,0.919495761395,0.0391014472427,1,30074,0,8.27353593868,6.89345124876
LPF,12,57,1.000,0.0277095578447,0.0277083858023,0.919498860836,0.0391822520338,1,31095,0,8.29376144987,6.91069392913
LPF,12,58,1.000,0.0277609973477,0.0277598412643,0.919501841068,0.0392548378235,1,31990,0,8.31188353116,6.92622409237
LPF,12,59,1.000,0.0278077011185,0.0278065629634,0.919504702091,0.0393207197285,1,32789,0,8.32831951828,6.93989284285
LPF,12,60,1.000,0.0278504343688,0.0278493136659,0.919507443905,0.0393809819955,1,33516,0,8.3433695955,6.95222727442
LPF,12,61,1.000,0.0278897690083,0.0278886650111,0.919510066509,0.0394364351512,1,34187,0,8.35725682763,6.96362585755
LPF,12,62,1.000,0.0279261464013,0.0279250603645,0.919512629509,0.0394877048269,1,34795,0,8.37013750385,6.97416770122
LPF,12,63,1.000,0.0279599155805,0.0279588504892,0.919515073299,0.0395352858161,1,35350,0,8.38212968556,6.98547780069
LPF,12,64,1.000,0.0279913581629,0.027990317285,0.919517397881,0.0395795774072,1,35866,0,8.39333593402,6.99550211791
LPF,12,65,1.000,0.0280207063667,0.0280196917142,0.919519662857,0.0396209088818,1,36338,0,8.40384194141,7.00452927181
LPF,12,66,1.000,0.0280481551515,0.028047167025,0.919521868229,0.039659556688,1,36772,0,8.4137135092,7.01292639843
LPF,12,67,1.000,0.0280738705236,0.0280729079677,0.919523894787,0.0396957561774,1,37186,0,8.42300412109,7.02076874563
LPF,12,68,1.000,0.0280979957145,0.0280970581128,0.919525921345,0.039729710382,1,37570,0,8.43175656852,7.02808198514
LPF,12,69,1.000,0.0281206553082,0.0281197423458,0.919527828693,0.0397615958783,1,37937,0,8.44001229592,7.03490729147
LPF,12,70,1.000,0.0281419587111,0.0281410705658,0.919529616833,0.0397915676972,1,38275,0,8.44780465003,7.041307114
LPF,12,71,1.000,0.0281620027985,0.0281611396667,0.919531404972,0.039819763076,1,38591,0,8.45513239004,7.0473052012
LPF,12,72,1.000,0.0281808739667,0.0281800356125,0.919533073902,0.0398463043747,1,38882,0,8.46202154348,7.05290479037
LPF,12,73,1.000,0.0281986497967,0.0281978356657,0.919534683228,0.0398713014357,1,39159,0,8.46851520917,7.05814277597
LPF,12,74,1.000,0.0282154001351,0.0282146093592,0.919536173344,0.0398948531235,1,39425,0,8.47462821886,7.06304497754
LPF,12,75,1.000,0.0282311881775,0.0282304201213,0.91953766346,0.0399170488585,1,39678,0,8.48039343817,7.06770346673
LPF,12,76,1.000,0.0282460715219,0.0282453257469,0.919539034367,0.0399379701229,1,39913,0,8.48582650867,7.07213059819
LPF,12,77,1.000,0.0282601028721,0.0282593790786,0.919540405273,0.0399576914551,1,40132,0,8.49095139537,7.07630751546
LPF,12,78,1.000,0.0282733305108,0.0282726284665,0.919541656971,0.0399762811177,1,40339,0,8.4957845639,7.08023722877
LPF,12,79,1.000,0.0282857990093,0.0282851184259,0.919542849064,0.039993802107,1,40531,0,8.50034414469,7.08391610579
LPF,12,80,1.000,0.0282975495474,0.0282968897192,0.919544041157,0.0400103126082,1,40711,0,8.50464451881,7.08735653506
LPF,12,81,1.000,0.0283086203374,0.0283079804131,0.91954511404,0.0400258665961,1,40888,0,8.50870015441,7.0905755519
LPF,12,82,1.000,0.0283190468461,0.0283184259112,0.919546127319,0.0400405141503,1,41053,0,8.51252363598,7.09358669958
LPF,12,83,1.000,0.0283288621769,0.0283282592348,0.919547140598,0.0400543019992,1,41206,0,8.51612643678,7.09739433334
LPF,12,84,1.000,0.0283380972942,0.028337511306,0.919548094273,0.0400672738365,1,41351,0,8.51952056562,7.10115149936
LPF,12,85,1.000,0.0283467810665,0.0283462110608,0.919548988342,0.0400794703869,1,41493,0,8.52271403181,7.10456347357
LPF,12,86,1.000,0.0283549407111,0.0283543858745,0.919549822807,0.0400909300347,1,41626,0,8.52571992495,7.10764655318
LPF,12,87,1.000,0.0283626017663,0.0283620614841,0.919550597668,0.0401016887861,1,41749,0,8.52854164422,7.11044874172
LPF,12,88,1.000,0.0283697883071,0.0283692620459,0.919551312923,0.0401117805764,1,41861,0,8.53119579863,7.11301956618
LPF,12,89,1.000,0.0283765230168,0.0283760102511,0.919552028179,0.0401212373679,1,41965,0,8.53368113847,7.11551774866
LPF,12,90,1.000,0.0283828274724,0.0283823277274,0.91955268383,0.0401300895585,1,42067,0,8.53601340058,7.11802603424
LPF,12,91,1.000,0.0283887220247,0.0283882347895,0.919553339481,0.0401383658102,1,42156,0,8.53819452814,7.12031203366
LPF,12,92,1.000,0.0283942260267,0.0283937508,0.919553935528,0.0401460933737,1,42240,0,8.54023038785,7.12240570419
LPF,12,93,1.000,0.0283993578756,0.0283988941313,0.91955447197,0.0401532981466,1,42319,0,8.54213455454,7.12432936613
LPF,12,94,1.000,0.0284041350622,0.0284036822087,0.919554948807,0.0401600047448,1,42391,0,8.54390564543,7.1260997992
LPF,12,95,1.000,0.0284085743833,0.0284081318322,0.919555425644,0.0401662368039,1,42458,0,8.54555073918,7.12773023874
LPF,12,96,1.000,0.0284126918352,0.0284122589367,0.919555902481,0.0401720168268,1,42520,0,8.54708213597,7.12923154065
LPF,12,97,1.000,0.0284165027201,0.0284160788637,0.919556319714,0.0401773663361,1,42580,0,8.54849856203,7.1306097928
LPF,12,98,1.000,0.0284200217407,0.0284196062732,0.919556677341,0.0401823060069,1,42630,0,8.549805681,7.13187116241
LPF,12,99,1.000,0.028423263057,0.0284228553625,0.919557034969,0.040186855748,1,42681,0,8.55101033312,7.13302451688
LPF,12,100,1.000,0.0284262402353,0.028425839681,0.919557332993,0.0401910346289,1,42721,0,8.55212029591,7.13407749128
LPF,12,101,1.000,0.0284289664424,0.0284285724955,0.919557631016,0.0401948611566,1,42766,0,8.55313617954,7.13503681687
LPF,12,102,1.000,0.0284314543067,0.0284310663274,0.919557929039,0.0401983530773,1,42800,0,8.5540628271,7.13590854286
LPF,12,103,1.000,0.0284337161096,0.0284333335697,0.919558167458,0.0402015276461,1,42833,0,8.55490491472,7.13669819012
LPF,12,104,1.000,0.0284357637504,0.028435386131,0.919558405876,0.0402044015806,1,42861,0,8.55566696628,7.13741086129
LPF,12,105,1.000,0.0284376087965,0.0284372355815,0.91955858469,0.0402069911292,1,42890,0,8.55635592168,7.13805132202
LPF,12,106,1.000,0.0284392625093,0.0284388932533,0.919558763504,0.040209312109,1,42915,0,8.55697401363,7.13862406264
LPF,12,107,1.000,0.0284407358534,0.0284403700995,0.919558942318,0.0402113799184,1,42935,0,8.55752453944,7.13913334621
LPF,12,108,1.000,0.0284420395607,0.0284416769343,0.919559061527,0.0402132096273,1,42955,0,8.55801156127,7.13958324711
LPF,12,109,1.000,0.0284431841834,0.0284428242727,0.919559240341,0.0402148160519,1,42976,0,8.55843905273,7.13997768277
LPF,12,110,1.000,0.0284441800263,0.028443822479,0.919559299946,0.0402162136597,1,42992,0,8.55881091087,7.14032044053
LPF,12,111,1.000,0.0284450373098,0.0284446817996,0.919559419155,0.0402174167998,1,43005,0,8.55913096831,7.14061520116
LPF,12,112,1.000,0.0284457660699,0.0284454122697,0.91955947876,0.0402184395595,1,43015,0,8.55940300574,7.14086556005
LPF,12,113,1.000,0.0284463763033,0.0284460239522,0.919559597969,0.0402192959722,1,43027,0,8.55963076516,7.14107504704
LPF,12,114,1.000,0.0284468779014,0.0284465267344,0.919559597969,0.0402199999209,1,43031,0,8.55981796431,7.14124714584
LPF,12,115,1.000,0.0284472808082,0.0284469306044,0.919559657574,0.0402205653635,1,43038,0,8.55996831295,7.14138531397
LPF,12,116,1.000,0.0284475949515,0.0284472454886,0.919559717178,0.0402210062331,1,43043,0,8.56008553197,7.14149300432
LPF,12,117,1.000,0.0284478303868,0.0284474814725,0.919559717178,0.0402213366433,1,43047,0,8.560173377,7.14157369018
LPF,12,118,1.000,0.0284479973441,0.0284476488154,0.919559776783,0.0402215709512,1,43051,0,8.56023566943,7.1416308965
LPF,12,119,1.000,0.0284481063626,0.028447758092,0.919559776783,0.0402217239478,1,43049,0,8.56027634034,7.14166824247
LPF,12,120,1.000,0.0284481684354,0.0284478203188,0.919559776783,0.0402218110607,1,43051,0,8.5602994996,7.14168950693
LPF,12,121,1.000,0.0284481954173,0.0284478473595,0.919559776783,0.0402218489269,1,43051,0,8.56030956342,7.14169874704
LPF,12,122,1.000,0.0284482008093,0.0284478527756,0.919559776783,0.040221856494,1,43051,0,8.56031158115,7.1417005996
LPF,12,123,1.000,0.0284953317661,0.0284950979802,0.919565081596,0.0402879886745,1,43785,0,8.57802050907,7.15750792398
LPF,12,124,1.000,0.0285440647383,0.028543968806,0.919570803642,0.0403563456894,1,44525,0,8.59653682816,7.17502698529
LPF,12,125,1.000,0.0285909973856,0.0285910312905,0.919576585293,0.0404221562726,1,45274,0,8.61448733616,7.19725245101
LPF,12,126,1.000,0.0286362393848,0.0286364168087,0.919582307339,0.0404855777676,1,45969,0,8.63185531898,7.22238884803
LPF,12,127,1.000,0.0286798877632,0.0286802134206,0.919588029385,0.0405467494081,1,46667,0,8.64871268126,7.24427503801
LPF,24,0,0.001,1.39796435358e-06,1.39822538884e-06,0.000918973528314,1.97684973959e-06,1,0,0,0.000590668706776,0.000514547688853
LPF,24,1,0.001,1.80596360344e-06,1.80619362671e-06,0.000918985286262,2.55400088964e-06,1,0,0,0.000687819190549,0.000593291747874
LPF,24,2,0.001,2.02329752345e-06,2.02351900545e-06,0.000918990117498,2.86142443696e-06,1,0,0,0.000739928815914,0.000638760965865
LPF,24,3,0.001,2.21508364436e-06,2.21530049783e-06,0.00091899378458,3.13270475905e-06,1,0,0,0.000807912825816,0.000696414723618
LPF,24,4,0.001,2.39665161248e-06,2.39686597604e-06,0.000918996811379,3.389528109e-06,1,0,0,0.000869585256049,0.000748420683203
LPF,24,5,0.001,2.57394689275e-06,2.57416022203e-06,0.000918999430723,3.6403052991e-06,1,0,0,0.000927339923153,0.000796881943777
LPF,24,6,0.001,2.75007489074e-06,2.75028829361e-06,0.000919001817238,3.88942940516e-06,1,0,0,0.000990230411721,0.000842856719844
LPF,24,7,0.001,2.92695048726e-06,2.92716486716e-06,0.000919003970921,4.13960930117e-06,1,0,0,0.00105359751917,0.000887181113594
LPF,24,8,0.001,3.10589577666e-06,3.10611190885e-06,0.000919005949982,4.39271525872e-06,1,0,0,0.00111741421738,0.000936024801067
LPF,24,9,0.001,3.28790466369e-06,3.28812323919e-06,0.000919007754419,4.65015326349e-06,1,0,0,0.00118192325178,0.000990293559966
LPF,24,10,0.001,3.47377646142e-06,3.47399810917e-06,0.000919009442441,4.91305401203e-06,1,0,0,0.00124811720988,0.0010452435996
LPF,24,11,0.001,3.66419006052e-06,3.6644153706e-06,0.000919011014048,5.18237783686e-06,1,0,0,0.00131623792246,0.00110106406787
LPF,24,12,0.001,3.8597482408e-06,3.8599777728e-06,0.00091901246924,5.45897739254e-06,1,0,0,0.00138610025557,0.00115783118432
LPF,24,13,0.001,4.06100581169e-06,4.06124010173e-06,0.000919013866223,5.74363746512e-06,1,0,0,0.00145797161381,0.00121668000889
LPF,24,14,0.001,4.26848838468e-06,4.26872796536e-06,0.000919015205,6.03710152882e-06,1,0,0,0.0015322094826,0.00127834005434
LPF,24,15,0.001,4.48270554297e-06,4.48295093438e-06,0.000919016485568,6.34009037657e-06,1,0,0,0.00160881480859,0.00134177074825
LPF,24,16,0.001,4.70416045899e-06,4.70441217611e-06,0.000919017649721,6.65331572525e-06,1,0,0,0.00168802012661,0.00140756251891
LPF,24,17,0.001,4.93335724267e-06,4.93361580701e-06,0.000919018813875,6.97749061103e-06,1,0,0,0.00177002945865,0.00147579467425
LPF,24,18,0.001,5.17080678439e-06,5.1710727188e-06,0.000919019861612,7.31333765453e-06,1,0,0,0.00185496416778,0.00154637183647
LPF,24,19,0.001,5.41703159315e-06,5.41730542728e-06,0.00091902090935,7.66159590517e-06,1,0,0,0.00194307969488,0.00161972240553
LPF,24,20,0.001,5.67256998562e-06,5.67285226225e-06,0.000919021898881,8.02302676659e-06,1,0,0,0.00203451567832,0.00169582269526
LPF,24,21,0.001,5.93797983675e-06,5.93827110586e-06,0.000919022830203,8.39841930222e-06,1,0,0,0.00212949068104,0.00177479522002
LPF,24,22,0.001,6.21384201048e-06,6.21414283964e-06,0.000919023761526,8.78859508799e-06,1,0,0,0.00222821342885,0.00185699366079
LPF,24,23,0.001,6.50076372271e-06,6.50107470623e-06,0.000919024634641,9.19441296914e-06,1,0,0,0.00233089295722,0.00194244290686
LPF,24,24,0.001,6.79938174036e-06,6.79970347706e-06,0.000919025449548,9.6167735854e-06,1,0,0,0.00243776834071,0.00203133370081
LPF,24,25,0.001,7.11036567155e-06,7.11069878574e-06,0.000919026264455,1.00566240245e-05,1,0,0,0.00254906886214,0.00212398268557
LPF,24,26,0.001,7.43442126242e-06,7.43476640874e-06,0.000919027021155,1.05149624856e-05,1,0,0,0.00266505492829,0.00222047919519
LPF,24,27,0.001,7.77229382018e-06,7.77265167089e-06,0.000919027719647,1.09928431208e-05,1,0,0,0.0027859894438,0.00232107618688
LPF,24,28,0.001,8.12477181304e-06,8.12514307411e-06,0.000919028476346,1.14913811268e-05,1,0,0,0.00291215362516,0.0024261590545
LPF,24,29,0.001,8.49269065241e-06,8.49307605864e-06,0.000919029116631,1.20117580946e-05,1,0,0,0.0030438531023,0.00253592036985
LPF,24,30,0.001,8.87693671301e-06,8.87733703315e-06,0.000919029756915,1.25552276958e-05,1,0,0,0.00318139680246,0.00265055485262
LPF,24,31,0.001,9.27845163463e-06,9.27886768147e-06,0.000919030397199,1.31231217662e-05,1,0,0,0.00332512754114,0.00277034309163
LPF,24,32,0.001,9.6982369344e-06,9.69866954656e-06,0.000919031037483,1.37168568302e-05,1,0,0,0.00347540258466,0.00289558507424
LPF,24,33,0.001,1.01373590154e-05,1.01378090767e-05,0.00091903161956,1.43379411846e-05,1,0,0,0.003632600511,0.00302659680886
LPF,24,34,0.001,1.05969545005e-05,1.05974229463e-05,0.000919032143429,1.49879824422e-05,1,0,0,0.00379713263727,0.0031637193857
LPF,24,35,0.001,1.10782361643e-05,1.10787239867e-05,0.000919032725506,1.56686959227e-05,1,0,0,0.0039694305794,0.00330731234799
LPF,24,36,0.001,1.15824991628e-05,1.15830073762e-05,0.000919033249374,1.6381913463e-05,1,0,0,0.00414995525336,0.00345776467006
LPF,24,37,0.001,1.21111280473e-05,1.21116577615e-05,0.000919033715036,1.71295933381e-05,1,0,0,0.00433920783825,0.00361548678807
LPF,24,38,0.001,1.26656042744e-05,1.26661566338e-05,0.000919034180697,1.79138308827e-05,1,0,0,0.00453771353298,0.0037809225151
LPF,24,39,0.001,1.32475144212e-05,1.32480906387e-05,0.000919034646358,1.87368701107e-05,1,0,0,0.00474603810461,0.00395454465169
LPF,24,40,0.001,1.3858559253e-05,1.3859160631e-05,0.00091903511202,1.96011165405e-05,1,0,0,0.00496479854698,0.00413685955204
LPF,24,41,0.001,1.4500563579e-05,1.45011914799e-05,0.000919035577681,2.05091511339e-05,1,0,0,0.0051946380108,0.00432841352617
LPF,24,42,0.001,1.51754871255e-05,1.51761429884e-05,0.000919035985135,2.14637456763e-05,1,0,0,0.00543625883135,0.00452979056906
LPF,24,43,0.001,1.58854364618e-05,1.58861218209e-05,0.000919036392588,2.24678796429e-05,1,0,0,0.00569042098183,0.00474161819853
LPF,24,44,0.001,1.66326781157e-05,1.66333946072e-05,0.000919036741834,2.35247587497e-05,1,0,0,0.00595792532185,0.00496457269442
LPF,24,45,0.001,1.74196530875e-05,1.74204024425e-05,0.000919037149288,2.46378354813e-05,1,0,0,0.0062396438939,0.0051993851267
LPF,24,46,0.001,1.82489927498e-05,1.82497768232e-05,0.000919037498534,2.58108315796e-05,1,0,0,0.00653652875506,0.00544683777972
LPF,24,47,0.001,1.91235365453e-05,1.91243572874e-05,0.00091903784778,2.70477630751e-05,1,0,0,0.00684958177936,0.00570777757798
LPF,24,48,0.001,2.00463515241e-05,2.00472110477e-05,0.000919038197026,2.83529679191e-05,1,0,0,0.00717989783684,0.00598311907363
LPF,24,49,0.001,2.10207539412e-05,2.10216544744e-05,0.000919038488064,2.97311365317e-05,1,0,0,0.00752866042254,0.00627385457138
LPF,24,50,0.001,2.2050333258e-05,2.20512771847e-05,0.00091903883731,3.11873457478e-05,1,0,0,0.00789715653126,0.00658105094767
LPF,24,51,0.001,2.31389788886e-05,2.31399687621e-05,0.000919039128348,3.27270966473e-05,1,0,0,0.00828676974045,0.00690586584047
LPF,24,52,0.001,2.42909098035e-05,2.42919483636e-05,0.000919039419387,3.43563564253e-05,1,0,0,0.00869899949952,0.00724955967593
LPF,24,53,0.001,2.55107076683e-05,2.55117978509e-05,0.000919039652217,3.60816052621e-05,1,0,0,0.0091354773307,0.00761349291796
LPF,24,54,0.001,2.68033537674e-05,2.68044986938e-05,0.000919039943255,3.7909888548e-05,1,0,0,0.00959797572778,0.00799914833273
LPF,24,55,0.001,2.81742702504e-05,2.81754733215e-05,0.000919040176086,3.98488752201e-05,1,0,0,0.0100884221809,0.00840813409558
LPF,24,56,0.001,2.96293663792e-05,2.96306311987e-05,0.000919040467124,4.19069231737e-05,1,0,0,0.0106094159561,0.00884221371504
LPF,24,57,0.001,3.11750904183e-05,3.11764208835e-05,0.000919040699955,4.40931526542e-05,1,0,0,0.0111628713741,0.00930329319525
LPF,24,58,0.001,3.28184878013e-05,3.2819888104e-05,0.000919040932786,4.64175285258e-05,1,0,0,0.0117512992606,0.00979346294356
LPF,24,59,0.001,3.45672666702e-05,3.45687413427e-05,0.000919041107409,4.88909529685e-05,1,0,0,0.0123774595605,0.0103150072862
LPF,24,60,0.001,3.64298719542e-05,3.6431425909e-05,0.000919041340239,5.15253702542e-05,1,0,0,0.0130443759562,0.0108704252151
LPF,24,61,0.001,3.84155685774e-05,3.84172071025e-05,0.00091904157307,5.43338844318e-05,1,0,0,0.0137553657175,0.0114627263308
LPF,24,62,0.001,4.05345362237e-05,4.05362650241e-05,0.000919041747693,5.73308933605e-05,1,0,0,0.0145140734348,0.0120949834765
LPF,24,63,0.001,4.27979761947e-05,4.27998014844e-05,0.000919041922316,6.05322398474e-05,1,0,0,0.0153245091741,0.0127703481634
LPF,24,64,0.001,4.52182333521e-05,4.52201618415e-05,0.000919042096939,6.39553841182e-05,1,0,0,0.0161910916299,0.0134925037147
LPF,24,65,0.001,4.78089346231e-05,4.78109736145e-05,0.000919042271562,6.7619599716e-05,1,0,0,0.0171186968812,0.0142655158118
LPF,24,66,0.001,5.05851471814e-05,5.05873046759e-05,0.000919042446185,7.15461972285e-05,1,0,0,0.0181127153161,0.0150938794373
LPF,24,67,0.001,5.356355937e-05,5.35658439851e-05,0.000919042620808,7.57587801788e-05,1,0,0,0.0191791126533,0.0159825723068
LPF,24,68,0.001,5.6762688085e-05,5.67651093024e-05,0.000919042737223,8.02835383443e-05,1,0,0,0.020324494563,0.0169371156161
LPF,24,69,0.001,6.02031169927e-05,6.02056851396e-05,0.000919042911846,8.51495846844e-05,1,0,0,0.0215561883551,0.017963644828
LPF,24,70,0.001,6.3907771259e-05,6.39104976545e-05,0.000919043028262,9.03893439089e-05,1,0,0,0.022882635569,0.0190689870502
LPF,24,71,0.001,6.790223446e-05,6.79051315514e-05,0.000919043202884,9.60390007084e-05,1,0,0,0.0243128755226,0.0202607437588
LPF,24,72,0.001,7.22151159523e-05,7.22181973599e-05,0.0009190433193,0.000102139019352,1,0,0,0.0258571251102,0.0215475941239
LPF,24,73,0.001,7.68784773714e-05,7.68817581119e-05,0.000919043435715,0.000108734746916,1,0,0,0.0275268611335,0.0229390458941
LPF,24,74,0.001,8.19283292503e-05,8.19318258686e-05,0.00091904355213,0.000115877115684,1,0,0,0.0293349700384,0.0244458158139
LPF,24,75,0.001,8.74052115597e-05,8.74089423369e-05,0.000919043668546,0.000123623464251,1,0,0,0.0312959680232,0.0260799956274
LPF,24,76,0.001,9.33548739141e-05,9.33588591174e-05,0.000919043784961,0.000132038499583,1,0,0,0.0334262786804,0.0278552288985
LPF,24,77,0.001,9.98290751985e-05,9.98333373007e-05,0.000919043843169,0.000141195427993,1,0,0,0.0357444015008,0.0297869995052
LPF,24,78,0.001,0.00010688652727,0.000106891091206,0.000919043959584,0.000151177289877,1,0,0,0.038271355171,0.0318927985286
LPF,24,79,0.001,0.000114594012044,0.000114598905635,0.000919044075999,0.000162078539697,1,0,0,0.0410310654618,0.0341925542237
LPF,24,80,0.001,0.000123027709479,0.000123032963861,0.000919044134207,0.000174006924242,1,0,0,0.0440508004254,0.0367090000686
LPF,24,81,0.001,0.000132274781716,0.000132280431612,0.000919044250622,0.000187085723193,1,0,0,0.0473617688719,0.0394681406195
LPF,24,82,0.001,0.000142435271195,0.000142441355792,0.00091904430883,0.000201456433759,1,0,0,0.0509997917963,0.042499826497
LPF,24,83,0.001,0.000153624383802,0.000153630947163,0.000919044367038,0.000217281999905,1,0,0,0.0550061193829,0.0458384328191
LPF,24,84,0.001,0.000165975248388,0.000165982340146,0.000919044425245,0.000234750715327,1,0,0,0.0594284191174,0.0495236825978
LPF,24,85,0.001,0.000179642267936,0.000179649944576,0.000919044541661,0.000254080963259,1,0,0,0.0643219758395,0.0536016465329
LPF,24,86,0.001,0.00019480520764,0.000194813533021,0.000919044599868,0.000275526998532,1,0,0,0.0697511556209,0.0581259630173
LPF,24,87,0.001,0.000211674211403,0.000211683258718,0.000919044658076,0.000299386042767,1,0,0,0.0757912015639,0.0631593346363
LPF,24,88,0.001,0.000230495986305,0.000230505838909,0.000919044716284,0.00032600703151,1,0,0,0.0825304487317,0.0687753739433
LPF,24,89,0.001,0.000251561478804,0.000251572232925,0.000919044774491,0.000355801471244,1,0,0,0.0900730721517,0.07506089346
LPF,24,90,0.001,0.000275215452298,0.000275227218617,0.000919044774491,0.000389256985611,1,0,0,0.098542516376,0.082118763647
LPF,24,91,0.001,0.000301868522496,0.00030188142936,0.000919044832699,0.000426954337912,1,0,0,0.108085804916,0.0900715040966
LPF,24,92,0.001,0.000332012383105,0.000332026579438,0.000919044890907,0.000469588965883,1,0,0,0.118878991591,0.0990658263263
LPF,24,93,0.001,0.000366239206036,0.000366254864188,0.000919044949114,0.000517998420805,1,0,0,0.131134107706,0.109278423089
LPF,24,94,0.001,0.00040526655425,0.000405283866819,0.000919044949114,0.000573197603526,1,0,0,0.145108084828,0.120923404024
LPF,24,95,0.001,0.000449969627536,0.000449988775166,0.000919045007322,0.000636424371993,1,0,0,0.16111431097,0.134261925808
LPF,24,96,0.001,0.000501423312055,0.000501444310967,0.00091904506553,0.000709199014925,1,0,0,0.179537731322,0.149614776101
LPF,24,97,0.001,0.000560957368087,0.000560979477237,0.00091904506553,0.000793402307812,1,0,0,0.200854771041,0.167378975866
LPF,24,98,0.001,0.000630229072477,0.000630248744306,0.000919045123737,0.000891378256192,1,0,0,0.22565988868,0.18804990722
LPF,24,99,0.001,0.000711318489149,0.00071132299029,0.0010061217472,0.00100606884233,1,0,0,0.25470134977,0.212251124715
LPF,24,100,0.001,0.000806851528962,0.000806800912971,0.00114132312592,0.00114118806819,1,0,0,0.28892996634,0.2407749715
LPF,24,101,0.001,0.000920153497694,0.000919934412584,0.00130183971487,0.00130143907008,1,0,0,0.329566070518,0.274638389495
LPF,24,102,0.001,0.00105542815273,0.00105474672308,0.0014939137036,0.00149276705892,1,0,0,0.37819148372,0.315159556788
LPF,24,103,0.001,0.00121794048889,0.0012160985114,0.00172570219729,0.001722616465,1,0,0,0.436873660431,0.364061327634
LPF,24,104,0.001,0.00141415169517,0.00140962796794,0.00200788653456,0.00200011671329,1,0,0,0.508323053539,0.423602333369
LPF,24,105,0.001,0.00165171221562,0.0016414678237,0.00235443119891,0.00233605680596,1,0,0,0.596067548816,0.496722265409
LPF,24,106,0.001,0.00193917340369,0.00191764468493,0.00278305448592,0.00274243857939,1,0,0,0.704585021034,0.58715216416
LPF,24,107,0.001,0.00228525440972,0.00224311465022,0.0033149307128,0.0032313627003,1,0,0,0.839252703709,0.699371975982
LPF,24,108,0.001,0.00269753471708,0.00262049184323,0.0039732735604,0.00381306456721,1,0,0,1.00595483294,0.838283340925
LPF,24,109,0.001,0.00318056825718,0.00304866606507,0.00477962801233,0.00449313787068,1,0,0,1.21015896423,1.00843972022
LPF,24,110,0.001,0.003733640877,0.00352163629619,0.00574797810987,0.00526935609488,1,0,0,1.45542140222,1.21280116818
LPF,24,111,0.001,0.00434867355811,0.00402794431164,0.00687756203115,0.00612890734694,1,0,0,1.74156517647,1.4512167316
LPF,24,112,0.001,0.00500899019133,0.00455102457395,0.00814655330032,0.00704707878257,1,0,0,2.06307513357,1.71908819355
LPF,24,113,0.001,0.005689658201,0.00507058437568,0.00950934365392,0.00798826044427,1,0,0,2.40840434999,2.00679327443
LPF,24,114,0.001,0.00635976770072,0.00556484837835,0.0108995046467,0.00890954332875,1,0,0,2.76074558036,2.30033483355
LPF,24,115,0.001,0.00698641027095,0.00601324685466,0.0122386449948,0.00976636057652,1,0,0,3.10026249128,2.58315920713
LPF,24,116,0.001,0.00753950560434,0.00639899800087,0.0134491967037,0.0105189182409,1,0,0,3.40731096137,2.83894307317
LPF,24,117,0.001,0.00799630381443,0.00671107981351,0.0144676277414,0.0111379029386,1,0,0,3.66566785782,3.05415989435
LPF,24,118,0.001,0.00834452037699,0.00694528237868,0.0152545981109,0.011608242453,1,0,0,3.86533065883,3.22048037296
LPF,24,119,0.001,0.00858356963301,0.00710430026513,0.0157999247313,0.011930386517,1,0,0,4.00369635449,3.33573853383
LPF,24,120,0.001,0.00872402581586,0.00719708666246,0.0161222014576,0.012119388273,1,0,0,4.08547194937,3.40385680678
LPF,24,121,0.001,0.008786069466,0.00723792384124,0.0162649918348,0.0122028110508,1,0,0,4.12170498206,3.43403844787
LPF,24,122,0.001,0.00879858338003,0.00724614952659,0.016293823719,0.0122196322364,1,0,0,4.12902113681,3.44013269985
LPF,24,123,0.001,0.0227545447325,0.0227531812299,0.0321808718145,0.0321130655216,1,20170,0,8.15661071185,6.79420013089
LPF,24,124,0.001,0.0229051718157,0.0229019866697,0.0323908515275,0.0313471414091,1,24995,0,8.2144310439,6.84219511673
LPF,24,125,0.001,0.0230237732642,0.023024463746,0.0325567312539,0.0257630892264,1,27798,0,8.25754944716,6.87965294254
LPF,24,126,0.001,0.0231256484291,0.0231263340774,0.0326996445656,0.0144452038442,1,29980,0,8.29410537535,6.91135774314
LPF,24,127,0.001,0.0232203876365,0.02322189239,0.0328292511404,0.00318327652103,1,31779,0,8.32605876589,6.93959504768
LPF,24,0,1.000,0.00139796435304,0.00139822538939,0.917822599411,0.00197684973882,1,0,0,0.590668706109,0.514547687832
LPF,24,1,1.000,0.0018059636033,0.0018061936265,0.917832911015,0.00255400088942,1,0,0,0.687819189586,0.593291746694
LPF,24,2,1.000,0.00202329752474,0.00202351900733,0.917837142944,0.00286142443877,1,0,0,0.739928820847,0.638760969799
LPF,24,3,1.000,0.00221508364428,0.00221530049857,0.9178404212,0.00313270475891,1,0,0,0.807912831026,0.696414727708
LPF,24,4,1.000,0.00239665161196,0.00239686597546,0.917843103409,0.00338952810826,1,0,0,0.8695852615,0.748420687427
LPF,24,5,1.000,0.00257394689332,0.0025741602223,0.91784542799,0.0036403052999,1,0,0,0.92733992882,0.796881948123
LPF,24,6,1.000,0.00275007489052,0.00275028829402,0.917847514153,0.00388942940485,1,0,0,0.990230407768,0.842856724302
LPF,24,7,1.000,0.0029269504874,0.00292716486703,0.917849361897,0.00413960930137,1,0,0,1.05359751524,0.887181118252
LPF,24,8,1.000,0.00310589577572,0.00310611190888,0.917851090431,0.00439271525738,1,0,0,1.11741421349,0.936024797949
LPF,24,9,1.000,0.00328790466377,0.0032881232409,0.917852699757,0.00465015326358,1,0,0,1.18192324795,0.99029355688
LPF,24,10,1.000,0.00347377646104,0.00347399810929,0.917854189873,0.00491305401149,1,0,0,1.24811722366,1.04524359655
LPF,24,11,1.000,0.00366419006079,0.00366441537133,0.91785556078,0.00518237783725,1,0,0,1.31623793652,1.10106406505
LPF,24,12,1.000,0.00385974824101,0.00385997777252,0.917856872082,0.00545897739284,1,0,0,1.38610026988,1.15783118158
LPF,24,13,1.000,0.00406100581261,0.00406124010453,0.917858123779,0.00574363746642,1,0,0,1.45797163468,1.21668002027
LPF,24,14,1.000,0.00426848838399,0.00426872796622,0.917859315872,0.00603710152785,1,0,0,1.53220950423,1.27834006588
LPF,24,15,1.000,0.00448270554277,0.0044829509342,0.917860388756,0.00634009037627,1,0,0,1.60881483099,1.34177075995
LPF,24,16,1.000,0.00470416046031,0.00470441217729,0.917861461639,0.00665331572713,1,0,0,1.68802013717,1.40756253836
LPF,24,17,1.000,0.00493335724543,0.00493361580672,0.917862474918,0.00697749061493,1,0,0,1.77002946986,1.47579469436
LPF,24,18,1.000,0.00517080678352,0.00517107271471,0.917863428593,0.00731333765329,1,0,0,1.85496417967,1.54637185724
LPF,24,19,1.000,0.00541703159454,0.00541730542823,0.917864322662,0.00766159590713,1,0,0,1.94307969827,1.61972241586
LPF,24,20,1.000,0.00567256999224,0.00567285226708,0.917865157127,0.00802302677595,1,0,0,2.03451568222,1.69582270625
LPF,24,21,1.000,0.00593797983708,0.00593827110663,0.917865991592,0.00839841930268,1,0,0,2.12949067644,1.77479522301
LPF,24,22,1.000,0.00621384201411,0.00621414284877,0.917866826057,0.00878859509311,1,0,0,2.22821342449,1.85699366428
LPF,24,23,1.000,0.00650076371884,0.00650107470093,0.917867600918,0.00919441296368,1,0,0,2.33089296851,1.94244291089
LPF,24,24,1.000,0.00679938173907,0.00679970347376,0.917868316174,0.00961677358356,1,0,0,2.4377683521,2.03133369879
LPF,24,25,1.000,0.00711036567366,0.00711069879284,0.917869031429,0.0100566240275,1,0,0,2.54906884954,2.12398268382
LPF,24,26,1.000,0.00743442126425,0.00743476641173,0.91786968708,0.0105149624882,1,0,0,2.6650549155,2.22047919375
LPF,24,27,1.000,0.00777229381641,0.00777265167009,0.917870342731,0.0109928431155,1,0,0,2.78598943638,2.32107619702
LPF,24,28,1.000,0.00812477181489,0.00812514307468,0.917870938778,0.0114913811294,1,0,0,2.91215361735,2.4261590476
LPF,24,29,1.000,0.00849269065401,0.0084930760623,0.917871534824,0.0120117580969,1,0,0,3.04385307723,2.53592036398
LPF,24,30,1.000,0.00887693671557,0.0088773370406,0.917872130871,0.0125552276994,1,0,0,3.18139681611,2.65055485743
LPF,24,31,1.000,0.00927845163762,0.00927886767992,0.917872667313,0.0131231217704,1,0,0,3.32512755448,2.77034309642
LPF,24,32,1.000,0.00969823693873,0.00969866954946,0.917873203754,0.0137168568364,1,0,0,3.47540260467,2.89558506878
LPF,24,33,1.000,0.0101373590121,0.0101378090771,0.917873740196,0.01433794118,1,0,0,3.63260050546,3.02659679998
LPF,24,34,1.000,0.0105969545073,0.010597422958,0.917874217033,0.0149879824518,1,0,0,3.79713263237,3.16371937667
LPF,24,35,1.000,0.0110782361611,0.0110787239827,0.917874693871,0.0156686959181,1,0,0,3.96943058458,3.30731233843
LPF,24,36,1.000,0.0115824991626,0.0115830073857,0.917875170708,0.0163819134627,1,0,0,4.14995526245,3.45776465998
LPF,24,37,1.000,0.0121111280485,0.0121116577646,0.91787558794,0.0171295933398,1,0,0,4.33920784769,3.61548677748
LPF,24,38,1.000,0.0126656042715,0.0126661566352,0.917876005173,0.0179138308786,1,0,0,4.53771354356,3.7809225014
LPF,24,39,1.000,0.0132475144258,0.0132480906521,0.917876422405,0.0187368701173,1,0,0,4.74603811566,3.95454463743
LPF,24,40,1.000,0.0138585592581,0.0138591606305,0.917876839638,0.0196011165476,1,0,0,4.96479855992,4.1368595372
LPF,24,41,1.000,0.0145005635724,0.0145011914708,0.917877197266,0.0205091511247,1,0,0,5.1946380298,4.32841352256
LPF,24,42,1.000,0.015175487137,0.0151761429983,0.917877554893,0.0214637456927,1,0,0,5.43625885123,4.52979056496
LPF,24,43,1.000,0.0158854364688,0.0158861218304,0.917877912521,0.0224678796528,1,0,0,5.69042097944,4.74161819392
LPF,24,44,1.000,0.0166326781252,0.0166333946255,0.917878270149,0.023524758763,1,0,0,5.95792534896,4.9645726876
LPF,24,45,1.000,0.0174196530848,0.0174204024483,0.917878627777,0.0246378354775,1,0,0,6.23964393352,5.1993851194
LPF,24,46,1.000,0.0182489927354,0.0182497768058,0.9178789258,0.0258108315593,1,0,0,6.53652879557,5.44683777194
LPF,24,47,1.000,0.0191235365428,0.0191243572906,0.917879223824,0.0270477630716,1,0,0,6.84958180675,5.70777756969
LPF,24,48,1.000,0.020046351527,0.0200472110442,0.917879521847,0.0283529679232,1,0,0,7.17989784272,5.98311906482
LPF,24,49,1.000,0.021020753923,0.0210216544567,0.91787981987,0.029731136506,1,0,0,7.52866041972,6.27385456824
LPF,24,50,1.000,0.0220503332458,0.0220512771847,0.917880058289,0.0311873457305,1,0,0,7.89715652913,6.58105094406
LPF,24,51,1.000,0.022613615241,0.0226145908151,0.917880356312,0.031984033958,1,18791,0,8.10476985553,6.74977509298
LPF,24,52,1.000,0.0227538252506,0.0227548163202,0.91788059473,0.0321823399447,1,23129,0,8.16087482558,6.79510064004
LPF,24,53,1.000,0.0228481834142,0.0228491799839,0.917880833149,0.0323157956103,1,25618,0,8.1964956378,6.82714411719
LPF,24,54,1.000,0.0229223401607,0.0229233435359,0.917881071568,0.032420680171,1,27434,0,8.22543073978,6.85253496679
LPF,24,55,1.000,0.0229844108692,0.0229854102305,0.917881309986,0.0325084716432,1,28879,0,8.25099728531,6.87484631892
LPF,24,56,1.000,0.0230381875226,0.0230391780464,0.917881548405,0.0325845332235,1,30074,0,8.27353593868,6.89345124876
LPF,24,57,1.000,0.0230857964526,0.0230867788259,0.917881727219,0.0326518720668,1,31095,0,8.29376144987,6.91069392913
LPF,24,58,1.000,0.0231285624351,0.0231295367648,0.917881906033,0.032712361801,1,31990,0,8.31188353116,6.92622409237
LPF,24,59,1.000,0.0231673783025,0.0231683418333,0.917882144451,0.0327672651323,1,32789,0,8.32831951828,6.93989284285
LPF,24,60,1.000,0.0232028829935,0.0232038314205,0.917882323265,0.0328174856366,1,33516,0,8.3433695955,6.95222727442
LPF,24,61,1.000,0.0232355539614,0.0232364831749,0.917882502079,0.0328636984836,1,34187,0,8.35725682763,6.96362585755
LPF,24,62,1.000,0.0232657598977,0.023266668095,0.917882680893,0.0329064250491,1,34795,0,8.37013750385,6.97416770122
LPF,24,63,1.000,0.0232937923703,0.0232946798704,0.917882800102,0.0329460776157,1,35350,0,8.38212968556,6.98547780069
LPF,24,64,1.000,0.0233198866901,0.0233207547288,0.917882978916,0.0329829889396,1,35866,0,8.39333593402,6.99550211791
LPF,24,65,1.000,0.0233442368969,0.0233450861877,0.91788315773,0.0330174334356,1,36338,0,8.40384194141,7.00452927181
LPF,24,66,1.000,0.0233670058539,0.0233678359235,0.917883276939,0.0330496414341,1,36772,0,8.4137135092,7.01292639843
LPF,24,67,1.000,0.0233883322551,0.0233891418821,0.917883396149,0.0330798090615,1,37186,0,8.42300412109,7.02076874563
LPF,24,68,1.000,0.0234083356642,0.0234091241235,0.917883574963,0.0331081053925,1,37570,0,8.43175656852,7.02808198514
LPF,24,69,1.000,0.0234271201737,0.0234278872027,0.917883694172,0.0331346776359,1,37937,0,8.44001229592,7.03490729147
LPF,24,70,1.000,0.0234447772227,0.0234455233863,0.917883813381,0.0331596551064,1,38275,0,8.44780465003,7.041307114
LPF,24,71,1.000,0.0234613876349,0.0234621134655,0.91788393259,0.0331831521012,1,38591,0,8.45513239004,7.0473052012
LPF,24,72,1.000,0.0234770235873,0.0234777293705,0.9178840518,0.0332052706926,1,38882,0,8.46202154348,7.05290479037
LPF,24,73,1.000,0.0234917497694,0.0234924356053,0.917884171009,0.0332261023657,1,39159,0,8.46851520917,7.05814277597
LPF,24,74,1.000,0.0235056244311,0.0235062903699,0.917884230614,0.0332457295,1,39425,0,8.47462821886,7.06304497754
LPF,24,75,1.000,0.0235187003116,0.0235193466143,0.917884349823,0.0332642266792,1,39678,0,8.48039343817,7.06770346673
LPF,24,76,1.000,0.0235310253954,0.0235316525151,0.917884469032,0.0332816617715,1,39913,0,8.48582650867,7.07213059819
LPF,24,77,1.000,0.0235426435884,0.0235432521822,0.917884528637,0.0332980968798,1,40132,0,8.49095139537,7.07630751546
LPF,24,78,1.000,0.0235535951497,0.0235541860663,0.917884588242,0.0333135889508,1,40339,0,8.4957845639,7.08023722877
LPF,24,79,1.000,0.0235639171596,0.0235644912954,0.917884707451,0.0333281904361,1,40531,0,8.50034414469,7.08391610579
LPF,24,80,1.000,0.0235736438912,0.0235742018349,0.917884767056,0.0333419498179,1,40711,0,8.50464451881,7.08735653506
LPF,24,81,1.000,0.0235828071338,0.0235833492942,0.91788482666,0.0333549120652,1,40888,0,8.50870015441,7.0905755519
LPF,24,82,1.000,0.0235914363946,0.0235919631568,0.917884945869,0.0333671189195,1,41053,0,8.51252363598,7.09358669958
LPF,24,83,1.000,0.0235995591806,0.0236000708975,0.917885005474,0.0333786092927,1,41206,0,8.51612643678,7.09739433334
LPF,24,84,1.000,0.023607201221,0.023607698138,0.917885065079,0.033389419582,1,41351,0,8.51952056562,7.10115149936
LPF,24,85,1.000,0.0236143865588,0.0236148690885,0.917885124683,0.0333995837988,1,41493,0,8.52271403181,7.10456347357
LPF,24,86,1.000,0.0236211377671,0.0236216064585,0.917885184288,0.0334091338769,1,41626,0,8.52571992495,7.10764655318
LPF,24,87,1.000,0.0236274760578,0.0236279316128,0.917885243893,0.0334180998255,1,41749,0,8.52854164422,7.11044874172
LPF,24,88,1.000,0.0236334214221,0.0236338646331,0.917885243893,0.0334265099272,1,41861,0,8.53119579863,7.11301956618
LPF,24,89,1.000,0.0236389927427,0.0236394243959,0.917885303497,0.0334343908966,1,41965,0,8.53368113847,7.11551774866
LPF,24,90,1.000,0.0236442078512,0.023644628744,0.917885363102,0.0334417679608,1,42067,0,8.53601340058,7.11802603424
LPF,24,91,1.000,0.0236490836668,0.023649494598,0.917885422707,0.0334486650565,1,42156,0,8.53819452814,7.12031203366
LPF,24,92,1.000,0.023653636238,0.0236540379603,0.917885422707,0.0334551048887,1,42240,0,8.54023038785,7.12240570419
LPF,24,93,1.000,0.0236578808134,0.0236582740158,0.917885482311,0.0334611090298,1,42319,0,8.54213455454,7.12432936613
LPF,24,94,1.000,0.0236618319512,0.0236622172575,0.917885482311,0.033466698076,1,42391,0,8.54390564543,7.1260997992
LPF,24,95,1.000,0.0236655035136,0.0236658814815,0.917885541916,0.0334718916387,1,42458,0,8.54555073918,7.12773023874
LPF,24,96,1.000,0.02366890876,0.0236692798961,0.917885541916,0.033476708476,1,42520,0,8.54708213597,7.12923154065
LPF,24,97,1.000,0.0236720603811,0.0236724251537,0.917885601521,0.0334811665416,1,42580,0,8.54849856203,7.1306097928
LPF,24,98,1.000,0.0236749705735,0.0236753294351,0.917885601521,0.0334852830902,1,42630,0,8.549805681,7.13187116241
LPF,24,99,1.000,0.0236776510374,0.0236780044005,0.917885661125,0.0334890746737,1,42681,0,8.55101033312,7.13302451688
LPF,24,100,1.000,0.0236801130322,0.023680461293,0.917885661125,0.0334925572208,1,42721,0,8.55212029591,7.13407749128
LPF,24,101,1.000,0.0236823674142,0.0236827109391,0.917885661125,0.0334957460892,1,42766,0,8.55313617954,7.13503681687
LPF,24,102,1.000,0.0236844246763,0.02368476383,0.91788572073,0.033498656123,1,42800,0,8.5540628271,7.13590854286
LPF,24,103,1.000,0.0236862949788,0.0236866301155,0.91788572073,0.0335013016949,1,42833,0,8.55490491472,7.13669819012
LPF,24,104,1.000,0.0236879881614,0.0236883196143,0.91788572073,0.0335036967249,1,42861,0,8.55566696628,7.13741086129
LPF,24,105,1.000,0.0236895137972,0.0236898419085,0.91788572073,0.0335058547547,1,42890,0,8.55635592168,7.13805132202
LPF,24,106,1.000,0.0236908812133,0.0236912063026,0.917885780334,0.0335077889787,1,42915,0,8.55697401363,7.13862406264
LPF,24,107,1.000,0.0236920994612,0.0236924218222,0.917885780334,0.0335095122011,1,42935,0,8.55752453944,7.13913334621
LPF,24,108,1.000,0.0236931774507,0.0236934973815,0.917885780334,0.0335110370252,1,42955,0,8.55801156127,7.13958324711
LPF,24,109,1.000,0.0236941238839,0.0236944416588,0.917885780334,0.0335123757609,1,42976,0,8.55843905273,7.13997768277
LPF,24,110,1.000,0.0236949472887,0.0236952631766,0.917885780334,0.0335135404712,1,42992,0,8.55881091087,7.14032044053
LPF,24,111,1.000,0.0236956561303,0.0236959704034,0.917885780334,0.0335145431308,1,43005,0,8.55913096831,7.14061520116
LPF,24,112,1.000,0.0236962586806,0.023696571561,0.917885839939,0.0335153954403,1,43015,0,8.55940300574,7.14086556005
LPF,24,113,1.000,0.023696763246,0.0236970749563,0.917885839939,0.0335161091495,1,43027,0,8.55963076516,7.14107504704
LPF,24,114,1.000,0.0236971779946,0.0236974887355,0.917885839939,0.0335166958124,1,43031,0,8.55981796431,7.14124714584
LPF,24,115,1.000,0.0236975111122,0.0236978210753,0.917885839939,0.0335171670079,1,43038,0,8.55996831295,7.14138531397
LPF,24,116,1.000,0.0236977708633,0.0236980802254,0.917885839939,0.0335175344262,1,43043,0,8.56008553197,7.14149300432
LPF,24,117,1.000,0.023697965529,0.0236982744374,0.917885839939,0.0335178097811,1,43047,0,8.560173377,7.14157369018
LPF,24,118,1.000,0.0236981035683,0.0236984121559,0.917885839939,0.0335180050379,1,43051,0,8.56023566943,7.1416308965
LPF,24,119,1.000,0.023698193692,0.0236985020669,0.917885839939,0.0335181325179,1,43049,0,8.56027634034,7.14166824247
LPF,24,120,1.000,0.0236982450176,0.023698553272,0.917885839939,0.033518205118,1,43051,0,8.5602994996,7.14168950693
LPF,24,121,1.000,0.0236982673208,0.0236985755266,0.917885839939,0.0335182366659,1,43051,0,8.56030956342,7.14169874704
LPF,24,122,1.000,0.0236982717909,0.0236985799841,0.917885839939,0.0335182429888,1,43051,0,8.56031158115,7.1417005996
LPF,24,123,1.000,0.0237372345722,0.0237374444301,0.917886197567,0.0335733548581,1,43785,0,8.57802050907,7.15750792398
LPF,24,124,1.000,0.0237775102266,0.0237776176684,0.917886555195,0.0336303211191,1,44525,0,8.59653682816,7.17502698529
LPF,24,125,1.000,0.0238162876931,0.0238162759887,0.917886972427,0.0336851649996,1,45274,0,8.61448733616,7.19725245101
LPF,24,126,1.000,0.0238536601398,0.0238535334693,0.917887330055,0.0337380179022,1,45969,0,8.63185531898,7.22238884803
LPF,24,127,1.000,0.0238897097723,0.0238894618387,0.917887687683,0.0337889956516,1,46667,0,8.64871268126,7.24427503801
HPF,12,0,0.001,1.67786076844e-06,1.67796484595e-06,0.000919233774766,2.3722625226e-06,1,0,0,0.000590668706776,0.000418851033664
HPF,12,1,0.001,2.16759250942e-06,2.16763529669e-06,0.00091940438142,3.06484390251e-06,1,0,0,0.000687819190549,0.00054082548851
HPF,12,2,0.001,2.42846007762e-06,2.42847686106e-06,0.000919490179513,3.43375215907e-06,1,0,0,0.000739928815914,0.000605491202966
HPF,12,3,0.001,2.65866104351e-06,2.65865729855e-06,0.000919562065974,3.75928854306e-06,1,0,0,0.000807912825816,0.000661879426275
HPF,12,4,0.001,2.87659625915e-06,2.87657465821e-06,0.000919626501855,4.06747656459e-06,1,0,0,0.000869585256049,0.000715846459976
HPF,12,5,0.001,3.08940232187e-06,3.08936444543e-06,0.000919686106499,4.36840919293e-06,1,0,0,0.000927339923153,0.000768574114433
HPF,12,6,0.001,3.30080678317e-06,3.30075365473e-06,0.000919742102269,4.66735812209e-06,1,0,0,0.000990230411721,0.000821015528089
HPF,12,7,0.001,3.51310814653e-06,3.51304045506e-06,0.000919795245863,4.96757399606e-06,1,0,0,0.00105359751917,0.000873768641924
HPF,12,8,0.001,3.72789336971e-06,3.72781157978e-06,0.000919846061151,5.27130114251e-06,1,0,0,0.00111741421738,0.00092702339825
HPF,12,9,0.001,3.94635547023e-06,3.94625988917e-06,0.000919894780964,5.58022674957e-06,1,0,0,0.00118192325178,0.000981067960578
HPF,12,10,0.001,4.16945388053e-06,4.1693446953e-06,0.000919941754546,5.89570764971e-06,1,0,0,0.00124811720988,0.00103653229921
HPF,12,11,0.001,4.39800348031e-06,4.3978807888e-06,0.000919987040106,6.2188962349e-06,1,0,0,0.00131623792246,0.00109332437596
HPF,12,12,0.001,4.63272780111e-06,4.63259162041e-06,0.000920030870475,6.55081570178e-06,1,0,0,0.00138610025557,0.00115164699288
HPF,12,13,0.001,4.8742927815e-06,4.87414306302e-06,0.000920073362067,6.89240779023e-06,1,0,0,0.00145797161381,0.00121169968604
HPF,12,14,0.001,5.12332931145e-06,5.12316595479e-06,0.000920114514884,7.24456466689e-06,1,0,0,0.0015322094826,0.00127360969682
HPF,12,15,0.001,5.38044904139e-06,5.38027189404e-06,0.000920154445339,7.60815128321e-06,1,0,0,0.00160881480859,0.0013375290883
HPF,12,16,0.001,5.64625592495e-06,5.64606478601e-06,0.000920193211641,7.98402169968e-06,1,0,0,0.00168802012661,0.00140360801097
HPF,12,17,0.001,5.92135504336e-06,5.92114967702e-06,0.000920230871998,8.37303156553e-06,1,0,0,0.00177002945865,0.00147199689418
HPF,12,18,0.001,6.20635960133e-06,6.20613972013e-06,0.000920267484616,8.77604801257e-06,1,0,0,0.00185496416778,0.00154284818777
HPF,12,19,0.001,6.50189676661e-06,6.50166205083e-06,0.000920303107705,9.19395791343e-06,1,0,0,0.00194307969488,0.00161631780155
HPF,12,20,0.001,6.8086126721e-06,6.80836276129e-06,0.000920337741263,9.62767495557e-06,1,0,0,0.00203451567832,0.00169256633876
HPF,12,21,0.001,7.1271769045e-06,7.12691140325e-06,0.000920371385291,1.00781459889e-05,1,0,0,0.00212949068104,0.00177176018707
HPF,12,22,0.001,7.45828668587e-06,7.45800515819e-06,0.000920404097997,1.05463569391e-05,1,0,0,0.00222821342885,0.00185407257935
HPF,12,23,0.001,7.802670818e-06,7.80237278565e-06,0.000920435937587,1.10333383859e-05,1,0,0,0.00233089295722,0.00193968506991
HPF,12,24,0.001,8.16109361896e-06,8.16077856713e-06,0.00092046696227,1.15401711292e-05,1,0,0,0.00243776834071,0.00202878746434
HPF,12,25,0.001,8.53435879102e-06,8.53402616834e-06,0.000920497055631,1.20679916593e-05,1,0,0,0.00254906886214,0.00212157956133
HPF,12,26,0.001,8.92331341662e-06,8.92296262756e-06,0.000920526334085,1.26179978074e-05,1,0,0,0.00266505492829,0.00221827194292
HPF,12,27,0.001,9.3288520799e-06,9.32848248451e-06,0.000920554855838,1.31914545736e-05,1,0,0,0.0027859894438,0.00231908699762
HPF,12,28,0.001,9.75192114703e-06,9.75153206369e-06,0.000920582562685,1.37897001801e-05,1,0,0,0.00291215362516,0.00242425999053
HPF,12,29,0.001,1.01935233504e-05,1.0193114043e-05,0.000920609512832,1.4414152553e-05,1,0,0,0.0030438531023,0.00253404019269
HPF,12,30,0.001,1.06547225601e-05,1.06542922573e-05,0.000920635706279,1.50663160702e-05,1,0,0,0.00318139680246,0.00264869208166
HPF,12,31,0.001,1.11366490102e-05,1.11361968699e-05,0.000920661201235,1.57477889512e-05,1,0,0,0.00332512754114,0.00276849662505
HPF,12,32,0.001,1.16405047946e-05,1.16400299449e-05,0.000920685939491,1.64602710289e-05,1,0,0,0.00347540258466,0.00289375265905
HPF,12,33,0.001,1.21675698753e-05,1.21670713646e-05,0.000920709979255,1.72055722455e-05,1,0,0,0.003632600511,0.00302477837473
HPF,12,34,0.001,1.27192085293e-05,1.2718685351e-05,0.000920733378734,1.79856217687e-05,1,0,0,0.00379713263727,0.00316191292538
HPF,12,35,0.001,1.32968763784e-05,1.32963274643e-05,0.000920756079722,1.88024779329e-05,1,0,0,0.0039694305794,0.0033055181696
HPF,12,36,0.001,1.39021279825e-05,1.39015521984e-05,0.000920778140426,1.96583389755e-05,1,0,0,0.00414995525336,0.00345598056598
HPF,12,37,0.001,1.45366251854e-05,1.45360213141e-05,0.000920799560845,2.05555548398e-05,1,0,0,0.00433920783825,0.00361371323528
HPF,12,38,0.001,1.52021461023e-05,1.52015128644e-05,0.00092082034098,2.14966398822e-05,1,0,0,0.00453771353298,0.00377915821181
HPF,12,39,0.001,1.59005950736e-05,1.5899931093e-05,0.000920840539038,2.24842869489e-05,1,0,0,0.00474603810461,0.00395278890314
HPF,12,40,0.001,1.66340134886e-05,1.66333172963e-05,0.00092086015502,2.35213826802e-05,1,0,0,0.00496479854698,0.00413511278199
HPF,12,41,0.001,1.74045915809e-05,1.7403861628e-05,0.000920879130717,2.46110241907e-05,1,0,0,0.0051946380108,0.00432667433694
HPF,12,42,0.001,1.8214681562e-05,1.82139161927e-05,0.000920897582546,2.57565376401e-05,1,0,0,0.00543625883135,0.0045280583111
HPF,12,43,0.001,1.90668118917e-05,1.90660093342e-05,0.000920915452298,2.69614984131e-05,1,0,0,0.00569042098183,0.00473989326195
HPF,12,44,0.001,1.9963702994e-05,1.99628613632e-05,0.000920932798181,2.8229753342e-05,1,0,0,0.00595792532185,0.00496285547914
HPF,12,45,0.001,2.0908284726e-05,2.09074020166e-05,0.000920949561987,2.95654454092e-05,1,0,0,0.0062396438939,0.00519767330238
HPF,12,46,0.001,2.19037154451e-05,2.19027894846e-05,0.000920965860132,3.09730407089e-05,1,0,0,0.00653652875506,0.00544513188631
HPF,12,47,0.001,2.29534032724e-05,2.29524317932e-05,0.000920981634408,3.24573585149e-05,1,0,0,0.00684958177936,0.00570607846588
HPF,12,48,0.001,2.40610294654e-05,2.40600100171e-05,0.000920996884815,3.40236043309e-05,1,0,0,0.00717989783684,0.00598142818275
HPF,12,49,0.001,2.52305744048e-05,2.5229504321e-05,0.000921011669561,3.56774066374e-05,1,0,0,0.00752866042254,0.00627217054113
HPF,12,50,0.001,2.6466346461e-05,2.64652229707e-05,0.000921025988646,3.74248577098e-05,1,0,0,0.00789715653126,0.00657937657133
HPF,12,51,0.001,2.77730139435e-05,2.77718340059e-05,0.000921039783861,3.92725587981e-05,1,0,0,0.00828676974045,0.00690420678979
HPF,12,52,0.001,2.91556407504e-05,2.91544011715e-05,0.000921053171623,4.12276705356e-05,1,0,0,0.00869899949952,0.00724792005702
HPF,12,53,0.001,3.06197261407e-05,3.0618423437e-05,0.000921066151932,4.32979691804e-05,1,0,0,0.0091354773307,0.00761188344955
HPF,12,54,0.001,3.21712489126e-05,3.21698793492e-05,0.000921078666579,4.54919090854e-05,1,0,0,0.00959797572778,0.00799758327862
HPF,12,55,0.001,3.3816717198e-05,3.38152767845e-05,0.000921090715565,4.78186931104e-05,1,0,0,0.0100884221809,0.00840663740816
HPF,12,56,0.001,3.55632236429e-05,3.55617080877e-05,0.000921102415305,5.02883506507e-05,1,0,0,0.0106094159561,0.00884080904737
HPF,12,57,0.001,3.74185079026e-05,3.74169125544e-05,0.000921113649383,5.29118260082e-05,1,0,0,0.0111628713741,0.00930202221995
HPF,12,58,0.001,3.93910263914e-05,3.93893462628e-05,0.000921124534216,5.57010770217e-05,1,0,0,0.0117512992606,0.00979237914328
HPF,12,59,0.001,4.14900310137e-05,4.14882607085e-05,0.000921135069802,5.86691863972e-05,1,0,0,0.0123774595605,0.0103141797875
HPF,12,60,0.001,4.37256578508e-05,4.37237915321e-05,0.000921145139728,6.18304871155e-05,1,0,0,0.0130443759562,0.0108699439275
HPF,12,61,0.001,4.61090274012e-05,4.61070587729e-05,0.000921154918615,6.52007041779e-05,1,0,0,0.0137553657175,0.0114624360518
HPF,12,62,0.001,4.86523578927e-05,4.86502801302e-05,0.000921164290048,6.87971148353e-05,1,0,0,0.0145140734348,0.0120946935527
HPF,12,63,0.001,5.13690940313e-05,5.13668997155e-05,0.000921173370443,7.2638730647e-05,1,0,0,0.0153245091741,0.0127700586914
HPF,12,64,0.001,5.4274052861e-05,5.42717339541e-05,0.000921182101592,7.67465037338e-05,1,0,0,0.0161910916299,0.0134922149199
HPF,12,65,0.001,5.73835904611e-05,5.73811382257e-05,0.000921190483496,8.11435624977e-05,1,0,0,0.0171186968812,0.0142652282389
HPF,12,66,0.001,6.07157913718e-05,6.07131963002e-05,0.000921198516153,8.585547948e-05,1,0,0,0.0181127153161,0.0150935943923
HPF,12,67,0.001,6.42906861644e-05,6.42879378885e-05,0.000921206257772,9.09105790177e-05,1,0,0,0.0191791126533,0.0159822928445
HPF,12,68,0.001,6.81305000472e-05,6.81275872656e-05,0.000921213708352,9.63402887858e-05,1,0,0,0.020324494563,0.0169368486593
HPF,12,69,0.001,7.22599390173e-05,7.22568493012e-05,0.000921220867895,0.000102179544432,1,0,0,0.0215561883551,0.0179634036064
HPF,12,70,0.001,7.67065193732e-05,7.67032391904e-05,0.000921227736399,0.000108467255525,1,0,0,0.022882635569,0.0190687980797
HPF,12,71,0.001,8.15009482822e-05,8.14974627591e-05,0.000921234313864,0.0001152468437,1,0,0,0.0243128755226,0.0202606657131
HPF,12,72,0.001,8.667756466e-05,8.66738574821e-05,0.000921240600292,0.000122566866084,1,0,0,0.0258571251102,0.0215475429591
HPF,12,73,0.001,9.22748510707e-05,9.22709042227e-05,0.000921246595681,0.000130481739153,1,0,0,0.0275268611335,0.0229389963496
HPF,12,74,0.001,9.8336029785e-05,9.83318234206e-05,0.000921252416447,0.000139052581589,1,0,0,0.0293349700384,0.0244457707246
HPF,12,75,0.001,0.000104909759781,0.000104905271915,0.000921257946175,0.000148348199881,1,0,0,0.0312959680232,0.0260799624038
HPF,12,76,0.001,0.000112050952896,0.00011204615938,0.000921263184864,0.000158446242405,1,0,0,0.0334262786804,0.0278552221381
HPF,12,77,0.001,0.000119821733472,0.000119816607408,0.000921268248931,0.000169434556417,1,0,0,0.0357444015008,0.0297869937412
HPF,12,78,0.001,0.000128292571726,0.000128287083112,0.000921273080166,0.000181412790707,1,0,0,0.038271355171,0.0318927956364
HPF,12,79,0.001,0.000137543623746,0.000137537739199,0.000921277620364,0.000194494290419,1,0,0,0.0410310654618,0.0341925542218
HPF,12,80,0.001,0.00014766632613,0.000147660008354,0.000921281985939,0.000208808351958,1,0,0,0.0440508004254,0.0367090000667
HPF,12,81,0.001,0.000158765296672,0.000158758503914,0.00092128617689,0.000224502910678,1,0,0,0.0473617688719,0.0394681406176
HPF,12,82,0.001,0.000170960613203,0.000170953298602,0.000921290135011,0.000241747763275,1,0,0,0.0509997917963,0.0424998264952
HPF,12,83,0.001,0.000184390553939,0.000184382664681,0.000921293860301,0.000260738442797,1,0,0,0.0550061193829,0.0458384328173
HPF,12,84,0.001,0.000199214908864,0.000199206385339,0.000921297469176,0.000281700901125,1,0,0,0.0594284191174,0.0495236825961
HPF,12,85,0.001,0.000215619003469,0.000215609778079,0.000921300845221,0.000304897198757,1,0,0,0.0643219758395,0.0536016465312
HPF,12,86,0.001,0.00023381860401,0.000233808599822,0.000921304046642,0.000330632441118,1,0,0,0.0697511556209,0.0581259630156
HPF,12,87,0.001,0.00025406593951,0.000254055069041,0.00092130707344,0.000359263294003,1,0,0,0.0757912015639,0.0631593346346
HPF,12,88,0.001,0.00027665712525,0.000276645288219,0.000921309925616,0.000391208480803,1,0,0,0.0825304487317,0.0687753739455
HPF,12,89,0.001,0.000301941374525,0.000301928455757,0.000921312603168,0.000426961808442,1,0,0,0.0900730721517,0.0750608934622
HPF,12,90,0.001,0.000330332496159,0.000330318362671,0.000921315106098,0.000467108425492,1,0,0,0.098542516376,0.0821187636491
HPF,12,91,0.001,0.000362323339751,0.000362307837572,0.000921317492612,0.000512345248557,1,0,0,0.108085804916,0.0900715040987
HPF,12,92,0.001,0.000398504068947,0.000398487018387,0.00092131976271,0.000563506801687,1,0,0,0.118878991591,0.0990658263285
HPF,12,93,0.001,0.000439585450065,0.00043956663851,0.000921321858186,0.000621598147783,1,0,0,0.131134107706,0.109278423091
HPF,12,94,0.001,0.000486428750918,0.000486407916141,0.000921323779039,0.000687837167188,1,0,0,0.145108084828,0.120923404026
HPF,12,95,0.001,0.000540084446135,0.000540061222555,0.000921325641684,0.00076370928915,1,0,0,0.16111431097,0.13426192581
HPF,12,96,0.001,0.000601842689239,0.000601816403792,0.000921327329706,0.000851038862138,1,0,0,0.179537731322,0.149614776103
HPF,12,97,0.001,0.000673299552138,0.000673268487347,0.000952120579313,0.000952082820122,1,0,0,0.200854771041,0.167378975866
HPF,12,98,0.001,0.000756444217975,0.000756403124421,0.00106968940236,0.00106965397793,1,0,0,0.22565988868,0.188049907221
HPF,12,99,0.001,0.000853773343415,0.000853705747353,0.00120734213851,0.00120728274435,1,0,0,0.25470134977,0.212251124715
HPF,12,100,0.001,0.000968438784728,0.000968295321846,0.00136958574876,0.0013694260037,1,0,0,0.28892996634,0.240774971493
HPF,12,101,0.001,0.00110443194295,0.00110407488691,0.00156220654026,0.00156172771916,1,0,0,0.329566070518,0.274638389466
HPF,12,102,0.001,0.00126679879325,0.00126587348175,0.00179269828368,0.00179132262195,1,0,0,0.37819148372,0.315159556683
HPF,12,103,0.001,0.00146185946655,0.00145952567351,0.00207085814327,0.00206714505575,1,0,0,0.436873660431,0.364061327301
HPF,12,104,0.001,0.00169737056592,0.00169179993819,0.00240952707827,0.0024001523838,1,0,0,0.508323053539,0.423602332475
HPF,12,105,0.001,0.00198251733141,0.0019700593451,0.00282540614717,0.00280329520045,1,0,0,0.596067548816,0.496722266101
HPF,12,106,0.001,0.0023275681289,0.00230154083309,0.00333968829364,0.00329098207773,1,0,0,0.704585021034,0.587152172159
HPF,12,107,0.001,0.00274299504563,0.00269219771869,0.00397792877629,0.00387774349616,1,0,0,0.839252703709,0.699372000817
HPF,12,108,0.001,0.0032379047086,0.00314517319166,0.004767941311,0.00457587501203,1,0,0,1.00595483294,0.838283405847
HPF,12,109,0.001,0.00381777404147,0.00365914026143,0.00573556916788,0.00539210435826,1,0,0,1.21015896423,1.00843986764
HPF,12,110,0.001,0.00448175684206,0.0042269003672,0.00689759571105,0.00632377444515,1,0,0,1.45542140222,1.2128014647
HPF,12,111,0.001,0.00522016418386,0.00483470221214,0.00825310591608,0.00735552092611,1,0,0,1.74156517647,1.45121726773
HPF,12,112,0.001,0.00601298207662,0.00546266071328,0.00977591238916,0.00845768904551,1,0,0,2.06307513357,1.71908907505
HPF,12,113,0.001,0.00683027764345,0.00608641324207,0.0114112840965,0.00958753516927,1,0,0,2.40840434999,2.00679460569
HPF,12,114,0.001,0.00763493404884,0.00667981435414,0.0130795044824,0.0106935443529,1,0,0,2.76074558036,2.30032925911
HPF,12,115,0.001,0.00838742813312,0.00721816384475,0.0146865062416,0.0117222031573,1,0,0,3.10026249128,2.58317198897
HPF,12,116,0.001,0.00905162808955,0.00768130814726,0.0161391999573,0.0126257226822,1,0,0,3.40731096137,2.83895879879
HPF,12,117,0.001,0.00960020286772,0.00805600895483,0.0173613447696,0.0133688947026,1,0,0,3.66566785782,3.05417826099
HPF,12,118,0.001,0.0100183897849,0.0083372075082,0.0183057337999,0.0139336102416,1,0,0,3.86533065883,3.22050087614
HPF,12,119,0.001,0.0103054778502,0.00852813616941,0.0189601443708,0.0143203996649,1,0,0,4.00369635449,3.33576056392
HPF,12,120,0.001,0.0104741614348,0.00863954297329,0.0193468853831,0.0145473308409,1,0,0,4.08547194937,3.40387975646
HPF,12,121,0.001,0.0105486743563,0.00868857551614,0.0195182394236,0.0146474956288,1,0,0,4.12170498206,3.434061809
HPF,12,122,0.001,0.0105637032909,0.00869845197981,0.0195528399199,0.0146676926699,1,0,0,4.12902113681,3.44015614435
HPF,12,123,0.001,0.0273104417094,0.0273122691304,0.0386061035097,0.0385345380613,1,20170,0,8.15661071185,6.794284677
HPF,12,124,0.001,0.0274816902339,0.0274863345641,0.0388188436627,0.0376157259512,1,24995,0,8.2144310439,6.84229519175
HPF,12,125,0.001,0.0276080283187,0.0276075598326,0.0389564707875,0.0308864877578,1,27798,0,8.25754944716,6.87876551798
HPF,12,126,0.001,0.0277240514298,0.0277215692711,0.0390564389527,0.0173191225298,1,29980,0,8.29410537535,6.90932616346
HPF,12,127,0.001,0.0278215139167,0.0278214499872,0.0391349568963,0.00383595998657,1,31779,0,8.32605876589,6.93633292645
HPF,12,0,1.000,0.00167786076865,0.00167796484578,0.918051660061,0.0023722625229,1,0,0,0.590668706109,0.418851036983
HPF,12,1,1.000,0.00216759250963,0.00216763529706,0.918201684952,0.00306484390279,1,0,0,0.687819189586,0.540825489767
HPF,12,2,1.000,0.00242846007762,0.00242847686023,0.918277084827,0.00343375215907,1,0,0,0.739928820847,0.605491204473
HPF,12,3,1.000,0.00265866104532,0.00265865730222,0.918340146542,0.0037592885456,1,0,0,0.807912831026,0.66187942801
HPF,12,4,1.000,0.00287659625841,0.00287657465736,0.918396711349,0.00406747656354,1,0,0,0.8695852615,0.715846455625
HPF,12,5,1.000,0.00308940232204,0.00308936444752,0.918448984623,0.00436840919319,1,0,0,0.92733992882,0.768574109984
HPF,12,6,1.000,0.00330080678249,0.00330075365462,0.91849809885,0.00466735812113,1,0,0,0.990230407768,0.821015527824
HPF,12,7,1.000,0.00351310814486,0.003513040453,0.918544709682,0.00496757399369,1,0,0,1.05359751524,0.873768641544
HPF,12,8,1.000,0.0037278933707,0.00372781158103,0.918589174747,0.00527130114393,1,0,0,1.11741421349,0.927023397759
HPF,12,9,1.000,0.00394635546937,0.00394625988844,0.918631851673,0.00558022674835,1,0,0,1.18192324795,0.981067970591
HPF,12,10,1.000,0.00416945387871,0.00416934469244,0.918672978878,0.00589570764712,1,0,0,1.24811722366,1.03653230972
HPF,12,11,1.000,0.00439800347936,0.00439788078602,0.918712675571,0.00621889623354,1,0,0,1.31623793652,1.09332438695
HPF,12,12,1.000,0.00463272780287,0.00463259162185,0.918751001358,0.00655081570425,1,0,0,1.38610026988,1.15164698404
HPF,12,13,1.000,0.0048742927796,0.00487414306239,0.918788135052,0.00689240778753,1,0,0,1.45797163468,1.2116996769
HPF,12,14,1.000,0.00512332930902,0.0051231659532,0.918824136257,0.00724456466345,1,0,0,1.53220950423,1.27360968739
HPF,12,15,1.000,0.00538044903814,0.00538027188982,0.918859064579,0.00760815127861,1,0,0,1.60881483099,1.33752907857
HPF,12,16,1.000,0.00564625592743,0.00564606479014,0.918892979622,0.00798402170317,1,0,0,1.68802013717,1.40360800096
HPF,12,17,1.000,0.00592135504212,0.0059211496727,0.918925881386,0.00837303156378,1,0,0,1.77002946986,1.47199688388
HPF,12,18,1.000,0.00620635960243,0.00620613972319,0.91895788908,0.00877604801413,1,0,0,1.85496417967,1.54284817718
HPF,12,19,1.000,0.0065018967681,0.0065016620541,0.918989002705,0.00919395791554,1,0,0,1.94307969827,1.61631779068
HPF,12,20,1.000,0.00680861267204,0.00680836276197,0.91901922226,0.00962767495548,1,0,0,2.03451568222,1.69256632761
HPF,12,21,1.000,0.00712717690694,0.00712691141063,0.919048607349,0.0100781459923,1,0,0,2.12949067644,1.77176017565
HPF,12,22,1.000,0.00745828668239,0.00745800515285,0.919077157974,0.0105463569342,1,0,0,2.22821342449,1.85407256932
HPF,12,23,1.000,0.00780267082132,0.00780237278614,0.919104993343,0.0110333383905,1,0,0,2.33089296851,1.93968505961
HPF,12,24,1.000,0.00816109361959,0.0081607785695,0.919131994247,0.0115401711301,1,0,0,2.4377683521,2.02878745397
HPF,12,25,1.000,0.00853435878742,0.00853402616501,0.919158279896,0.0120679916542,1,0,0,2.54906884954,2.12157955103
HPF,12,26,1.000,0.00892331341756,0.00892296262991,0.919183850288,0.0126179978087,1,0,0,2.6650549155,2.21827193271
HPF,12,27,1.000,0.00932885207793,0.00932848248403,0.919208705425,0.0131914545708,1,0,0,2.78598943638,2.31908698752
HPF,12,28,1.000,0.00975192115175,0.00975153206674,0.919232845306,0.0137897001867,1,0,0,2.91215361735,2.42425998057
HPF,12,29,1.000,0.0101935233499,0.010193114045,0.919256329536,0.0144141525523,1,0,0,3.04385307723,2.53404018295
HPF,12,30,1.000,0.0106547225588,0.0106542922561,0.919279158115,0.0150663160683,1,0,0,3.18139681611,2.64869207216
HPF,12,31,1.000,0.0111366490088,0.0111361968703,0.919301390648,0.0157477889493,1,0,0,3.32512755448,2.76849661583
HPF,12,32,1.000,0.0116405047942,0.0116400299403,0.919322967529,0.0164602710284,1,0,0,3.47540260467,2.89375265012
HPF,12,33,1.000,0.012167569869,0.0121670713565,0.91934388876,0.0172055722366,1,0,0,3.63260050546,3.02477836612
HPF,12,34,1.000,0.012719208523,0.0127186853467,0.919364273548,0.0179856217598,1,0,0,3.79713263237,3.16191291712
HPF,12,35,1.000,0.0132968763737,0.0132963274517,0.919384002686,0.0188024779263,1,0,0,3.96943058458,3.30551816171
HPF,12,36,1.000,0.0139021279812,0.0139015521976,0.919403254986,0.0196583389737,1,0,0,4.14995526245,3.45598055813
HPF,12,37,1.000,0.0145366251807,0.014536021309,0.919421851635,0.0205555548331,1,0,0,4.33920784769,3.61371322734
HPF,12,38,1.000,0.015202146106,0.0152015128629,0.919439971447,0.0214966398875,1,0,0,4.53771354356,3.77915820378
HPF,12,39,1.000,0.0159005950731,0.0158999310901,0.919457554817,0.0224842869482,1,0,0,4.74603811566,3.95278889501
HPF,12,40,1.000,0.0166340134863,0.0166333172898,0.919474601746,0.023521382677,1,0,0,4.96479855992,4.13511277376
HPF,12,41,1.000,0.0174045915841,0.0174038616415,0.919491112232,0.0246110241953,1,0,0,5.1946380298,4.32667432859
HPF,12,42,1.000,0.0182146815631,0.0182139161955,0.919507145882,0.0257565376417,1,0,0,5.43625885123,4.52805830263
HPF,12,43,1.000,0.0190668118861,0.0190660093375,0.919522702694,0.0269614984052,1,0,0,5.69042097944,4.73989325335
HPF,12,44,1.000,0.0199637029923,0.0199628613599,0.919537782669,0.0282297533396,1,0,0,5.95792534896,4.96285547041
HPF,12,45,1.000,0.0209082847251,0.0209074020136,0.919552385807,0.029565445408,1,0,0,6.23964393352,5.19767329351
HPF,12,46,1.000,0.0219037154555,0.0219027895019,0.919566571712,0.0309730407236,1,0,0,6.53652879557,5.44513187728
HPF,12,47,1.000,0.0229534032706,0.0229524317804,0.919580280781,0.0324573585124,1,0,0,6.84958180675,5.7060784567
HPF,12,48,1.000,0.0240610294571,0.0240600099927,0.919593513012,0.0340236043192,1,0,0,7.17989784272,5.98142817341
HPF,12,49,1.000,0.0252305744088,0.02522950434,0.919606387615,0.035677406643,1,0,0,7.52866041972,6.27217053163
HPF,12,50,1.000,0.0264663464669,0.0264652229705,0.919618844986,0.0374248577181,1,0,0,7.89715652913,6.57937656166
HPF,12,51,1.000,0.0271430934833,0.0271419545797,0.91963082552,0.0383818060723,1,18791,0,8.10476985553,6.74992400623
HPF,12,52,1.000,0.0273149199157,0.0273138019488,0.91964250803,0.0386247327928,1,23129,0,8.16087482558,6.79569131991
HPF,12,53,1.000,0.0274342500885,0.0274331612511,0.919653713703,0.0387933948199,1,25618,0,8.1964956378,6.8281773305
HPF,12,54,1.000,0.027531368775,0.0275303220568,0.919664621353,0.0389306227146,1,27434,0,8.22543073978,6.8548831672
HPF,12,55,1.000,0.0276156332014,0.0276146256139,0.919675111771,0.0390496537229,1,28879,0,8.25099728531,6.87786985933
HPF,12,56,1.000,0.0276912900757,0.0276903228072,0.91968524456,0.0391564975862,1,30074,0,8.27353593868,6.89831265519
HPF,12,57,1.000,0.0277606313944,0.0277597105635,0.919695019722,0.0392543992141,1,31095,0,8.29376144987,6.91691449622
HPF,12,58,1.000,0.0278250277989,0.0278241592029,0.919704496861,0.0393452999549,1,31990,0,8.31188353116,6.93408398406
HPF,12,59,1.000,0.0278853670075,0.0278845523095,0.919713616371,0.0394304576973,1,32789,0,8.32831951828,6.95010513729
HPF,12,60,1.000,0.0279422582806,0.0279414953794,0.919722378254,0.0395107361392,1,33516,0,8.3433695955,6.96515493538
HPF,12,61,1.000,0.0279961373928,0.0279954235561,0.919730842113,0.0395867533205,1,34187,0,8.35725682763,6.97928856464
HPF,12,62,1.000,0.0280473278641,0.0280466633259,0.91973900795,0.0396589681683,1,34795,0,8.37013750385,6.99255078092
HPF,12,63,1.000,0.02809607625,0.0280954637015,0.919746875763,0.0397277305013,1,35350,0,8.38212968556,7.00504441585
HPF,12,64,1.000,0.0281425749947,0.0281420173138,0.919754445553,0.0397933134039,1,35866,0,8.39333593402,7.01684884992
HPF,12,65,1.000,0.0281869786772,0.0281864767506,0.919761717319,0.0398559362441,1,36338,0,8.40384194141,7.02802514769
HPF,12,66,1.000,0.0282294150248,0.0282289672717,0.919768750668,0.039915780269,1,36772,0,8.4137135092,7.03862621483
HPF,12,67,1.000,0.0282699919377,0.028269595644,0.919775426388,0.0399729985675,1,37186,0,8.42300412109,7.04870410939
HPF,12,68,1.000,0.0283088020702,0.0283084553686,0.919781923294,0.0400277225566,1,37570,0,8.43175656852,7.05830445448
HPF,12,69,1.000,0.028345926396,0.0283456282758,0.919788122177,0.0400800670377,1,37937,0,8.44001229592,7.06746274032
HPF,12,70,1.000,0.0283814366539,0.0283811868555,0.919794082642,0.0401301336851,1,38275,0,8.44780465003,7.07619849656
HPF,12,71,1.000,0.0284153974689,0.0284151955204,0.919799745083,0.0401780140575,1,38591,0,8.45513239004,7.08453521343
HPF,12,72,1.000,0.0284478680848,0.0284477127811,0.91980522871,0.0402237920491,1,38882,0,8.46202154348,7.09248971329
HPF,12,73,1.000,0.0284789032318,0.0284787929337,0.919810473919,0.0402675451234,1,39159,0,8.46851520917,7.10007373236
HPF,12,74,1.000,0.0285085538642,0.0285084867237,0.919815480709,0.0403093453661,1,39425,0,8.47462821886,7.10729975727
HPF,12,75,1.000,0.0285368677419,0.0285368422634,0.919820308685,0.0403492603229,1,39678,0,8.48039343817,7.1141642759
HPF,12,76,1.000,0.0285638901311,0.0285639052234,0.919824838638,0.0403873539831,1,39913,0,8.48582650867,7.12067669523
HPF,12,77,1.000,0.0285896640563,0.0285897188523,0.919829249382,0.0404236871455,1,40132,0,8.49095139537,7.12685653983
HPF,12,78,1.000,0.0286142307087,0.0286143243715,0.919833421707,0.0404583179997,1,40339,0,8.4957845639,7.13272067574
HPF,12,79,1.000,0.0286376296069,0.0286377610081,0.919837415218,0.0404913023556,1,40531,0,8.50034414469,7.13828409997
HPF,12,80,1.000,0.028659898881,0.0286600663232,0.919841170311,0.0405226940478,1,40711,0,8.50464451881,7.14357090967
HPF,12,81,1.000,0.0286810754501,0.0286812770479,0.919844806194,0.0405525451883,1,40888,0,8.50870015441,7.14859379376
HPF,12,82,1.000,0.0287011949635,0.0287014288237,0.919848203659,0.040580906086,1,41053,0,8.51252363598,7.15334104288
HPF,12,83,1.000,0.0287202922018,0.0287205563546,0.919851481915,0.0406078258154,1,41206,0,8.51612643678,7.15782764227
HPF,12,84,1.000,0.0287384008278,0.0287386934309,0.919854581356,0.040633351866,1,41351,0,8.51952056562,7.16207085222
HPF,12,85,1.000,0.0287555537577,0.0287558732115,0.919857501984,0.0406575306695,1,41493,0,8.52271403181,7.16607847475
HPF,12,86,1.000,0.0287717829665,0.0287721280048,0.919860303402,0.0406804073222,1,41626,0,8.52571992495,7.16985908357
HPF,12,87,1.000,0.0287871197133,0.028787489295,0.919862926006,0.0407020259072,1,41749,0,8.52854164422,7.17342682276
HPF,12,88,1.000,0.0288015944721,0.0288019876602,0.919865369797,0.0407224293955,1,41861,0,8.53119579863,7.1767850095
HPF,12,89,1.000,0.0288152371459,0.0288156530793,0.919867694378,0.0407416599516,1,41965,0,8.53368113847,7.17994466113
HPF,12,90,1.000,0.0288280768534,0.0288285146378,0.91986989975,0.0407597586298,1,42067,0,8.53601340058,7.18291474451
HPF,12,91,1.000,0.0288401422267,0.0288406009448,0.919871985912,0.0407767657985,1,42156,0,8.53819452814,7.18570055984
HPF,12,92,1.000,0.0288514612248,0.028851939914,0.919873952866,0.0407927208749,1,42240,0,8.54023038785,7.18831041453
HPF,12,93,1.000,0.0288620612643,0.0288625588949,0.919875741005,0.0408076625099,1,42319,0,8.54213455454,7.19075216686
HPF,12,94,1.000,0.0288719692404,0.028872484724,0.91987746954,0.0408216286173,1,42391,0,8.54390564543,7.19303416115
HPF,12,95,1.000,0.0288812115377,0.0288817437226,0.91987901926,0.0408346563931,1,42458,0,8.54555073918,7.195161086
HPF,12,96,1.000,0.0288898140631,0.0288903618149,0.919880509377,0.0408467823555,1,42520,0,8.54708213597,7.19713948058
HPF,12,97,1.000,0.0288978022441,0.0288983644208,0.919881880283,0.0408580423493,1,42580,0,8.54849856203,7.19897551015
HPF,12,98,1.000,0.0289052010263,0.0289057765255,0.919883131981,0.0408684715375,1,42630,0,8.549805681,7.20067690289
HPF,12,99,1.000,0.0289120349952,0.0289126227298,0.919884324074,0.0408781045766,1,42681,0,8.55101033312,7.20224814458
HPF,12,100,1.000,0.0289183282762,0.0289189272127,0.919885396957,0.0408869754733,1,42721,0,8.55212029591,7.20369425275
HPF,12,101,1.000,0.0289241045715,0.028924713725,0.919886410236,0.0408951176373,1,42766,0,8.55313617954,7.20502009963
HPF,12,102,1.000,0.028929387296,0.0289300057314,0.919887304306,0.0409025640744,1,42800,0,8.5540628271,7.20623419207
HPF,12,103,1.000,0.0289341994732,0.0289348262936,0.919888138771,0.0409093472378,1,42833,0,8.55490491472,7.2073396072
HPF,12,104,1.000,0.028938563768,0.0289391981344,0.919888854027,0.0409154990748,1,42861,0,8.55566696628,7.20834120069
HPF,12,105,1.000,0.028942502599,0.0289431437569,0.919889569283,0.0409210511874,1,42890,0,8.55635592168,7.20924631557
HPF,12,106,1.000,0.0289460380633,0.0289466852617,0.919890165329,0.040926034721,1,42915,0,8.55697401363,7.21005789281
HPF,12,107,1.000,0.0289491920102,0.0289498445724,0.919890701771,0.0409304804749,1,42935,0,8.55752453944,7.21078140401
HPF,12,108,1.000,0.0289519860518,0.0289526433511,0.919891178608,0.0409344189134,1,42955,0,8.55801156127,7.21142392253
HPF,12,109,1.000,0.0289544416432,0.0289551030866,0.91989159584,0.0409378802778,1,42976,0,8.55843905273,7.21198715556
HPF,12,110,1.000,0.02895657994,0.0289572449752,0.919891953468,0.0409408943889,1,42992,0,8.55881091087,7.21247673646
HPF,12,111,1.000,0.0289584221267,0.0289590902435,0.919892311096,0.0409434911082,1,43005,0,8.55913096831,7.21290086829
HPF,12,112,1.000,0.0289599891701,0.0289606599084,0.919892549515,0.0409456999899,1,43015,0,8.55940300574,7.21326105308
HPF,12,113,1.000,0.0289613020551,0.0289619749846,0.919892787933,0.0409475506135,1,43027,0,8.55963076516,7.2135623921
HPF,12,114,1.000,0.0289623817499,0.0289630564729,0.919892966747,0.0409490725362,1,43031,0,8.55981796431,7.213809917
HPF,12,115,1.000,0.0289632493202,0.0289639254849,0.919893145561,0.0409502954511,1,43038,0,8.55996831295,7.21400861783
HPF,12,116,1.000,0.02896392593,0.0289646032192,0.919893264771,0.0409512491907,1,43043,0,8.56008553197,7.21416347378
HPF,12,117,1.000,0.0289644331673,0.0289651112957,0.919893324375,0.0409519641852,1,43047,0,8.560173377,7.21427948937
HPF,12,118,1.000,0.0289647929256,0.0289654716592,0.91989338398,0.0409524712957,1,43051,0,8.56023566943,7.21436183114
HPF,12,119,1.000,0.0289650278314,0.0289657069516,0.919893443584,0.0409528024154,1,43049,0,8.56027634034,7.21441595502
HPF,12,120,1.000,0.0289651616286,0.0289658409655,0.919893443584,0.0409529910144,1,43051,0,8.5602994996,7.21444677192
HPF,12,121,1.000,0.0289652197596,0.028965899205,0.919893443584,0.0409530729549,1,43051,0,8.56030956342,7.21446016269
HPF,12,122,1.000,0.0289652314022,0.0289659108586,0.919893443584,0.0409530893663,1,43051,0,8.56031158115,7.21446284741
HPF,12,123,1.000,0.0290688236006,0.0290696786215,0.919911324978,0.0410991123869,1,43785,0,8.57802050907,7.23820834372
HPF,12,124,1.000,0.0291802952191,0.029181362438,0.919930517673,0.0412562450562,1,44525,0,8.59653682816,7.26377299866
HPF,12,125,1.000,0.0292920296423,0.0292932950507,0.919949889183,0.0414137524291,1,45274,0,8.61448733616,7.28904128979
HPF,12,126,1.000,0.0294039966262,0.029405480147,0.919969379902,0.0415715930893,1,45969,0,8.63185531898,7.31405627387
HPF,12,127,1.000,0.0295161607904,0.0295178502571,0.919988930225,0.0417297180733,1,46667,0,8.64871268126,7.33887465686
HPF,24,0,0.001,1.39796401837e-06,1.39822479368e-06,0.00091806659475,1.97684975546e-06,1,0,0,0.000590668706776,0.000418851033664
HPF,24,1,0.001,1.80596332716e-06,1.80619313525e-06,0.000918021309189,2.55400090718e-06,1,0,0,0.000687819190549,0.00054082548851
HPF,24,2,0.001,2.02329727055e-06,2.0235185567e-06,0.000918010366149,2.86142445543e-06,1,0,0,0.000739928815914,0.000605491202966
HPF,24,3,0.001,2.21508340802e-06,2.21530007696e-06,0.000918005476706,3.13270477696e-06,1,0,0,0.000807912825816,0.000661879426275
HPF,24,4,0.001,2.39665139076e-06,2.39686558236e-06,0.000918003846891,3.38952812779e-06,1,0,0,0.000869585256049,0.000715846459976
HPF,24,5,0.001,2.57394668416e-06,2.57415984996e-06,0.00091800437076,3.64030531939e-06,1,0,0,0.000927339923153,0.000768574114433
HPF,24,6,0.001,2.75007469344e-06,2.75028794182e-06,0.000918006466236,3.88942942622e-06,1,0,0,0.000990230411721,0.000821015528089
HPF,24,7,0.001,2.92695030038e-06,2.92716453399e-06,0.000918009667657,4.13960932321e-06,1,0,0,0.00105359751917,0.000873768641924
HPF,24,8,0.001,3.10589559779e-06,3.10611159154e-06,0.000918013800401,4.3927152795e-06,1,0,0,0.00111741421738,0.00092702339825
HPF,24,9,0.001,3.28790449436e-06,3.28812293752e-06,0.000918018631637,4.65015328608e-06,1,0,0,0.00118192325178,0.000981067960578
HPF,24,10,0.001,3.47377629914e-06,3.47399782027e-06,0.000918023986742,4.91305403375e-06,1,0,0,0.00124811720988,0.00103653229921
HPF,24,11,0.001,3.66418990497e-06,3.66441509466e-06,0.000918029865716,5.18237785791e-06,1,0,0,0.00131623792246,0.00109332437596
HPF,24,12,0.001,3.85974809318e-06,3.85997750829e-06,0.000918036093935,5.45897741519e-06,1,0,0,0.00138610025557,0.00115164699288
HPF,24,13,0.001,4.06100567006e-06,4.0612398505e-06,0.000918042613193,5.74363748716e-06,1,0,0,0.00145797161381,0.00121169968604
HPF,24,14,0.001,4.26848824862e-06,4.26872772404e-06,0.00091804942349,6.03710155011e-06,1,0,0,0.0015322094826,0.00127360969682
HPF,24,15,0.001,4.48270541274e-06,4.48295070134e-06,0.000918056408409,6.34009039789e-06,1,0,0,0.00160881480859,0.0013375290883
HPF,24,16,0.001,4.70416033562e-06,4.70441195687e-06,0.000918063509744,6.65331574848e-06,1,0,0,0.00168802012661,0.00140360801097
HPF,24,17,0.001,4.93335712507e-06,4.93361559467e-06,0.000918070785701,6.97749063492e-06,1,0,0,0.00177002945865,0.00147199689418
HPF,24,18,0.001,5.1708066686e-06,5.17107251551e-06,0.000918078119867,7.31333767384e-06,1,0,0,0.00185496416778,0.00154284818777
HPF,24,19,0.001,5.41703148636e-06,5.41730523666e-06,0.000918085512239,7.66159593033e-06,1,0,0,0.00194307969488,0.00161631780155
HPF,24,20,0.001,5.67256988473e-06,5.67285207905e-06,0.00091809296282,8.02302679351e-06,1,0,0,0.00203451567832,0.00169256633876
HPF,24,21,0.001,5.93797973628e-06,5.93827093082e-06,0.000918100413401,8.39841932343e-06,1,0,0,0.00212949068104,0.00177176018707
HPF,24,22,0.001,6.21384191897e-06,6.21414267633e-06,0.000918107863981,8.78859511576e-06,1,0,0,0.00222821342885,0.00185407257935
HPF,24,23,0.001,6.5007636299e-06,6.50107454196e-06,0.000918115256354,9.19441298923e-06,1,0,0,0.00233089295722,0.00193968506991
HPF,24,24,0.001,6.79938165477e-06,6.79970332333e-06,0.000918122648727,9.61677361003e-06,1,0,0,0.00243776834071,0.00202878746434
HPF,24,25,0.001,7.11036558915e-06,7.11069863962e-06,0.000918129982892,1.00566240482e-05,1,0,0,0.00254906886214,0.00212157956133
HPF,24,26,0.001,7.43442118233e-06,7.43476626429e-06,0.00091813725885,1.05149625073e-05,1,0,0,0.00266505492829,0.00221827194292
HPF,24,27,0.001,7.77229374684e-06,7.77265153985e-06,0.0009181444766,1.0992843147e-05,1,0,0,0.0027859894438,0.00231908699762
HPF,24,28,0.001,8.1247717413e-06,8.12514294897e-06,0.000918151577935,1.14913811503e-05,1,0,0,0.00291215362516,0.00242425999053
HPF,24,29,0.001,8.49269058816e-06,8.49307594384e-06,0.000918158621062,1.20117581241e-05,1,0,0,0.0030438531023,0.00253404019269
HPF,24,30,0.001,8.87693665229e-06,8.87733692229e-06,0.000918165547773,1.25552277256e-05,1,0,0,0.00318139680246,0.00264869208166
HPF,24,31,0.001,9.27845157159e-06,9.278867569e-06,0.000918172416277,1.31231217883e-05,1,0,0,0.00332512754114,0.00276849662505
HPF,24,32,0.001,9.69823687871e-06,9.69866944531e-06,0.000918179110158,1.37168568585e-05,1,0,0,0.00347540258466,0.00289375265905
HPF,24,33,0.001,1.0137358959e-05,1.01378089808e-05,0.000918185745832,1.43379412077e-05,1,0,0,0.003632600511,0.00302477837473
HPF,24,34,0.001,1.05969544522e-05,1.05974228603e-05,0.00091819226509,1.49879824729e-05,1,0,0,0.00379713263727,0.00316191292538
HPF,24,35,0.001,1.10782361155e-05,1.10787238958e-05,0.000918198667932,1.56686959487e-05,1,0,0,0.0039694305794,0.0033055181696
HPF,24,36,0.001,1.15824991148e-05,1.15830072966e-05,0.00091820495436,1.63819134864e-05,1,0,0,0.00414995525336,0.00345598056598
HPF,24,37,0.001,1.21111280042e-05,1.21116576809e-05,0.000918211066164,1.71295933649e-05,1,0,0,0.00433920783825,0.00361371323528
HPF,24,38,0.001,1.26656042348e-05,1.26661565653e-05,0.000918217119761,1.79138309109e-05,1,0,0,0.00453771353298,0.00377915821181
HPF,24,39,0.001,1.3247514383e-05,1.3248090581e-05,0.000918222998735,1.87368701375e-05,1,0,0,0.00474603810461,0.00395278890314
HPF,24,40,0.001,1.38585592175e-05,1.38591605696e-05,0.000918228819501,1.96011165679e-05,1,0,0,0.00496479854698,0.00413511278199
HPF,24,41,0.001,1.45005635409e-05,1.45011914093e-05,0.000918234465644,2.05091511546e-05,1,0,0,0.0051946380108,0.00432667433694
HPF,24,42,0.001,1.5175487094e-05,1.51761429271e-05,0.000918239937164,2.14637457033e-05,1,0,0,0.00543625883135,0.0045280583111
HPF,24,43,0.001,1.58854364305e-05,1.58861217661e-05,0.000918245350476,2.24678796672e-05,1,0,0,0.00569042098183,0.00473989326195
HPF,24,44,0.001,1.66326780894e-05,1.66333945596e-05,0.000918250589166,2.35247587781e-05,1,0,0,0.00595792532185,0.00496285547914
HPF,24,45,0.001,1.74196530642e-05,1.7420402401e-05,0.00091825571144,2.46378355112e-05,1,0,0,0.0062396438939,0.00519767330238
HPF,24,46,0.001,1.82489927241e-05,1.82497767787e-05,0.000918260717299,2.58108316035e-05,1,0,0,0.00653652875506,0.00544513188631
HPF,24,47,0.001,1.91235365231e-05,1.91243572467e-05,0.000918265606742,2.70477631013e-05,1,0,0,0.00684958177936,0.00570607846588
HPF,24,48,0.001,2.00463514993e-05,2.00472110085e-05,0.000918270321563,2.83529679392e-05,1,0,0,0.00717989783684,0.00598142818275
HPF,24,49,0.001,2.1020753917e-05,2.10216544325e-05,0.000918274919968,2.97311365502e-05,1,0,0,0.00752866042254,0.00627217054113
HPF,24,50,0.001,2.20503332408e-05,2.20512771507e-05,0.000918279401958,3.11873457739e-05,1,0,0,0.00789715653126,0.00657937657133
HPF,24,51,0.001,2.31389788728e-05,2.31399687361e-05,0.000918283767533,3.27270966732e-05,1,0,0,0.00828676974045,0.00690420678979
HPF,24,52,0.001,2.42909097931e-05,2.4291948352e-05,0.000918288016692,3.43563564566e-05,1,0,0,0.00869899949952,0.00724792005702
HPF,24,53,0.001,2.55107076506e-05,2.55117978214e-05,0.000918292149436,3.6081605281e-05,1,0,0,0.0091354773307,0.00761188344955
HPF,24,54,0.001,2.68033537626e-05,2.68044986799e-05,0.000918296107557,3.7909888583e-05,1,0,0,0.00959797572778,0.00799758327862
HPF,24,55,0.001,2.8174270236e-05,2.81754733e-05,0.00091830000747,3.98488752396e-05,1,0,0,0.0100884221809,0.00840663740816
HPF,24,56,0.001,2.96293663653e-05,2.9630631174e-05,0.00091830373276,4.19069231921e-05,1,0,0,0.0106094159561,0.00884080904737
HPF,24,57,0.001,3.11750904169e-05,3.11764208881e-05,0.000918307399843,4.40931526885e-05,1,0,0,0.0111628713741,0.00930202221995
HPF,24,58,0.001,3.28184877951e-05,3.28198881011e-05,0.000918310892303,4.64175285515e-05,1,0,0,0.0117512992606,0.00979237914328
HPF,24,59,0.001,3.45672666696e-05,3.4568741342e-05,0.000918314326555,4.88909530005e-05,1,0,0,0.0123774595605,0.0103141797875
HPF,24,60,0.001,3.64298719434e-05,3.64314259044e-05,0.000918317586184,5.15253702701e-05,1,0,0,0.0130443759562,0.0108699439275
HPF,24,61,0.001,3.84155685931e-05,3.84172071035e-05,0.000918320787605,5.43338844837e-05,1,0,0,0.0137553657175,0.0114624360518
HPF,24,62,0.001,4.05345362371e-05,4.05362650356e-05,0.000918323872611,5.73308934076e-05,1,0,0,0.0145140734348,0.0120946935527
HPF,24,63,0.001,4.27979761823e-05,4.27998014764e-05,0.000918326841202,6.05322398566e-05,1,0,0,0.0153245091741,0.0127700586914
HPF,24,64,0.001,4.52182333477e-05,4.52201618383e-05,0.000918329693377,6.39553841372e-05,1,0,0,0.0161910916299,0.0134922149199
HPF,24,65,0.001,4.78089346151e-05,4.78109736318e-05,0.000918332487345,6.76195997286e-05,1,0,0,0.0171186968812,0.0142652282389
HPF,24,66,0.001,5.05851471755e-05,5.05873046769e-05,0.000918335164897,7.15461972428e-05,1,0,0,0.0181127153161,0.0150935943923
HPF,24,67,0.001,5.35635593756e-05,5.35658439992e-05,0.000918337726034,7.57587802081e-05,1,0,0,0.0191791126533,0.0159822928445
HPF,24,68,0.001,5.67626880831e-05,5.6765109299e-05,0.000918340170756,8.0283538362e-05,1,0,0,0.020324494563,0.0169368486593
HPF,24,69,0.001,6.02031169873e-05,6.02056851411e-05,0.00091834255727,8.51495846959e-05,1,0,0,0.0215561883551,0.0179634036064
HPF,24,70,0.001,6.3907771267e-05,6.39104976794e-05,0.000918344827369,9.03893439382e-05,1,0,0,0.022882635569,0.0190687980797
HPF,24,71,0.001,6.79022344829e-05,6.79051315949e-05,0.00091834703926,9.60390007578e-05,1,0,0,0.0243128755226,0.0202606657131
HPF,24,72,0.001,7.2215115971e-05,7.22181973881e-05,0.000918349134736,0.000102139019395,1,0,0,0.0258571251102,0.0215475429591
HPF,24,73,0.001,7.68784773784e-05,7.68817581259e-05,0.000918351172004,0.000108734746941,1,0,0,0.0275268611335,0.0229389963496
HPF,24,74,0.001,8.19283292431e-05,8.19318258762e-05,0.000918353151064,0.000115877115688,1,0,0,0.0293349700384,0.0244457707246
HPF,24,75,0.001,8.74052115799e-05,8.74089423533e-05,0.00091835501371,0.000123623464293,1,0,0,0.0312959680232,0.0260799624038
HPF,24,76,0.001,9.33548739056e-05,9.33588591353e-05,0.000918356759939,0.000132038499584,1,0,0,0.0334262786804,0.0278552221381
HPF,24,77,0.001,9.98290752192e-05,9.98333373149e-05,0.000918358447962,0.000141195428033,1,0,0,0.0357444015008,0.0297869937412
HPF,24,78,0.001,0.000106886527276,0.000106891091246,0.000918360077776,0.000151177289896,1,0,0,0.038271355171,0.0318927956364
HPF,24,79,0.001,0.000114594012038,0.000114598905629,0.000918361649383,0.000162078539698,1,0,0,0.0410310654618,0.0341925542218
HPF,24,80,0.001,0.000123027709529,0.000123032963887,0.000918363104574,0.000174006924322,1,0,0,0.0440508004254,0.0367090000667
HPF,24,81,0.001,0.000132274781706,0.000132280431628,0.000918364559766,0.000187085723189,1,0,0,0.0473617688719,0.0394681406176
HPF,24,82,0.001,0.00014243527122,0.000142441355895,0.000918365898542,0.000201456433803,1,0,0,0.0509997917963,0.0424998264952
HPF,24,83,0.001,0.000153624383817,0.000153630947188,0.000918367179111,0.000217281999934,1,0,0,0.0550061193829,0.0458384328173
HPF,24,84,0.001,0.000165975248411,0.000165982340184,0.000918368343264,0.000234750715366,1,0,0,0.0594284191174,0.0495236825961
HPF,24,85,0.001,0.000179642267884,0.000179649944465,0.000918369507417,0.000254080963192,1,0,0,0.0643219758395,0.0536016465312
HPF,24,86,0.001,0.000194805207669,0.00019481353302,0.000918370613363,0.000275526998579,1,0,0,0.0697511556209,0.0581259630156
HPF,24,87,0.001,0.000211674211364,0.000211683258637,0.000918371602893,0.000299386042716,1,0,0,0.0757912015639,0.0631593346346
HPF,24,88,0.001,0.000230495986373,0.00023050583892,0.000918372592423,0.000326007031611,1,0,0,0.0825304487317,0.0687753739455
HPF,24,89,0.001,0.000251561478846,0.00025157223295,0.000918373523746,0.000355801471308,1,0,0,0.0900730721517,0.0750608934622
HPF,24,90,0.001,0.000275215452284,0.000275227218626,0.000918374396861,0.000389256985596,1,0,0,0.098542516376,0.0821187636491
HPF,24,91,0.001,0.000301868522591,0.000301881429487,0.000918375211768,0.00042695433805,1,0,0,0.108085804916,0.0900715040987
HPF,24,92,0.001,0.000332012383082,0.000332026579463,0.000918375968467,0.000469588965854,1,0,0,0.118878991591,0.0990658263285
HPF,24,93,0.001,0.00036623920596,0.000366254864206,0.000918376666959,0.0005179984207,1,0,0,0.131134107706,0.109278423091
HPF,24,94,0.001,0.000405266554286,0.000405283866826,0.000918377365451,0.00057319760358,1,0,0,0.145108084828,0.120923404026
HPF,24,95,0.001,0.000449969627404,0.000449988775095,0.000918378005736,0.000636424371808,1,0,0,0.16111431097,0.13426192581
HPF,24,96,0.001,0.000501423311912,0.000501444310899,0.000918378587812,0.000709199014725,1,0,0,0.179537731322,0.149614776103
HPF,24,97,0.001,0.000560957367707,0.000560979476402,0.000918379111681,0.000793402307278,1,0,0,0.200854771041,0.167378975866
HPF,24,98,0.001,0.00063022907178,0.00063024874296,0.00091837963555,0.000891378255215,1,0,0,0.22565988868,0.188049907221
HPF,24,99,0.001,0.00071131848691,0.000711322986211,0.0010061217472,0.00100606883919,1,0,0,0.25470134977,0.212251124715
HPF,24,100,0.001,0.000806851524322,0.000806800904342,0.00114132312592,0.00114118806168,1,0,0,0.28892996634,0.240774971493
HPF,24,101,0.001,0.000920153487468,0.000919934393037,0.00130183971487,0.00130143905578,1,0,0,0.329566070518,0.274638389466
HPF,24,102,0.001,0.00105542813211,0.00105474668505,0.00149391358718,0.00149276703015,1,0,0,0.37819148372,0.315159556683
HPF,24,103,0.001,0.00121794045084,0.00121609844323,0.00172570219729,0.0017226164121,1,0,0,0.436873660431,0.364061327301
HPF,24,104,0.001,0.00141415163174,0.00140962785589,0.00200788653456,0.00200011662564,1,0,0,0.508323053539,0.423602332475
HPF,24,105,0.001,0.00165171211432,0.00164146764931,0.00235443096608,0.00233605666694,1,0,0,0.596067548816,0.496722266101
HPF,24,106,0.001,0.00193917325402,0.00191764443085,0.00278305425309,0.00274243837594,1,0,0,0.704585021034,0.587152172159
HPF,24,107,0.001,0.00228525420223,0.00224311429955,0.00331493001431,0.00323136242186,1,0,0,0.839252703709,0.699372000817
HPF,24,108,0.001,0.00269753444787,0.0026204913806,0.00397327169776,0.00381306421239,1,0,0,1.00595483294,0.838283405847
HPF,24,109,0.001,0.00318056793192,0.0030486654806,0.0047796247527,0.00449313745325,1,0,0,1.21015896423,1.00843986764
HPF,24,110,0.001,0.0037336405074,0.00352163557592,0.00574797252193,0.0052693556389,1,0,0,1.45542140222,1.2128014647
HPF,24,111,0.001,0.00434867316027,0.00402794344073,0.00687755085528,0.00612890688358,1,0,0,1.74156517647,1.45121726773
HPF,24,112,0.001,0.00500898978988,0.00455102354691,0.00814653560519,0.007047078356,1,0,0,2.06307513357,1.71908907505
HPF,24,113,0.001,0.0056896578051,0.00507058317172,0.00950931850821,0.00798826007597,1,0,0,2.40840434999,2.00679460569
HPF,24,114,0.001,0.00635976732729,0.00556484699192,0.0108994701877,0.00890954304786,1,0,0,2.76074558036,2.30032925911
HPF,24,115,0.001,0.00698640992334,0.0060132452909,0.01223859936,0.00976636039091,1,0,0,3.10026249128,2.58317198897
HPF,24,116,0.001,0.00753950528858,0.00639899627328,0.0134491417557,0.0105189181557,1,0,0,3.40731096137,2.83895879879
HPF,24,117,0.001,0.00799630351596,0.00671107794683,0.0144675616175,0.0111379029292,1,0,0,3.66566785782,3.05417826099
HPF,24,118,0.001,0.00834452010771,0.00694528039828,0.0152545263991,0.0116082425221,1,0,0,3.86533065883,3.22050087614
HPF,24,119,0.001,0.00858356937823,0.0071042982167,0.0157998465002,0.0119303866364,1,0,0,4.00369635449,3.33576056392
HPF,24,120,0.001,0.00872402557721,0.00719708456044,0.0161221213639,0.0121193884298,1,0,0,4.08547194937,3.40387975646
HPF,24,121,0.001,0.00878606922176,0.00723792171573,0.0162649098784,0.0122028112083,1,0,0,4.12170498206,3.434061809
HPF,24,122,0.001,0.00879858314436,0.00724614739698,0.0162937417626,0.012219632406,1,0,0,4.12902113681,3.44015614435
HPF,24,123,0.001,0.0227529943832,0.0227512671474,0.0321759581566,0.0321108108936,1,20170,0,8.15661071185,6.794284677
HPF,24,124,0.001,0.0228981407533,0.0228947787422,0.0323730483651,0.0313375113706,1,24995,0,8.2144310439,6.84229519175
HPF,24,125,0.001,0.0229984131361,0.0230017866174,0.032515771687,0.0257345655982,1,27798,0,8.25754944716,6.87876551798
HPF,24,126,0.001,0.0230805530203,0.0230783910341,0.0326318480074,0.0144145283173,1,29980,0,8.29410537535,6.90932616346
HPF,24,127,0.001,0.0231559960637,0.0231592572017,0.0327330939472,0.00318015901732,1,31779,0,8.32605876589,6.93633292645
HPF,24,0,1.000,0.0013979640187,0.00139822479426,0.917020976543,0.0019768497559,1,0,0,0.590668706109,0.418851036983
HPF,24,1,1.000,0.00180596332695,0.00180619313436,0.916980862617,0.00255400090687,1,0,0,0.687819189586,0.540825489767
HPF,24,2,1.000,0.00202329727143,0.00202351855658,0.916971087456,0.00286142445666,1,0,0,0.739928820847,0.605491204473
HPF,24,3,1.000,0.00221508340886,0.00221530007843,0.916966795921,0.00313270477812,1,0,0,0.807912831026,0.66187942801
HPF,24,4,1.000,0.00239665139038,0.00239686558249,0.91696536541,0.00338952812726,1,0,0,0.8695852615,0.715846455625
HPF,24,5,1.000,0.00257394668397,0.00257415985012,0.916965842247,0.0036403053191,1,0,0,0.92733992882,0.768574109984
HPF,24,6,1.000,0.00275007469332,0.00275028794181,0.916967630386,0.00388942942603,1,0,0,0.990230407768,0.821015527824
HPF,24,7,1.000,0.00292695029928,0.00292716453367,0.916970491409,0.00413960932166,1,0,0,1.05359751524,0.873768641544
HPF,24,8,1.000,0.00310589559608,0.00310611158964,0.916974127293,0.00439271527705,1,0,0,1.11741421349,0.927023397759
HPF,24,9,1.000,0.00328790449478,0.00328812293698,0.916978418827,0.00465015328667,1,0,0,1.18192324795,0.981067970591
HPF,24,10,1.000,0.00347377629874,0.00347399782015,0.916983187199,0.00491305403317,1,0,0,1.24811722366,1.03653230972
HPF,24,11,1.000,0.003664189905,0.00366441509534,0.916988372803,0.00518237785794,1,0,0,1.31623793652,1.09332438695
HPF,24,12,1.000,0.00385974809212,0.00385997750805,0.916993916035,0.00545897741369,1,0,0,1.38610026988,1.15164698404
HPF,24,13,1.000,0.00406100567071,0.0040612398522,0.916999697685,0.00574363748806,1,0,0,1.45797163468,1.2116996769
HPF,24,14,1.000,0.00426848824921,0.00426872772384,0.917005717754,0.00603710155095,1,0,0,1.53220950423,1.27360968739
HPF,24,15,1.000,0.00448270541279,0.00448295070147,0.917011916637,0.00634009039796,1,0,0,1.60881483099,1.33752907857
HPF,24,16,1.000,0.00470416033612,0.00470441195765,0.91701823473,0.00665331574919,1,0,0,1.68802013717,1.40360800096
HPF,24,17,1.000,0.00493335712553,0.00493361559571,0.917024672031,0.00697749063555,1,0,0,1.77002946986,1.47199688388
HPF,24,18,1.000,0.0051708066698,0.00517107251354,0.917031168938,0.00731333767552,1,0,0,1.85496417967,1.54284817718
HPF,24,19,1.000,0.00541703148487,0.00541730523317,0.917037725449,0.00766159592822,1,0,0,1.94307969827,1.61631779068
HPF,24,20,1.000,0.00567256988591,0.00567285207758,0.917044341564,0.00802302679516,1,0,0,2.03451568222,1.69256632761
HPF,24,21,1.000,0.00593797973602,0.0059382709292,0.91705095768,0.00839841932305,1,0,0,2.12949067644,1.77176017565
HPF,24,22,1.000,0.00621384191903,0.00621414267826,0.917057514191,0.00878859511585,1,0,0,2.22821342449,1.85407256932
HPF,24,23,1.000,0.00650076362986,0.00650107454233,0.917064130306,0.00919441298918,1,0,0,2.33089296851,1.93968505961
HPF,24,24,1.000,0.006799381654,0.00679970332198,0.917070627213,0.00961677360893,1,0,0,2.4377683521,2.02878745397
HPF,24,25,1.000,0.00711036559191,0.00711069864342,0.917077124119,0.0100566240521,1,0,0,2.54906884954,2.12157955103
HPF,24,26,1.000,0.00743442118389,0.00743476626607,0.917083621025,0.0105149625095,1,0,0,2.6650549155,2.21827193271
HPF,24,27,1.000,0.00777229374511,0.00777265153886,0.917089998722,0.0109928431445,1,0,0,2.78598943638,2.31908698752
HPF,24,28,1.000,0.00812477174243,0.00812514294566,0.917096316814,0.0114913811519,1,0,0,2.91215361735,2.42425998057
HPF,24,29,1.000,0.00849269058661,0.00849307594264,0.917102515697,0.0120117581219,1,0,0,3.04385307723,2.53404018295
HPF,24,30,1.000,0.00887693665212,0.00887733692662,0.917108654976,0.0125552277253,1,0,0,3.18139681611,2.64869207216
HPF,24,31,1.000,0.0092784515732,0.0092788675681,0.91711473465,0.0131231217906,1,0,0,3.32512755448,2.76849661583
HPF,24,32,1.000,0.0096982368801,0.00969866944522,0.917120695114,0.0137168568605,1,0,0,3.47540260467,2.89375265012
HPF,24,33,1.000,0.0101373589525,0.0101378089728,0.917126595974,0.0143379411985,1,0,0,3.63260050546,3.02477836612
HPF,24,34,1.000,0.0105969544529,0.0105974228634,0.91713231802,0.0149879824738,1,0,0,3.79713263237,3.16191291712
HPF,24,35,1.000,0.0110782361122,0.011078723896,0.917137980461,0.015668695944,1,0,0,3.96943058458,3.30551816171
HPF,24,36,1.000,0.0115824991169,0.0115830073025,0.917143583298,0.0163819134893,1,0,0,4.14995526245,3.45598055813
HPF,24,37,1.000,0.0121111280042,0.0121116576846,0.91714900732,0.0171295933649,1,0,0,4.33920784769,3.61371322734
HPF,24,38,1.000,0.0126656042306,0.0126661565618,0.917154371738,0.017913830905,1,0,0,4.53771354356,3.77915820378
HPF,24,39,1.000,0.0132475143786,0.0132480905701,0.917159557343,0.0187368701313,1,0,0,4.74603811566,3.95278889501
HPF,24,40,1.000,0.0138585592189,0.0138591605656,0.917164683342,0.0196011165698,1,0,0,4.96479855992,4.13511277376
HPF,24,41,1.000,0.0145005635427,0.0145011914118,0.917169690132,0.0205091511571,1,0,0,5.1946380298,4.32667432859
HPF,24,42,1.000,0.0151754870947,0.0151761429285,0.917174577713,0.0214637457042,1,0,0,5.43625885123,4.52805830263
HPF,24,43,1.000,0.0158854364418,0.0158861217825,0.917179346085,0.0224678796832,1,0,0,5.69042097944,4.73989325335
HPF,24,44,1.000,0.016632678097,0.0166333945731,0.917183995247,0.0235247587888,1,0,0,5.95792534896,4.96285547041
HPF,24,45,1.000,0.0174196530633,0.0174204024011,0.9171885252,0.0246378355098,1,0,0,6.23964393352,5.19767329351
HPF,24,46,1.000,0.0182489927107,0.0182497767671,0.917192935944,0.0258108315846,1,0,0,6.53652879557,5.44513187728
HPF,24,47,1.000,0.0191235365197,0.0191243572457,0.917197287083,0.0270477630965,1,0,0,6.84958180675,5.7060784567
HPF,24,48,1.000,0.020046351498,0.020047210998,0.917201459408,0.0283529679374,1,0,0,7.17989784272,5.98142817341
HPF,24,49,1.000,0.0210207539152,0.02102165443,0.917205572128,0.0297311365477,1,0,0,7.52866041972,6.27217053163
HPF,24,50,1.000,0.0220503332368,0.022051277149,0.917209506035,0.0311873457683,1,0,0,7.89715652913,6.57937656166
HPF,24,51,1.000,0.0226141619201,0.0226151176913,0.917213380337,0.0319848056805,1,18791,0,8.10476985553,6.74992400623
HPF,24,52,1.000,0.022757322494,0.0227582571036,0.917217135429,0.0321872496947,1,23129,0,8.16087482558,6.79569131991
HPF,24,53,1.000,0.0228567529994,0.0228576579786,0.917220771313,0.0323278067744,1,25618,0,8.1964956378,6.8281773305
HPF,24,54,1.000,0.0229376841277,0.0229385593361,0.917224287987,0.0324421689149,1,27434,0,8.22543073978,6.8548831672
HPF,24,55,1.000,0.0230079103796,0.0230087460636,0.917227745056,0.0325413664273,1,28879,0,8.25099728531,6.87786985933
HPF,24,56,1.000,0.0230709688836,0.0230717617997,0.917231023312,0.0326304072677,1,30074,0,8.27353593868,6.89831265519
HPF,24,57,1.000,0.0231287686114,0.0231295199777,0.917234241962,0.0327119956539,1,31095,0,8.29376144987,6.91691449622
HPF,24,58,1.000,0.023182451254,0.0231831618747,0.917237401009,0.0327877498983,1,31990,0,8.31188353116,6.93408398406
HPF,24,59,1.000,0.0232327560029,0.023233424163,0.917240381241,0.0328587184229,1,32789,0,8.32831951828,6.95010513729
HPF,24,60,1.000,0.0232801899093,0.0232808120221,0.917243301868,0.0329256208097,1,33516,0,8.3433695955,6.96515493538
HPF,24,61,1.000,0.0233251156708,0.0233256890859,0.917246162891,0.0329889720641,1,34187,0,8.35725682763,6.97928856464
HPF,24,62,1.000,0.0233678024405,0.0233683274682,0.9172488451,0.0330491545214,1,34795,0,8.37013750385,6.99255078092
HPF,24,63,1.000,0.0234084554107,0.0234089344715,0.917251467705,0.0331064597602,1,35350,0,8.38212968556,7.00504441585
HPF,24,64,1.000,0.0234472346592,0.0234476702055,0.917254030704,0.0331611153349,1,35866,0,8.39333593402,7.01684884992
HPF,24,65,1.000,0.023484268757,0.0234846616637,0.917256474495,0.0332133040609,1,36338,0,8.40384194141,7.02802514769
HPF,24,66,1.000,0.0235196639081,0.0235200134494,0.917258858681,0.0332631769556,1,36772,0,8.4137135092,7.03862621483
HPF,24,67,1.000,0.0235535098094,0.023553815023,0.917261123657,0.0333108615457,1,37186,0,8.42300412109,7.04870410939
HPF,24,68,1.000,0.0235858835315,0.0235861444215,0.917263329029,0.0333564673776,1,37570,0,8.43175656852,7.05830445448
HPF,24,69,1.000,0.0236168523116,0.0236170698884,0.917265415192,0.0334000899898,1,37937,0,8.44001229592,7.06746274032
HPF,24,70,1.000,0.0236464759403,0.023646652039,0.91726744175,0.0334418143077,1,38275,0,8.44780465003,7.07619849656
HPF,24,71,1.000,0.0236748081621,0.0236749443226,0.917269349098,0.0334817166355,1,38591,0,8.45513239004,7.08453521343
HPF,24,72,1.000,0.0237018982727,0.0237019955607,0.917271256447,0.0335198669213,1,38882,0,8.46202154348,7.09248971329
HPF,24,73,1.000,0.0237277917441,0.0237278509068,0.917273044586,0.0335563296527,1,39159,0,8.46851520917,7.10007373236
HPF,24,74,1.000,0.023752530969,0.0237525528838,0.917274773121,0.0335911649184,1,39425,0,8.47462821886,7.10729975727
HPF,24,75,1.000,0.0237761557727,0.0237761416297,0.917276382446,0.033624429141,1,39678,0,8.48039343817,7.1141642759
HPF,24,76,1.000,0.0237987037448,0.0237986549957,0.917277991772,0.0336561755501,1,39913,0,8.48582650867,7.12067669523
HPF,24,77,1.000,0.0238202107306,0.0238201289793,0.917279481888,0.0336864548826,1,40132,0,8.49095139537,7.12685653983
HPF,24,78,1.000,0.0238407109573,0.0238405978064,0.917280912399,0.0337153155623,1,40339,0,8.4957845639,7.13272067574
HPF,24,79,1.000,0.0238602373059,0.0238600940634,0.917282283306,0.0337428040886,1,40531,0,8.50034414469,7.13828409997
HPF,24,80,1.000,0.023878821552,0.0238786491393,0.917283594608,0.03376896538,1,40711,0,8.50464451881,7.14357090967
HPF,24,81,1.000,0.0238964943614,0.0238962935777,0.917284846306,0.0337938427685,1,40888,0,8.50870015441,7.14859379376
HPF,24,82,1.000,0.0239132854961,0.0239130571049,0.917286038399,0.0338174782948,1,41053,0,8.51252363598,7.15334104288
HPF,24,83,1.000,0.0239292238031,0.0239289685921,0.917287170887,0.0338399126925,1,41206,0,8.51612643678,7.15782764227
HPF,24,84,1.000,0.0239443374201,0.0239440563052,0.917288243771,0.033861185683,1,41351,0,8.51952056562,7.16207085222
HPF,24,85,1.000,0.0239586536896,0.0239583477956,0.91728925705,0.0338813358538,1,41493,0,8.52271403181,7.16607847475
HPF,24,86,1.000,0.0239721992923,0.0239718699511,0.917290210724,0.0339004008492,1,41626,0,8.52571992495,7.16985908357
HPF,24,87,1.000,0.0239850002621,0.0239846489212,0.917291104794,0.0339184173922,1,41749,0,8.52854164422,7.17342682276
HPF,24,88,1.000,0.0239970819884,0.0239967100539,0.917291998863,0.0339354212884,1,41861,0,8.53119579863,7.1767850095
HPF,24,89,1.000,0.0240084693758,0.0240080782669,0.917292773724,0.0339514476544,1,41965,0,8.53368113847,7.17994466113
HPF,24,90,1.000,0.0240191867263,0.0240187777527,0.917293548584,0.0339665307496,1,42067,0,8.53601340058,7.18291474451
HPF,24,91,1.000,0.0240292578767,0.0240288322816,0.91729426384,0.0339807041727,1,42156,0,8.53819452814,7.18570055984
HPF,24,92,1.000,0.024038706149,0.0240382650334,0.917294979095,0.0339940007915,1,42240,0,8.54023038785,7.18831041453
HPF,24,93,1.000,0.0240475544303,0.0240470988643,0.917295575142,0.0340064528568,1,42319,0,8.54213455454,7.19075216686
HPF,24,94,1.000,0.0240558251288,0.0240553560053,0.917296171188,0.0340180919397,1,42391,0,8.54390564543,7.19303416115
HPF,24,95,1.000,0.0240635402369,0.0240630584018,0.917296767235,0.0340289490216,1,42458,0,8.54555073918,7.195161086
HPF,24,96,1.000,0.0240707213873,0.0240702276217,0.917297244072,0.0340390545748,1,42520,0,8.54708213597,7.19713948058
HPF,24,97,1.000,0.0240773897662,0.0240768848325,0.917297720909,0.0340484384378,1,42580,0,8.54849856203,7.19897551015
HPF,24,98,1.000,0.0240835662075,0.0240830508005,0.917298197746,0.0340571299514,1,42630,0,8.549805681,7.20067690289
HPF,24,99,1.000,0.0240892711769,0.0240887460006,0.917298614979,0.0340651579344,1,42681,0,8.55101033312,7.20224814458
HPF,24,100,1.000,0.0240945248182,0.0240939905485,0.917298972607,0.0340725507508,1,42721,0,8.55212029591,7.20369425275
HPF,24,101,1.000,0.0240993469476,0.0240988042475,0.917299330235,0.0340793363006,1,42766,0,8.55313617954,7.20502009963
HPF,24,102,1.000,0.0241037570509,0.0241032065625,0.917299628258,0.0340855420167,1,42800,0,8.5540628271,7.20623419207
HPF,24,103,1.000,0.0241077743379,0.0241072166811,0.917299926281,0.0340911949417,1,42833,0,8.55490491472,7.2073396072
HPF,24,104,1.000,0.024111417788,0.0241108536089,0.9173001647,0.0340963217929,1,42861,0,8.55566696628,7.20834120069
HPF,24,105,1.000,0.0241147060419,0.0241141358999,0.917300403118,0.0341009488082,1,42890,0,8.55635592168,7.20924631557
HPF,24,106,1.000,0.0241176575897,0.0241170820862,0.917300641537,0.0341051020138,1,42915,0,8.55697401363,7.21005789281
HPF,24,107,1.000,0.0241202906325,0.0241197103104,0.917300820351,0.0341088070265,1,42935,0,8.55752453944,7.21078140401
HPF,24,108,1.000,0.0241226232146,0.0241220386169,0.917300999165,0.0341120892422,1,42955,0,8.55801156127,7.21142392253
HPF,24,109,1.000,0.0241246732459,0.0241240848806,0.917301118374,0.0341149738665,1,42976,0,8.55843905273,7.21198715556
HPF,24,110,1.000,0.0241264583948,0.0241258667348,0.917301297188,0.0341174857641,1,42992,0,8.55881091087,7.21247673646
HPF,24,111,1.000,0.0241279963442,0.024127401833,0.917301356792,0.0341196498202,1,43005,0,8.55913096831,7.21290086829
HPF,24,112,1.000,0.0241293046075,0.0241287076677,0.917301476002,0.0341214906802,1,43015,0,8.55940300574,7.21326105308
HPF,24,113,1.000,0.0241304006876,0.024129801714,0.917301535606,0.0341230329738,1,43027,0,8.55963076516,7.2135623921
HPF,24,114,1.000,0.0241313020711,0.0241307014361,0.917301595211,0.034124301308,1,43031,0,8.55981796431,7.213809917
HPF,24,115,1.000,0.0241320263504,0.0241314243535,0.917301654816,0.0341253204381,1,43038,0,8.55996831295,7.21400861783
HPF,24,116,1.000,0.0241325912491,0.0241319881954,0.91730171442,0.0341261153039,1,43043,0,8.56008553197,7.21416347378
HPF,24,117,1.000,0.0241330147004,0.0241324108682,0.91730171442,0.0341267111391,1,43047,0,8.560173377,7.21427948937
HPF,24,118,1.000,0.0241333150542,0.0241327106516,0.917301774025,0.0341271337649,1,43051,0,8.56023566943,7.21436183114
HPF,24,119,1.000,0.0241335111737,0.0241329064128,0.917301774025,0.0341274097231,1,43049,0,8.56027634034,7.21441595502
HPF,24,120,1.000,0.0241336228623,0.0241330178911,0.917301774025,0.0341275668791,1,43051,0,8.5602994996,7.21444677192
HPF,24,121,1.000,0.0241336713949,0.024133066341,0.917301774025,0.0341276351689,1,43051,0,8.56030956342,7.21446016269
HPF,24,122,1.000,0.0241336811205,0.0241330760378,0.917301774025,0.0341276488536,1,43051,0,8.56031158115,7.21446284741
HPF,24,123,1.000,0.0242201720053,0.0242194086512,0.917308092117,0.0342493417906,1,43785,0,8.57802050907,7.23820834372
HPF,24,124,1.000,0.024313255179,0.0243123313333,0.917314887047,0.0343802933948,1,44525,0,8.59653682816,7.26377299866
HPF,24,125,1.000,0.0244065726811,0.0244054714744,0.917321741581,0.034511557753,1,45274,0,8.61448733616,7.28904128979
HPF,24,126,1.000,0.0245000993209,0.0244988275659,0.917328715324,0.0346430996677,1,45969,0,8.63185531898,7.31405627387
HPF,24,127,1.000,0.0245938063599,0.0245923505419,0.917335748672,0.0347748786945,1,46667,0,8.64871268126,7.33887465686
BPF,12,0,0.001,1.67749654213e-06,1.67776012966e-06,0.00092038186267,2.37227822188e-06,1,0,0,0.000590668706776,0.000436721497595
BPF,12,1,0.001,2.1671186631e-06,2.16736286852e-06,0.00092062947806,3.06485959961e-06,1,0,0,0.000687819190549,0.000546585985228
BPF,12,2,0.001,2.42792784371e-06,2.42816836789e-06,0.000920738908462,3.43376785617e-06,1,0,0,0.000739928815914,0.00061196604906
BPF,12,3,0.001,2.6580772878e-06,2.65831698272e-06,0.000920824997593,3.75930424118e-06,1,0,0,0.000807912825816,0.000668270662984
BPF,12,4,0.001,2.87596372395e-06,2.87620420853e-06,0.000920898746699,4.06749225848e-06,1,0,0,0.000869585256049,0.000720269276064
BPF,12,5,0.001,3.08872215976e-06,3.08896457891e-06,0.000920964346733,4.3684248882e-06,1,0,0,0.000927339923153,0.000771759061057
BPF,12,6,0.001,3.30007930656e-06,3.30032456574e-06,0.000921024009585,4.66737381625e-06,1,0,0,0.000990230411721,0.000824076749566
BPF,12,7,0.001,3.51233315762e-06,3.5125820198e-06,0.000921079074033,4.96758969266e-06,1,0,0,0.00105359751917,0.00087609945569
BPF,12,8,0.001,3.72707031172e-06,3.72732345238e-06,0.00092113041319,5.27131683988e-06,1,0,0,0.00111741421738,0.000928350409812
BPF,12,9,0.001,3.94548351602e-06,3.94574155732e-06,0.000921178550925,5.58024244121e-06,1,0,0,0.00118192325178,0.000982384338544
BPF,12,10,0.001,4.16853199661e-06,4.16879552453e-06,0.000921224011108,5.89572334105e-06,1,0,0,0.00124811720988,0.0010372510387
BPF,12,11,0.001,4.39703044995e-06,4.39730002544e-06,0.000921267084777,6.2189119302e-06,1,0,0,0.00131623792246,0.00109358889728
BPF,12,12,0.001,4.63170224165e-06,4.63197841283e-06,0.000921308004763,6.55083139963e-06,1,0,0,0.00138610025557,0.00115190019575
BPF,12,13,0.001,4.8732131561e-06,4.87349646014e-06,0.000921347062103,6.89242348193e-06,1,0,0,0.00145797161381,0.00121182137869
BPF,12,14,0.001,5.12219395146e-06,5.12248492929e-06,0.000921384373214,7.24458035705e-06,1,0,0,0.0015322094826,0.001273617812
BPF,12,15,0.001,5.37925614365e-06,5.37955532946e-06,0.00092142005451,7.60816697982e-06,1,0,0,0.00160881480859,0.00133753445637
BPF,12,16,0.001,5.64500353987e-06,5.6453114793e-06,0.000921454280615,7.98403739476e-06,1,0,0,0.00168802012661,0.00140361336331
BPF,12,17,0.001,5.92004109226e-06,5.92035833933e-06,0.000921487167943,8.37304726008e-06,1,0,0,0.00177002945865,0.00147200221557
BPF,12,18,0.001,6.20498186903e-06,6.20530899306e-06,0.000921518716495,8.77606370862e-06,1,0,0,0.00185496416778,0.00154285345872
BPF,12,19,0.001,6.50045289668e-06,6.50079047242e-06,0.000921549100894,9.19397361172e-06,1,0,0,0.00194307969488,0.00161632300604
BPF,12,20,0.001,6.80710015709e-06,6.80744878279e-06,0.00092157832114,9.62769064777e-06,1,0,0,0.00203451567832,0.00169257148563
BPF,12,21,0.001,7.1255931022e-06,7.12595339399e-06,0.000921606493648,1.0078161688e-05,1,0,0,0.00212949068104,0.00177176535723
BPF,12,22,0.001,7.45662877891e-06,7.45700137635e-06,0.000921633676626,1.05463726312e-05,1,0,0,0.00222821342885,0.00185407794703
BPF,12,23,0.001,7.8009358455e-06,7.80132140682e-06,0.000921659870073,1.10333540845e-05,1,0,0,0.00233089295722,0.00193969043604
BPF,12,24,0.001,8.15927842646e-06,8.15967763739e-06,0.000921685132198,1.15401868162e-05,1,0,0,0.00243776834071,0.00202879282893
BPF,12,25,0.001,8.53246007095e-06,8.53287365083e-06,0.000921709521208,1.20680073544e-05,1,0,0,0.00254906886214,0.00212158492437
BPF,12,26,0.001,8.92132765199e-06,8.92175634265e-06,0.000921733037103,1.26180135021e-05,1,0,0,0.00266505492829,0.0022182773044
BPF,12,27,0.001,9.32677555874e-06,9.3272201483e-06,0.000921755796298,1.31914702669e-05,1,0,0,0.0027859894438,0.00231909235753
BPF,12,28,0.001,9.74974995306e-06,9.750211254e-06,0.000921777798794,1.37897158813e-05,1,0,0,0.00291215362516,0.00242426534884
BPF,12,29,0.001,1.01912533223e-05,1.01917321877e-05,0.00092179904459,1.44141682427e-05,1,0,0,0.0030438531023,0.00253404554938
BPF,12,30,0.001,1.06523493243e-05,1.06528466561e-05,0.000921819533687,1.50663317651e-05,1,0,0,0.00318139680246,0.00264869743672
BPF,12,31,0.001,1.1134167925e-05,1.11346846602e-05,0.000921839382499,1.57478046466e-05,1,0,0,0.00332512754114,0.00276850197844
BPF,12,32,0.001,1.16379109511e-05,1.16384480856e-05,0.000921858591028,1.64602867228e-05,1,0,0,0.00347540258466,0.00289375801074
BPF,12,33,0.001,1.21648580785e-05,1.21654166485e-05,0.000921877101064,1.72055879362e-05,1,0,0,0.003632600511,0.00302478372468
BPF,12,34,0.001,1.27163732896e-05,1.27169543966e-05,0.000921895029023,1.79856374698e-05,1,0,0,0.00379713263727,0.00316191827355
BPF,12,35,0.001,1.32939118592e-05,1.3294516662e-05,0.000921912374906,1.88024936278e-05,1,0,0,0.0039694305794,0.00330552351594
BPF,12,36,0.001,1.38990280153e-05,1.38996577401e-05,0.000921929138713,1.96583546705e-05,1,0,0,0.00414995525336,0.00345598591009
BPF,12,37,0.001,1.45333832212e-05,1.45340391568e-05,0.000921945320442,2.05555705287e-05,1,0,0,0.00433920783825,0.00361371857695
BPF,12,38,0.001,1.51987552056e-05,1.51994387129e-05,0.000921960978303,2.1496655575e-05,1,0,0,0.00453771353298,0.00377916355095
BPF,12,39,0.001,1.58970478798e-05,1.58977604071e-05,0.000921976112295,2.24843026516e-05,1,0,0,0.00474603810461,0.00395279423965
BPF,12,40,0.001,1.66303021554e-05,1.66310452279e-05,0.000921990780625,2.35213983694e-05,1,0,0,0.00496479854698,0.00413511811577
BPF,12,41,0.001,1.74007077979e-05,1.74014830533e-05,0.000922004925087,2.46110398737e-05,1,0,0,0.0051946380108,0.00432667966788
BPF,12,42,0.001,1.82106164914e-05,1.82114256468e-05,0.000922018603887,2.57565533233e-05,1,0,0,0.00543625883135,0.0045280636391
BPF,12,43,0.001,1.90625561318e-05,1.90634010039e-05,0.000922031817026,2.69615141052e-05,1,0,0,0.00569042098183,0.00473989858687
BPF,12,44,0.001,1.9959246515e-05,1.99601290586e-05,0.000922044564504,2.82297690247e-05,1,0,0,0.00595792532185,0.00496286080087
BPF,12,45,0.001,2.09036168723e-05,2.09045391709e-05,0.000922056904528,2.95654611063e-05,1,0,0,0.0062396438939,0.00519767862076
BPF,12,46,0.001,2.18988248232e-05,2.1899789052e-05,0.000922068837099,3.09730564003e-05,1,0,0,0.00653652875506,0.0054451372011
BPF,12,47,0.001,2.2948277738e-05,2.29492862651e-05,0.000922080362216,3.24573741973e-05,1,0,0,0.00684958177936,0.00570608377668
BPF,12,48,0.001,2.40556560493e-05,2.40567113634e-05,0.000922091479879,3.40236199993e-05,1,0,0,0.00717989783684,0.00598143348855
BPF,12,49,0.001,2.52249392877e-05,2.52260440664e-05,0.000922102248296,3.56774223444e-05,1,0,0,0.00752866042254,0.0062721758393
BPF,12,50,0.001,2.64604347826e-05,2.6461591891e-05,0.00092211260926,3.74248733995e-05,1,0,0,0.00789715653126,0.00657938185493
BPF,12,51,0.001,2.77668098558e-05,2.77680223403e-05,0.000922122620977,3.92725744948e-05,1,0,0,0.00828676974045,0.00690421204091
BPF,12,52,0.001,2.9149127251e-05,2.91503984019e-05,0.000922132283449,4.1227686234e-05,1,0,0,0.00869899949952,0.00724792523114
BPF,12,53,0.001,3.06128849879e-05,3.06142182686e-05,0.000922141596675,4.32979848629e-05,1,0,0,0.0091354773307,0.00761188844003
BPF,12,54,0.001,3.21640605687e-05,3.21654597821e-05,0.000922150560655,4.54919247938e-05,1,0,0,0.00959797572778,0.0079975878394
BPF,12,55,0.001,3.38091606032e-05,3.38106297645e-05,0.000922159233596,4.78187087935e-05,1,0,0,0.0100884221809,0.00840664099167
BPF,12,56,0.001,3.55552762001e-05,3.55568196577e-05,0.000922167557292,5.0288366328e-05,1,0,0,0.0106094159561,0.00884081047624
BPF,12,57,0.001,3.74101453016e-05,3.74117677143e-05,0.000922175589949,5.29118417258e-05,1,0,0,0.0111628713741,0.00930202229268
BPF,12,58,0.001,3.93822223629e-05,3.93839287962e-05,0.000922183331568,5.57010927317e-05,1,0,0,0.0117512992606,0.0097923792111
BPF,12,59,0.001,4.14807572514e-05,4.14825531141e-05,0.000922190840356,5.86692020988e-05,1,0,0,0.0123774595605,0.0103141798501
BPF,12,60,0.001,4.37158837688e-05,4.37177749042e-05,0.000922197999898,6.1830502792e-05,1,0,0,0.0130443759562,0.0108699439846
BPF,12,61,0.001,4.60987199466e-05,4.61007127227e-05,0.00092220492661,6.52007198432e-05,1,0,0,0.0137553657175,0.0114624361033
BPF,12,62,0.001,4.86414813144e-05,4.86435825815e-05,0.000922211562283,6.87971305541e-05,1,0,0,0.0145140734348,0.012094693598
BPF,12,63,0.001,5.13576094647e-05,5.13598266395e-05,0.000922217965126,7.2638746336e-05,1,0,0,0.0153245091741,0.0127700587303
BPF,12,64,0.001,5.42619182159e-05,5.42642593583e-05,0.00092222407693,7.67465194374e-05,1,0,0,0.0161910916299,0.013492214952
BPF,12,65,0.001,5.73707599287e-05,5.73732338156e-05,0.000922230014112,8.11435781776e-05,1,0,0,0.0171186968812,0.0142652282638
BPF,12,66,0.001,6.07022152081e-05,6.07048314224e-05,0.000922235660255,8.58554952563e-05,1,0,0,0.0181127153161,0.0150935944095
BPF,12,67,0.001,6.4276309924e-05,6.42790788081e-05,0.000922241131775,9.09105947009e-05,1,0,0,0.0191791126533,0.0159822928535
BPF,12,68,0.001,6.81152645391e-05,6.81181974988e-05,0.000922246370465,9.63403045087e-05,1,0,0,0.020324494563,0.0169368486593
BPF,12,69,0.001,7.22437793994e-05,7.22468887487e-05,0.000922251376323,0.000102179560155,1,0,0,0.0215561883551,0.0179634036064
BPF,12,70,0.001,7.66893646261e-05,7.66926640276e-05,0.000922256149352,0.000108467271181,1,0,0,0.022882635569,0.0190687980797
BPF,12,71,0.001,8.1482720644e-05,8.14862249733e-05,0.000922260747757,0.000115246859404,1,0,0,0.0243128755226,0.0202606657131
BPF,12,72,0.001,8.66581785723e-05,8.6661904147e-05,0.000922265171539,0.000122566881793,1,0,0,0.0258571251102,0.0215475429591
BPF,12,73,0.001,9.22542123625e-05,9.22581772247e-05,0.000922269362491,0.000130481754823,1,0,0,0.0275268611335,0.0229389963496
BPF,12,74,0.001,9.83140347087e-05,9.83182587155e-05,0.000922273437027,0.000139052597312,1,0,0,0.0293349700384,0.0244457707246
BPF,12,75,0.001,0.000104886293639,0.000104890798742,0.000922277278733,0.000148348215662,1,0,0,0.0312959680232,0.0260799624038
BPF,12,76,0.001,0.000112025888568,0.00011203069909,0.000922280945815,0.00015844625806,1,0,0,0.0334262786804,0.0278552221381
BPF,12,77,0.001,0.000119794930197,0.000119800073039,0.000922284438275,0.000169434572134,1,0,0,0.0357444015008,0.0297869937412
BPF,12,78,0.001,0.000128263872791,0.000128269377905,0.000922287814319,0.000181412806414,1,0,0,0.038271355171,0.0318927956364
BPF,12,79,0.001,0.000137512854558,0.000137518755297,0.00092229101574,0.000194494306125,1,0,0,0.0410310654618,0.0341925542218
BPF,12,80,0.001,0.00014763329151,0.000147639625272,0.000922294042539,0.000208808367501,1,0,0,0.0440508004254,0.0367090000667
BPF,12,81,0.001,0.000158729778397,0.000158736586993,0.000922296894714,0.000224502926414,1,0,0,0.0473617688719,0.0394681406176
BPF,12,82,0.001,0.000170922365802,0.000170929695971,0.000922299630474,0.000241747779027,1,0,0,0.0509997917963,0.0424998264952
BPF,12,83,0.001,0.000184349300946,0.00018435720567,0.000922302249819,0.00026073845832,1,0,0,0.0550061193829,0.0458384328173
BPF,12,84,0.001,0.00019917033855,0.000199178877381,0.000922304752748,0.00028170091687,1,0,0,0.0594284191174,0.0495236825961
BPF,12,85,0.001,0.000215570762066,0.000215580002704,0.000922307081055,0.000304897214379,1,0,0,0.0643219758395,0.0536016465312
BPF,12,86,0.001,0.000233766289847,0.000233776309182,0.000922309292946,0.000330632456812,1,0,0,0.0697511556209,0.0581259630156
BPF,12,87,0.001,0.000254009094321,0.00025401997993,0.000922311388422,0.00035926330975,1,0,0,0.0757912015639,0.0631593346346
BPF,12,88,0.001,0.000276595224394,0.000276607076513,0.000922313367482,0.000391208496436,1,0,0,0.0825304487317,0.0687753739433
BPF,12,89,0.001,0.000301873815483,0.000301886749263,0.000922315230127,0.000426961824169,1,0,0,0.0900730721517,0.07506089346
BPF,12,90,0.001,0.000330258583556,0.000330272732035,0.000922316976357,0.000467108441172,1,0,0,0.098542516376,0.082118763647
BPF,12,91,0.001,0.000362242268037,0.000362257785361,0.000922318606172,0.000512345264211,1,0,0,0.108085804916,0.0900715040966
BPF,12,92,0.001,0.000398414900761,0.000398431965584,0.000922320119571,0.000563506817706,1,0,0,0.118878991591,0.0990658263263
BPF,12,93,0.001,0.000439487088244,0.000439505907295,0.000922321574762,0.000621598163507,1,0,0,0.131134107706,0.109278423089
BPF,12,94,0.001,0.000486319906119,0.000486340710435,0.000922322971746,0.000687837182745,1,0,0,0.145108084828,0.120923404024
BPF,12,95,0.001,0.000539963594321,0.000539986601285,0.000922324194107,0.000763709305221,1,0,0,0.16111431097,0.134261925808
BPF,12,96,0.001,0.00060170801776,0.00060173324844,0.00092232535826,0.000851038879546,1,0,0,0.179537731322,0.149614776101
BPF,12,97,0.001,0.000673148892117,0.000673175461395,0.000952120812144,0.000952082841039,1,0,0,0.200854771041,0.167378975866
BPF,12,98,0.001,0.000756274960497,0.000756298627949,0.00106968963519,0.00106965401175,1,0,0,0.22565988868,0.18804990722
BPF,12,99,0.001,0.000853582332131,0.000853587863385,0.00120734225493,0.00120728281642,1,0,0,0.25470134977,0.212251124715
BPF,12,100,0.001,0.000968222184354,0.000968161766445,0.00136958574876,0.00136942617673,1,0,0,0.28892996634,0.2407749715
BPF,12,101,0.001,0.00110418508656,0.00110392299196,0.00156220514327,0.00156172814313,1,0,0,0.329566070518,0.274638389495
BPF,12,102,0.001,0.00126651599731,0.00126570022021,0.0017926862929,0.00179132360704,1,0,0,0.37819148372,0.315159556788
BPF,12,103,0.001,0.00146153382512,0.00145932779621,0.00207082624547,0.00206714718777,1,0,0,0.436873660431,0.364061327634
BPF,12,104,0.001,0.00169699371656,0.00169157426044,0.00240944814868,0.00240015665858,1,0,0,0.508323053539,0.423602333369
BPF,12,105,0.001,0.00198207916218,0.00196980318053,0.0028253372293,0.00280330309214,1,0,0,0.596067548816,0.496722265409
BPF,12,106,0.001,0.00232705642589,0.00230125258924,0.00333969271742,0.00329099545671,1,0,0,0.704585021034,0.58715216416
BPF,12,107,0.001,0.00274239508844,0.00269187752133,0.00397796230391,0.00387776427132,1,0,0,0.839252703709,0.699371975982
BPF,12,108,0.001,0.00323719888474,0.00314482337532,0.0047680134885,0.00457590440751,1,0,0,1.00595483294,0.838283340925
BPF,12,109,0.001,0.00381694175341,0.00365876558174,0.00573571631685,0.00539214198116,1,0,0,1.21015896423,1.00843972022
BPF,12,110,0.001,0.00448077502762,0.00422650773257,0.00689787091687,0.00632381736718,1,0,0,1.45542140222,1.21280116818
BPF,12,111,0.001,0.00521900891574,0.00483430000505,0.00825358182192,0.00735556330141,1,0,0,1.74156517647,1.4512167316
BPF,12,112,0.001,0.00601163134955,0.00546225771576,0.00977667141706,0.00845772253286,1,0,0,2.06307513357,1.71908819355
BPF,12,113,0.001,0.00682871508469,0.00608601745829,0.0114124109969,0.00958755026993,1,0,0,2.40840434999,2.00679327443
BPF,12,114,0.001,0.00763315269746,0.00667943195849,0.0130810625851,0.0106935323232,1,0,0,2.76074558036,2.30032925911
BPF,12,115,0.001,0.00838543319051,0.00721779853821,0.0146885272115,0.0117221579366,1,0,0,3.10026249128,2.58317198897
BPF,12,116,0.001,0.00904943760519,0.00768096097,0.0161416772753,0.0126256421202,1,0,0,3.40731096137,2.83895879879
BPF,12,117,0.001,0.00959784609513,0.0080556785913,0.0173642300069,0.0133687808686,1,0,0,3.66566785782,3.05417826099
BPF,12,118,0.001,0.0100159034099,0.00833689095463,0.0183089505881,0.0139334686359,1,0,0,3.86533065883,3.22050087614
BPF,12,119,0.001,0.0103029011048,0.00852782954,0.0189635939896,0.0143202378102,1,0,0,4.00369635449,3.33576056392
BPF,12,120,0.001,0.0104715310949,0.0086392423514,0.0193504802883,0.0145471566812,1,0,0,4.08547194937,3.40387975646
BPF,12,121,0.001,0.0105460201948,0.00868827757481,0.0195218976587,0.0146473158978,1,0,0,4.12170498206,3.434061809
BPF,12,122,0.001,0.01056104433,0.00869815458661,0.0195565093309,0.0146675118278,1,0,0,4.12902113681,3.44015614435
BPF,12,123,0.001,0.027304520335,0.0273026815551,0.0386130549014,0.0385343294126,1,20170,0,8.15661071185,6.79425082908
BPF,12,124,0.001,0.0274819331217,0.027477983015,0.0388473346829,0.0376107621271,1,24995,0,8.2144310439,6.84267154419
BPF,12,125,0.001,0.0276132680423,0.0276157159062,0.0390165932477,0.0308967583278,1,27798,0,8.25754944716,6.88008228167
BPF,12,126,0.001,0.0277235667659,0.0277227317343,0.0391569361091,0.017317866429,1,29980,0,8.29410537535,6.91193697541
BPF,12,127,0.001,0.0278254262523,0.0278282497566,0.0392826795578,0.00381693734317,1,31779,0,8.32605876589,6.94041332895
BPF,12,0,1.000,0.00167749654267,0.00167776012947,0.91905772686,0.00237227822263,1,0,0,0.590668706109,0.436721499522
BPF,12,1,1.000,0.00216711866397,0.00216736286988,0.919273734093,0.00306485960084,1,0,0,0.687819189586,0.546585987745
BPF,12,2,1.000,0.00242792784432,0.00242816836918,0.919369101524,0.00343376785704,1,0,0,0.739928820847,0.611966051887
BPF,12,3,1.000,0.00265807728801,0.00265831698424,0.919444024563,0.00375930424148,1,0,0,0.807912831026,0.668270666074
BPF,12,4,1.000,0.00287596372508,0.00287620421176,0.919508159161,0.00406749226006,1,0,0,0.8695852615,0.720269279394
BPF,12,5,1.000,0.0030887221598,0.0030889645812,0.91956526041,0.00436842488826,1,0,0,0.92733992882,0.771759060834
BPF,12,6,1.000,0.0033000793078,0.00330032456767,0.919617116451,0.00466737381801,1,0,0,0.990230407768,0.824076749461
BPF,12,7,1.000,0.00351233315316,0.00351258201166,0.919664978981,0.00496758968636,1,0,0,1.05359751524,0.876099455708
BPF,12,8,1.000,0.00372707031089,0.00372732345059,0.919709563255,0.00527131683868,1,0,0,1.11741421349,0.928350407305
BPF,12,9,1.000,0.00394548351675,0.00394574155859,0.919751405716,0.00558024244222,1,0,0,1.18192324795,0.982384335977
BPF,12,10,1.000,0.00416853199675,0.00416879552461,0.919790863991,0.00589572334126,1,0,0,1.24811722366,1.03725103608
BPF,12,11,1.000,0.00439703044977,0.00439730002616,0.919828236103,0.00621891192994,1,0,0,1.31623793652,1.09358890933
BPF,12,12,1.000,0.00463170224028,0.00463197841222,0.919863760471,0.00655083139767,1,0,0,1.38610026988,1.15190020816
BPF,12,13,1.000,0.00487321315674,0.00487349646107,0.91989761591,0.00689242348283,1,0,0,1.45797163468,1.21182139146
BPF,12,14,1.000,0.00512219395514,0.0051224849312,0.919929981232,0.00724458036225,1,0,0,1.53220950423,1.27361782459
BPF,12,15,1.000,0.00537925614071,0.00537955532613,0.919960916042,0.00760816697566,1,0,0,1.60881483099,1.33753445301
BPF,12,16,1.000,0.00564500354213,0.00564531148467,0.919990599155,0.00798403739796,1,0,0,1.68802013717,1.40361335996
BPF,12,17,1.000,0.00592004109131,0.00592035834202,0.920019090176,0.00837304725874,1,0,0,1.77002946986,1.47200221223
BPF,12,18,1.000,0.00620498186749,0.00620530899117,0.920046448708,0.00877606370643,1,0,0,1.85496417967,1.54285345541
BPF,12,19,1.000,0.00650045289509,0.00650079046845,0.920072734356,0.00919397360948,1,0,0,1.94307969827,1.61632300277
BPF,12,20,1.000,0.00680710015997,0.00680744878547,0.92009806633,0.00962769065183,1,0,0,2.03451568222,1.69257148241
BPF,12,21,1.000,0.00712559310113,0.00712595339374,0.92012244463,0.0100781616865,1,0,0,2.12949067644,1.77176535408
BPF,12,22,1.000,0.00745662877981,0.00745700137568,0.920145988464,0.0105463726325,1,0,0,2.22821342449,1.85407794395
BPF,12,23,1.000,0.00780093584018,0.00780132139926,0.920168638229,0.011033354077,1,0,0,2.33089296851,1.93969043306
BPF,12,24,1.000,0.00815927843228,0.00815967764606,0.920190513134,0.0115401868245,1,0,0,2.4377683521,2.02879282605
BPF,12,25,1.000,0.00853246006573,0.0085328736446,0.920211613178,0.012068007347,1,0,0,2.54906884954,2.1215849216
BPF,12,26,1.000,0.00892132765202,0.00892175634123,0.920231997967,0.0126180135021,1,0,0,2.6650549155,2.21827730177
BPF,12,27,1.000,0.00932677555797,0.0093272201408,0.9202516675,0.0131914702658,1,0,0,2.78598943638,2.31909235505
BPF,12,28,1.000,0.00974974994785,0.0097502112505,0.920270681381,0.0137897158739,1,0,0,2.91215361735,2.42426534652
BPF,12,29,1.000,0.0101912533231,0.0101917321861,0.920289039612,0.0144141682437,1,0,0,3.04385307723,2.53404554725
BPF,12,30,1.000,0.0106523493255,0.010652846651,0.920306801796,0.0150663317667,1,0,0,3.18139681611,2.64869743478
BPF,12,31,1.000,0.0111341679158,0.0111346846544,0.920323967934,0.0157478046336,1,0,0,3.32512755448,2.76850197673
BPF,12,32,1.000,0.0116379109468,0.0116384480829,0.920340538025,0.0164602867167,1,0,0,3.47540260467,2.89375800927
BPF,12,33,1.000,0.0121648580802,0.0121654166581,0.920356571674,0.0172055879385,1,0,0,3.63260050546,3.02478372347
BPF,12,34,1.000,0.0127163732845,0.0127169543943,0.920372068882,0.0179856374625,1,0,0,3.79713263237,3.16191827264
BPF,12,35,1.000,0.0132939118536,0.0132945166549,0.920387029648,0.0188024936199,1,0,0,3.96943058458,3.30552351535
BPF,12,36,1.000,0.0138990280181,0.0138996577377,0.920401513577,0.0196583546744,1,0,0,4.14995526245,3.45598590985
BPF,12,37,1.000,0.0145333832187,0.0145340391523,0.920415520668,0.0205555705251,1,0,0,4.33920784769,3.61371857708
BPF,12,38,1.000,0.0151987552112,0.0151994387156,0.920429050922,0.021496655583,1,0,0,4.53771354356,3.7791635515
BPF,12,39,1.000,0.0158970478816,0.0158977604081,0.92044210434,0.0224843026543,1,0,0,4.74603811566,3.95279424065
BPF,12,40,1.000,0.016630302151,0.0166310452362,0.920454740524,0.0235213983631,1,0,0,4.96479855992,4.13511811727
BPF,12,41,1.000,0.0174007077979,0.0174014830501,0.920466959476,0.0246110398738,1,0,0,5.1946380298,4.32667966991
BPF,12,42,1.000,0.0182106164997,0.0182114256427,0.920478761196,0.025756553335,1,0,0,5.43625885123,4.52806364172
BPF,12,43,1.000,0.0190625561256,0.0190634010054,0.920490205288,0.0269615140965,1,0,0,5.69042097944,4.73989859013
BPF,12,44,1.000,0.0199592465156,0.0199601290738,0.920501232147,0.0282297690255,1,0,0,5.95792534896,4.96286080482
BPF,12,45,1.000,0.0209036168646,0.0209045391562,0.920511901379,0.0295654610955,1,0,0,6.23964393352,5.19767862546
BPF,12,46,1.000,0.0218988248351,0.0218997890717,0.920522153378,0.0309730564171,1,0,0,6.53652879557,5.44513720661
BPF,12,47,1.000,0.0229482777297,0.0229492862523,0.920532107353,0.0324573741855,1,0,0,6.84958180675,5.70608378307
BPF,12,48,1.000,0.0240556560626,0.0240567113812,0.920541703701,0.0340236200181,1,0,0,7.17989784272,5.98143349588
BPF,12,49,1.000,0.0252249392954,0.025226044077,0.920551002026,0.0356774223553,1,0,0,7.52866041972,6.27217584765
BPF,12,50,1.000,0.0264604347859,0.0264615918942,0.920559942722,0.0374248734041,1,0,0,7.89715652913,6.57938186437
BPF,12,51,1.000,0.0271367023914,0.0271378933908,0.920568525791,0.0383813624934,1,18791,0,8.10476985553,6.74960316362
BPF,12,52,1.000,0.0273067285297,0.0273079269016,0.920576870441,0.0386218090904,1,23129,0,8.16087482558,6.79488321546
BPF,12,53,1.000,0.0274229761282,0.0274241741783,0.920584917068,0.0387861623423,1,25618,0,8.1964956378,6.82680784229
BPF,12,54,1.000,0.0275159363084,0.027517133239,0.920592665672,0.0389175503385,1,27434,0,8.22543073978,6.8529321082
BPF,12,55,1.000,0.0275951300559,0.0275963140266,0.920600116253,0.0390294417571,1,28879,0,8.25099728531,6.87549263882
BPF,12,56,1.000,0.0276649352335,0.027666102085,0.920607328415,0.0391280310671,1,30074,0,8.27353593868,6.8954200398
BPF,12,57,1.000,0.0277277633915,0.027728912456,0.920614302158,0.0392167314894,1,31095,0,8.29376144987,6.9133335178
BPF,12,58,1.000,0.0277850933749,0.0277862241118,0.920620977879,0.0392976369595,1,31990,0,8.31188353116,6.92967941418
BPF,12,59,1.000,0.0278379078052,0.0278390178999,0.92062741518,0.0393721395418,1,32789,0,8.32831951828,6.94475159731
BPF,12,60,1.000,0.0278868997195,0.0278879851222,0.920633614063,0.0394412216315,1,33516,0,8.3433695955,6.95874845607
BPF,12,61,1.000,0.0279325800677,0.0279336369816,0.920639574528,0.0395056079888,1,34187,0,8.35725682763,6.97180471887
BPF,12,62,1.000,0.0279753397414,0.0279763671946,0.920645296574,0.0395658534118,1,34795,0,8.37013750385,6.98401866355
BPF,12,63,1.000,0.0280154863216,0.0280164856073,0.920650780201,0.0396223947146,1,35350,0,8.38212968556,6.99548548227
BPF,12,64,1.000,0.0280532674695,0.0280542405466,0.920656085014,0.0396755838703,1,35866,0,8.39333593402,7.00628318406
BPF,12,65,1.000,0.0280888874041,0.0280898351006,0.920661211014,0.0397257113055,1,36338,0,8.40384194141,7.01647375329
BPF,12,66,1.000,0.0281225180239,0.0281234395567,0.920666098595,0.0397730215977,1,36772,0,8.4137135092,7.02611163953
BPF,12,67,1.000,0.0281543063739,0.0281552002621,0.920670807362,0.0398177240582,1,37186,0,8.42300412109,7.03522518362
BPF,12,68,1.000,0.0281843798235,0.0281852452427,0.92067527771,0.0398600000478,1,37570,0,8.43175656852,7.0438190759
BPF,12,69,1.000,0.0282128499905,0.0282136868954,0.920679628849,0.0399000085465,1,37937,0,8.44001229592,7.05193436138
BPF,12,70,1.000,0.0282398157561,0.0282406249825,0.92068374157,0.0399378904202,1,38275,0,8.44780465003,7.05960233199
BPF,12,71,1.000,0.0282653655298,0.0282661481161,0.920687735081,0.0399737716197,1,38591,0,8.45513239004,7.06685157873
BPF,12,72,1.000,0.0282895792241,0.0282903357886,0.920691490173,0.0400077659858,1,38882,0,8.46202154348,7.07371085343
BPF,12,73,1.000,0.0283125293644,0.0283132602824,0.920695126057,0.0400399768215,1,39159,0,8.46851520917,7.08020506199
BPF,12,74,1.000,0.0283342822482,0.028334987875,0.920698642731,0.0400704985441,1,39425,0,8.47462821886,7.08635105598
BPF,12,75,1.000,0.0283548987376,0.0283555796581,0.920701920986,0.0400994178097,1,39678,0,8.48039343817,7.09216897386
BPF,12,76,1.000,0.028374435106,0.0283750921375,0.920705139637,0.0401268147085,1,39913,0,8.48582650867,7.09767992842
BPF,12,77,1.000,0.0283929435247,0.0283935776388,0.920708119869,0.0401527634652,1,40132,0,8.49095139537,7.10289370187
BPF,12,78,1.000,0.0284104726244,0.0284110849334,0.920711040497,0.0401773332362,1,40339,0,8.4957845639,7.10782749836
BPF,12,79,1.000,0.0284270678566,0.0284276593283,0.92071378231,0.0402005886253,1,40531,0,8.50034414469,7.11249368646
BPF,12,80,1.000,0.02844277188,0.0284433431436,0.920716404915,0.0402225902356,1,40711,0,8.50464451881,7.11690125595
BPF,12,81,1.000,0.0284576248096,0.0284581763365,0.920718848705,0.0402433950225,1,40888,0,8.50870015441,7.12106844209
BPF,12,82,1.000,0.0284716645252,0.0284721967327,0.920721232891,0.0402630567346,1,41053,0,8.51252363598,7.12500159821
BPF,12,83,1.000,0.0284849267687,0.0284854400614,0.920723497868,0.0402816260581,1,41206,0,8.51612643678,7.12871603105
BPF,12,84,1.000,0.0284974454366,0.0284979402934,0.92072558403,0.0402991510291,1,41351,0,8.51952056562,7.13221645491
BPF,12,85,1.000,0.0285092526538,0.0285097296651,0.920727610588,0.0403156771441,1,41493,0,8.52271403181,7.13551925836
BPF,12,86,1.000,0.0285203790234,0.0285208390006,0.920729517937,0.0403312477171,1,41626,0,8.52571992495,7.13869934407
BPF,12,87,1.000,0.0285308536582,0.0285312975521,0.920731306076,0.0403459039262,1,41749,0,8.52854164422,7.14172490673
BPF,12,88,1.000,0.0285407043503,0.0285411331965,0.920733034611,0.0403596850569,1,41861,0,8.53119579863,7.14454306067
BPF,12,89,1.000,0.0285499576462,0.0285503724469,0.920734643936,0.0403726286074,1,41965,0,8.53368113847,7.14717902966
BPF,12,90,1.000,0.0285586389688,0.0285590407261,0.920736134052,0.040384770467,1,42067,0,8.53601340058,7.1496304769
BPF,12,91,1.000,0.0285667727113,0.0285671623715,0.920737564564,0.0403961450479,1,42156,0,8.53819452814,7.15192214199
BPF,12,92,1.000,0.0285743822796,0.0285747607162,0.920738875866,0.0404067853489,1,42240,0,8.54023038785,7.15405360989
BPF,12,93,1.000,0.0285814901888,0.0285818582362,0.920740127563,0.0404167230942,1,42319,0,8.54213455454,7.15603916952
BPF,12,94,1.000,0.0285881180759,0.0285884764504,0.920741319656,0.0404259887497,1,42391,0,8.54390564543,7.15788730844
BPF,12,95,1.000,0.0285942868508,0.0285946362711,0.92074239254,0.0404346117416,1,42458,0,8.54555073918,7.1596011165
BPF,12,96,1.000,0.0286000166857,0.028600357708,0.920743405819,0.0404426204405,1,42520,0,8.54708213597,7.1611941562
BPF,12,97,1.000,0.0286053270775,0.0286056602539,0.920744359493,0.0404500422528,1,42580,0,8.54849856203,7.16266711107
BPF,12,98,1.000,0.0286102369023,0.0286105627699,0.920745193958,0.0404569036974,1,42630,0,8.549805681,7.16402763725
BPF,12,99,1.000,0.0286147644219,0.0286150834681,0.920746028423,0.0404632304158,1,42681,0,8.55101033312,7.16528247972
BPF,12,100,1.000,0.0286189274323,0.0286192401213,0.920746743679,0.0404690473851,1,42721,0,8.55212029591,7.16643422113
BPF,12,101,1.000,0.0286227431507,0.0286230499688,0.920747458935,0.0404743787567,1,42766,0,8.55313617954,7.16749076458
BPF,12,102,1.000,0.0286262283907,0.0286265297665,0.920748054981,0.0404792481055,1,42800,0,8.5540628271,7.1684549815
BPF,12,103,1.000,0.0286293995203,0.0286296959049,0.920748591423,0.040483678373,1,42833,0,8.55490491472,7.16933083052
BPF,12,104,1.000,0.0286322724676,0.0286325642767,0.920749127865,0.0404876918728,1,42861,0,8.55566696628,7.17012679389
BPF,12,105,1.000,0.028634862886,0.0286351505119,0.920749604702,0.0404913105286,1,42890,0,8.55635592168,7.17084227824
BPF,12,106,1.000,0.0286371860346,0.0286374698817,0.920750021935,0.0404945557008,1,42915,0,8.55697401363,7.17148328518
BPF,12,107,1.000,0.028639256907,0.0286395373757,0.920750379562,0.0404974483729,1,42935,0,8.55752453944,7.17205717947
BPF,12,108,1.000,0.0286410902102,0.0286413676632,0.92075073719,0.040500009122,1,42955,0,8.55801156127,7.17256412029
BPF,12,109,1.000,0.0286427004662,0.0286429752376,0.920750975609,0.04050225826,1,42976,0,8.55843905273,7.17300851159
BPF,12,110,1.000,0.0286441019419,0.0286443743783,0.920751273632,0.040504215736,1,42992,0,8.55881091087,7.17339462522
BPF,12,111,1.000,0.0286453087872,0.0286455791924,0.920751452446,0.0405059013334,1,43005,0,8.55913096831,7.17372822487
BPF,12,112,1.000,0.0286463349833,0.0286466036698,0.92075163126,0.0405073345929,1,43015,0,8.55940300574,7.17401261146
BPF,12,113,1.000,0.0286471944721,0.0286474617362,0.920751810074,0.040508535,1,43027,0,8.55963076516,7.1742505387
BPF,12,114,1.000,0.0286479011049,0.0286481671562,0.920751929283,0.0405095219079,1,43031,0,8.55981796431,7.17444597795
BPF,12,115,1.000,0.0286484687794,0.0286487338801,0.920752048492,0.0405103147343,1,43038,0,8.55996831295,7.17460286812
BPF,12,116,1.000,0.0286489114319,0.0286491757648,0.920752108097,0.0405109329469,1,43043,0,8.56008553197,7.17472513995
BPF,12,117,1.000,0.0286492432251,0.0286495070158,0.920752167702,0.04051139633,1,43047,0,8.560173377,7.17481674445
BPF,12,118,1.000,0.0286494785056,0.0286497418838,0.920752227306,0.0405117249214,1,43051,0,8.56023566943,7.17488168867
BPF,12,119,1.000,0.0286496321668,0.0286498952903,0.920752227306,0.0405119395239,1,43049,0,8.56027634034,7.17492408462
BPF,12,120,1.000,0.0286497196484,0.028649982615,0.920752286911,0.0405120616993,1,43051,0,8.5602994996,7.17494822395
BPF,12,121,1.000,0.0286497576831,0.0286500205958,0.920752286911,0.0405121148182,1,43051,0,8.56030956342,7.17495871315
BPF,12,122,1.000,0.0286497652947,0.0286500281867,0.920752286911,0.0405121254487,1,43051,0,8.56031158115,7.17496081613
BPF,12,123,1.000,0.028716728167,0.0287168748247,0.920764446259,0.0406055954202,1,43785,0,8.57802050907,7.19344812043
BPF,12,124,1.000,0.0287870975915,0.0287871276122,0.92077755928,0.0407037113149,1,44525,0,8.59653682816,7.21287322988
BPF,12,125,1.000,0.0288559693026,0.0288558624035,0.920790672302,0.0407996271653,1,45274,0,8.61448733616,7.23190273148
BPF,12,126,1.000,0.028923400015,0.0289231603767,0.920803844929,0.0408934258501,1,45969,0,8.63185531898,7.25054665908
BPF,12,127,1.000,0.0289894390684,0.0289890555142,0.920817017555,0.0409851796278,1,46667,0,8.64871268126,7.26886227868
BPF,24,0,0.001,1.39800161004e-06,1.39828911256e-06,0.000919458456337,1.97690296435e-06,1,0,0,0.000590668706776,0.000436721497595
BPF,24,1,0.001,1.80600092949e-06,1.80625747815e-06,0.000919543090276,2.55405411281e-06,1,0,0,0.000687819190549,0.000546585985228
BPF,24,2,0.001,2.02333487714e-06,2.0235829067e-06,0.000919579470064,2.86147766037e-06,1,0,0,0.000739928815914,0.00061196604906
BPF,24,3,0.001,2.21512101811e-06,2.21536443544e-06,0.000919607758988,3.1327579821e-06,1,0,0,0.000807912825816,0.000668270662984
BPF,24,4,0.001,2.396689002e-06,2.39692994277e-06,0.000919631740544,3.38958133086e-06,1,0,0,0.000869585256049,0.000720269276064
BPF,24,5,0.001,2.57398429716e-06,2.57422421522e-06,0.000919652869925,3.64035852189e-06,1,0,0,0.000927339923153,0.000771759061057
BPF,24,6,0.001,2.75011230774e-06,2.75035230914e-06,0.000919672020245,3.88948262807e-06,1,0,0,0.000990230411721,0.000824076749566
BPF,24,7,0.001,2.92698791597e-06,2.92722890361e-06,0.000919689482544,4.13966252475e-06,1,0,0,0.00105359751917,0.00087609945569
BPF,24,8,0.001,3.10593321366e-06,3.10617596158e-06,0.000919705722481,4.39276847958e-06,1,0,0,0.00111741421738,0.000928350409812
BPF,24,9,0.001,3.28794211067e-06,3.28818731009e-06,0.000919720856473,4.65020648524e-06,1,0,0,0.00118192325178,0.000982384338544
BPF,24,10,0.001,3.47381391641e-06,3.47406219309e-06,0.000919735059142,4.91310723287e-06,1,0,0,0.00124811720988,0.0010372510387
BPF,24,11,0.001,3.66422752417e-06,3.66447947106e-06,0.000919748446904,5.18243105858e-06,1,0,0,0.00131623792246,0.00109358889728
BPF,24,12,0.001,3.85978571338e-06,3.86004188535e-06,0.000919761136174,5.45903061627e-06,1,0,0,0.00138610025557,0.00115190019575
BPF,24,13,0.001,4.06104329017e-06,4.06130422853e-06,0.00091977318516,5.74369068722e-06,1,0,0,0.00145797161381,0.00121182137869
BPF,24,14,0.001,4.2685258688e-06,4.26879210254e-06,0.000919784652069,6.03715474953e-06,1,0,0,0.0015322094826,0.001273617812
BPF,24,15,0.001,4.48274303415e-06,4.48301508138e-06,0.000919795595109,6.34014359837e-06,1,0,0,0.00160881480859,0.00133753445637
BPF,24,16,0.001,4.70419795573e-06,4.70447633506e-06,0.000919806014281,6.65336894655e-06,1,0,0,0.00168802012661,0.00140361336331
BPF,24,17,0.001,4.93339474554e-06,4.93367997527e-06,0.000919816025998,6.97754383304e-06,1,0,0,0.00177002945865,0.00147200221557
BPF,24,18,0.001,5.1708442906e-06,5.1711368955e-06,0.000919825630262,7.31339087373e-06,1,0,0,0.00185496416778,0.00154285345872
BPF,24,19,0.001,5.41706910697e-06,5.4173696167e-06,0.000919834827073,7.66164912792e-06,1,0,0,0.00194307969488,0.00161632300604
BPF,24,20,0.001,5.67260750339e-06,5.67291645696e-06,0.00091984361643,8.0230799881e-06,1,0,0,0.00203451567832,0.00169257148563
BPF,24,21,0.001,5.93801735879e-06,5.93833530979e-06,0.000919852114748,8.39847252324e-06,1,0,0,0.00212949068104,0.00177176535723
BPF,24,22,0.001,6.21387953725e-06,6.21420705411e-06,0.000919860263821,8.78864830944e-06,1,0,0,0.00222821342885,0.00185407794703
BPF,24,23,0.001,6.50080125211e-06,6.50113892505e-06,0.000919868063647,9.19446618836e-06,1,0,0,0.00233089295722,0.00193969043604
BPF,24,24,0.001,6.79941927523e-06,6.79976770585e-06,0.000919875630643,9.61682680662e-06,1,0,0,0.00243776834071,0.00202879282893
BPF,24,25,0.001,7.11040320942e-06,7.11076301705e-06,0.000919882906601,1.00566772445e-05,1,0,0,0.00254906886214,0.00212158492437
BPF,24,26,0.001,7.43445880323e-06,7.43483064554e-06,0.00091988989152,1.05150157045e-05,1,0,0,0.00266505492829,0.0022182773044
BPF,24,27,0.001,7.77233136479e-06,7.77271591463e-06,0.000919896643609,1.099289634e-05,1,0,0,0.0027859894438,0.00231909235753
BPF,24,28,0.001,8.12480936306e-06,8.12520732722e-06,0.000919903162867,1.14914343488e-05,1,0,0,0.00291215362516,0.00242426534884
BPF,24,29,0.001,8.49272820667e-06,8.49314031766e-06,0.000919909449294,1.20118113181e-05,1,0,0,0.0030438531023,0.00253404554938
BPF,24,30,0.001,8.87697426652e-06,8.87740129744e-06,0.000919915502891,1.25552809136e-05,1,0,0,0.00318139680246,0.00264869743672
BPF,24,31,0.001,9.27848918992e-06,9.27893194722e-06,0.000919921381865,1.31231749823e-05,1,0,0,0.00332512754114,0.00276850197844
BPF,24,32,0.001,9.69827449392e-06,9.69873381732e-06,0.000919927028008,1.37169100482e-05,1,0,0,0.00347540258466,0.00289375801074
BPF,24,33,0.001,1.01373965745e-05,1.0137873352e-05,0.00091993244132,1.4337994398e-05,1,0,0,0.003632600511,0.00302478372468
BPF,24,34,0.001,1.05969920681e-05,1.05974872301e-05,0.000919937738217,1.49880356638e-05,1,0,0,0.00379713263727,0.00316191827355
BPF,24,35,0.001,1.107827373e-05,1.1078788271e-05,0.000919942802284,1.56687491379e-05,1,0,0,0.0039694305794,0.00330552351594
BPF,24,36,0.001,1.15825367326e-05,1.15830716712e-05,0.000919947691727,1.63819666805e-05,1,0,0,0.00414995525336,0.00345598591009
BPF,24,37,0.001,1.21111656208e-05,1.21117220567e-05,0.000919952406548,1.71296465575e-05,1,0,0,0.00433920783825,0.00361371857695
BPF,24,38,0.001,1.26656418526e-05,1.26662209397e-05,0.000919957004953,1.79138841055e-05,1,0,0,0.00453771353298,0.00377916355095
BPF,24,39,0.001,1.32475520001e-05,1.32481549486e-05,0.000919961428735,1.87369233313e-05,1,0,0,0.00474603810461,0.00395279423965
BPF,24,40,0.001,1.3858596836e-05,1.38592249422e-05,0.000919965677895,1.96011697638e-05,1,0,0,0.00496479854698,0.00413511811577
BPF,24,41,0.001,1.45006011652e-05,1.45012557898e-05,0.000919969810639,2.0509204359e-05,1,0,0,0.0051946380108,0.00432667966788
BPF,24,42,0.001,1.51755247099e-05,1.5176207301e-05,0.00091997376876,2.1463798896e-05,1,0,0,0.00543625883135,0.0045280636391
BPF,24,43,0.001,1.58854740449e-05,1.58861861295e-05,0.000919977610465,2.2467932858e-05,1,0,0,0.00569042098183,0.00473989858687
BPF,24,44,0.001,1.66327157075e-05,1.6633458929e-05,0.000919981335755,2.35248119745e-05,1,0,0,0.00595792532185,0.00496286080087
BPF,24,45,0.001,1.74196906754e-05,1.74204667637e-05,0.000919984886423,2.4637888698e-05,1,0,0,0.0062396438939,0.00519767862076
BPF,24,46,0.001,1.82490303408e-05,1.82498411473e-05,0.000919988320675,2.58108847984e-05,1,0,0,0.00653652875506,0.0054451372011
BPF,24,47,0.001,1.91235741369e-05,1.91244216196e-05,0.000919991638511,2.70478162924e-05,1,0,0,0.00684958177936,0.00570608377668
BPF,24,48,0.001,2.0046389118e-05,2.00472753815e-05,0.00091999489814,2.83530211374e-05,1,0,0,0.00717989783684,0.00598143348855
BPF,24,49,0.001,2.10207915353e-05,2.10217188103e-05,0.000919997983146,2.97311897481e-05,1,0,0,0.00752866042254,0.0062721758393
BPF,24,50,0.001,2.20503708544e-05,2.20513415169e-05,0.000920000951737,3.11873989654e-05,1,0,0,0.00789715653126,0.00657938185493
BPF,24,51,0.001,2.31390164918e-05,2.31400331123e-05,0.00092000386212,3.27271498726e-05,1,0,0,0.00828676974045,0.00690421204091
BPF,24,52,0.001,2.42909474002e-05,2.42920127082e-05,0.000920006656088,3.43564096393e-05,1,0,0,0.00869899949952,0.00724792523114
BPF,24,53,0.001,2.55107452673e-05,2.5511862193e-05,0.00092000933364,3.60816584775e-05,1,0,0,0.0091354773307,0.00761188844003
BPF,24,54,0.001,2.68033913742e-05,2.68045630535e-05,0.000920011894777,3.79099417726e-05,1,0,0,0.00959797572778,0.0079975878394
BPF,24,55,0.001,2.81743078598e-05,2.81755376805e-05,0.000920014397707,3.98489284467e-05,1,0,0,0.0100884221809,0.00840664099167
BPF,24,56,0.001,2.96294039871e-05,2.96306955472e-05,0.000920016784221,4.19069763967e-05,1,0,0,0.0106094159561,0.00884081047624
BPF,24,57,0.001,3.11751280365e-05,3.11764852515e-05,0.000920019112527,4.409320589e-05,1,0,0,0.0111628713741,0.00930202229268
BPF,24,58,0.001,3.28185253999e-05,3.2819952457e-05,0.000920021324418,4.64175817322e-05,1,0,0,0.0117512992606,0.0097923792111
BPF,24,59,0.001,3.45673042811e-05,3.4568805702e-05,0.000920023478102,4.88910061911e-05,1,0,0,0.0123774595605,0.0103141798501
BPF,24,60,0.001,3.64299095571e-05,3.64314902657e-05,0.00092002551537,5.15254234641e-05,1,0,0,0.0130443759562,0.0108699439846
BPF,24,61,0.001,3.84156061978e-05,3.84172714745e-05,0.000920027494431,5.43339376649e-05,1,0,0,0.0137553657175,0.0114624361033
BPF,24,62,0.001,4.05345738286e-05,4.05363293723e-05,0.000920029415283,5.73309465704e-05,1,0,0,0.0145140734348,0.012094693598
BPF,24,63,0.001,4.27980138029e-05,4.27998658468e-05,0.000920031219721,6.05322930607e-05,1,0,0,0.0153245091741,0.0127700587303
BPF,24,64,0.001,4.52182709549e-05,4.5220226207e-05,0.000920032965951,6.39554373226e-05,1,0,0,0.0161910916299,0.013492214952
BPF,24,65,0.001,4.78089722273e-05,4.78110379866e-05,0.000920034653973,6.76196529213e-05,1,0,0,0.0171186968812,0.0142652282638
BPF,24,66,0.001,5.05851847753e-05,5.058736902e-05,0.000920036283787,7.1546250418e-05,1,0,0,0.0181127153161,0.0150935944095
BPF,24,67,0.001,5.35635969856e-05,5.35659083578e-05,0.000920037855394,7.5758833398e-05,1,0,0,0.0191791126533,0.0159822928535
BPF,24,68,0.001,5.67627256931e-05,5.67651736496e-05,0.000920039368793,8.0283591552e-05,1,0,0,0.020324494563,0.0169368486593
BPF,24,69,0.001,6.02031546099e-05,6.02057495246e-05,0.000920040765777,8.51496379039e-05,1,0,0,0.0215561883551,0.0179634036064
BPF,24,70,0.001,6.39078088907e-05,6.39105620325e-05,0.000920042162761,9.03893971479e-05,1,0,0,0.022882635569,0.0190687980797
BPF,24,71,0.001,6.79022720908e-05,6.79051959521e-05,0.00092004344333,9.60390539453e-05,1,0,0,0.0243128755226,0.0202606657131
BPF,24,72,0.001,7.22151535814e-05,7.22182617575e-05,0.000920044723898,0.000102139072586,1,0,0,0.0258571251102,0.0215475429591
BPF,24,73,0.001,7.68785150095e-05,7.68818225268e-05,0.000920045946259,0.000108734800161,1,0,0,0.0275268611335,0.0229389963496
BPF,24,74,0.001,8.19283668744e-05,8.19318902516e-05,0.000920047052205,0.000115877168909,1,0,0,0.0293349700384,0.0244457707246
BPF,24,75,0.001,8.74052491836e-05,8.74090067162e-05,0.00092004815815,0.000123623517475,1,0,0,0.0312959680232,0.0260799624038
BPF,24,76,0.001,9.33549115504e-05,9.33589235083e-05,0.000920049205888,0.000132038552824,1,0,0,0.0334262786804,0.0278552221381
BPF,24,77,0.001,9.98291128163e-05,9.98334016905e-05,0.000920050195418,0.000141195481207,1,0,0,0.0357444015008,0.0297869937412
BPF,24,78,0.001,0.000106886564883,0.000106891155579,0.000920051184949,0.000151177343082,1,0,0,0.038271355171,0.0318927956364
BPF,24,79,0.001,0.00011459404968,0.000114598970022,0.000920052058063,0.000162078592935,1,0,0,0.0410310654618,0.0341925542218
BPF,24,80,0.001,0.000123027747074,0.000123033028208,0.000920052931178,0.000174006977423,1,0,0,0.0440508004254,0.0367090000667
BPF,24,81,0.001,0.000132274819332,0.000132280495985,0.000920053746086,0.000187085776402,1,0,0,0.0473617688719,0.0394681406176
BPF,24,82,0.001,0.000142435308822,0.000142441420201,0.000920054560993,0.000201456486983,1,0,0,0.0509997917963,0.0424998264952
BPF,24,83,0.001,0.000153624421381,0.000153631011517,0.000920055259485,0.000217282053061,1,0,0,0.0550061193829,0.0458384328173
BPF,24,84,0.001,0.000165975286004,0.000165982404551,0.000920055957977,0.000234750768535,1,0,0,0.0594284191174,0.0495236825961
BPF,24,85,0.001,0.000179642305518,0.000179650008925,0.000920056656469,0.000254081016418,1,0,0,0.0643219758395,0.0536016465312
BPF,24,86,0.001,0.000194805245234,0.000194813597389,0.000920057296753,0.000275527051708,1,0,0,0.0697511556209,0.0581259630156
BPF,24,87,0.001,0.000211674249042,0.000211683323156,0.00092005787883,0.000299386096005,1,0,0,0.0757912015639,0.0631593346346
BPF,24,88,0.001,0.000230496023967,0.000230505903316,0.000920058402698,0.000326007084781,1,0,0,0.0825304487317,0.0687753739433
BPF,24,89,0.001,0.000251561516409,0.000251572297362,0.000920058984775,0.000355801524433,1,0,0,0.0900730721517,0.07506089346
BPF,24,90,0.001,0.000275215489947,0.000275227283008,0.000920059450436,0.000389257038864,1,0,0,0.098542516376,0.082118763647
BPF,24,91,0.001,0.000301868560169,0.000301881493757,0.000920059916098,0.000426954391198,1,0,0,0.108085804916,0.0900715040966
BPF,24,92,0.001,0.000332012420713,0.000332026643783,0.000920060381759,0.000469589019077,1,0,0,0.118878991591,0.0990658263263
BPF,24,93,0.001,0.000366239243496,0.000366254928486,0.000920060789213,0.000517998473788,1,0,0,0.131134107706,0.109278423089
BPF,24,94,0.001,0.000405266591949,0.000405283931273,0.000920061138459,0.000573197656849,1,0,0,0.145108084828,0.120923404024
BPF,24,95,0.001,0.000449969665055,0.000449988839468,0.000920061487705,0.000636424425059,1,0,0,0.16111431097,0.134261925808
BPF,24,96,0.001,0.000501423349524,0.00050144437522,0.00092006183695,0.000709199067922,1,0,0,0.179537731322,0.149614776101
BPF,24,97,0.001,0.000560957405644,0.000560979541377,0.000920062186196,0.000793402360934,1,0,0,0.200854771041,0.167378975866
BPF,24,98,0.001,0.000630229109811,0.000630248808134,0.000920062419027,0.000891378309005,1,0,0,0.22565988868,0.18804990722
BPF,24,99,0.001,0.000711318525376,0.000711323052442,0.00100612163078,0.00100606889359,1,0,0,0.25470134977,0.212251124715
BPF,24,100,0.001,0.000806851563616,0.000806800971797,0.00114132324234,0.00114118811726,1,0,0,0.28892996634,0.2407749715
BPF,24,101,0.001,0.000920153528993,0.000919934465116,0.00130183889996,0.00130143911451,1,0,0,0.329566070518,0.274638389495
BPF,24,102,0.001,0.00105542817746,0.00105474676286,0.00149390660226,0.00149276709425,1,0,0,0.37819148372,0.315159556788
BPF,24,103,0.001,0.00121794050157,0.00121609853068,0.00172568683047,0.00172261648373,1,0,0,0.436873660431,0.364061327634
BPF,24,104,0.001,0.00141415168893,0.00140962795441,0.00200787116773,0.00200011670612,1,0,0,0.508323053539,0.423602333369
BPF,24,105,0.001,0.00165171218098,0.00164146776426,0.00235444540158,0.00233605676016,1,0,0,0.596067548816,0.496722265409
BPF,24,106,0.001,0.00193917332883,0.00191764456158,0.00278306868859,0.00274243847935,1,0,0,0.704585021034,0.58715216416
BPF,24,107,0.001,0.00228525428737,0.00224311445112,0.00331494491547,0.00323136253736,1,0,0,0.839252703709,0.699371975982
BPF,24,108,0.001,0.00269753453529,0.00262049154678,0.00397328706458,0.00381306432667,1,0,0,1.00595483294,0.838283340925
BPF,24,109,0.001,0.00318056801145,0.00304866566367,0.00477964058518,0.00449313754932,1,0,0,1.21015896423,1.00843972022
BPF,24,110,0.001,0.00373364056903,0.00352163577567,0.0057479897514,0.00526935569866,1,0,0,1.45542140222,1.21280116818
BPF,24,111,0.001,0.00434867319133,0.00402794366431,0.00687757134438,0.00612890688491,1,0,0,1.74156517647,1.4512167316
BPF,24,112,0.001,0.00500898977974,0.0045510237972,0.00814655888826,0.00704707827859,1,0,0,2.06307513357,1.71908819355
BPF,24,113,0.001,0.00568965774846,0.00507058346054,0.00950934551656,0.00798825990771,1,0,0,2.40840434999,2.00679327443
BPF,24,114,0.001,0.0063597672191,0.00556484732693,0.0108995009214,0.00890954277864,1,0,0,2.76074558036,2.30032925911
BPF,24,115,0.001,0.00698640976835,0.00601324567683,0.0122386366129,0.00976636002582,1,0,0,3.10026249128,2.58317198897
BPF,24,116,0.001,0.00753950508945,0.00639899671471,0.0134491836652,0.0105189177005,1,0,0,3.40731096137,2.83895879879
BPF,24,117,0.001,0.0079963032855,0.00671107843233,0.0144676091149,0.0111379024026,1,0,0,3.66566785782,3.05417826099
BPF,24,118,0.001,0.00834451984537,0.00694528091994,0.0152545766905,0.0116082419309,1,0,0,3.86533065883,3.22050087614
BPF,24,119,0.001,0.00858356909966,0.0071042987637,0.0157999005169,0.011930386007,1,0,0,4.00369635449,3.33576056392
BPF,24,120,0.001,0.00872402528369,0.0071970851264,0.0161221753806,0.012119387771,1,0,0,4.08547194937,3.40387975646
BPF,24,121,0.001,0.00878606892574,0.00723792228851,0.0162649657577,0.012202810542,1,0,0,4.12170498206,3.434061809
BPF,24,122,0.001,0.00879858284355,0.00724614797353,0.016293797642,0.0122196317336,1,0,0,4.12902113681,3.44015614435
BPF,24,123,0.001,0.0227537425927,0.0227521975555,0.0322047434747,0.0321119249146,1,20170,0,8.15661071185,6.79425082908
BPF,24,124,0.001,0.0229015302647,0.0228982375402,0.0324333012104,0.0313422478547,1,24995,0,8.2144310439,6.84267154419
BPF,24,125,0.001,0.0230108493929,0.0230128856186,0.0326102040708,0.0257484173234,1,27798,0,8.25754944716,6.88008228167
BPF,24,126,0.001,0.0231025869135,0.0231018930289,0.0327615067363,0.0144301642706,1,29980,0,8.29410537535,6.91193697541
BPF,24,127,0.001,0.0231872800504,0.0231896153992,0.0329004153609,0.00318129231318,1,31779,0,8.32605876589,6.94041332895
BPF,24,0,1.000,0.00139800160961,0.00139828911237,0.918249189854,0.00197690296373,1,0,0,0.590668706109,0.436721499522
BPF,24,1,1.000,0.00180600092934,0.00180625747733,0.918323457241,0.00255405411256,1,0,0,0.687819189586,0.546585987745
BPF,24,2,1.000,0.00202333487816,0.00202358290765,0.918355464935,0.00286147766181,1,0,0,0.739928820847,0.611966051887
BPF,24,3,1.000,0.00221512101803,0.00221536443599,0.918380260468,0.00313275798197,1,0,0,0.807912831026,0.668270666074
BPF,24,4,1.000,0.00239668900282,0.00239692994257,0.918401300907,0.003389581332,1,0,0,0.8695852615,0.720269279394
BPF,24,5,1.000,0.00257398429756,0.00257422421485,0.918419837952,0.00364035852247,1,0,0,0.92733992882,0.771759060834
BPF,24,6,1.000,0.0027501123067,0.00275035230818,0.918436586857,0.00388948262659,1,0,0,0.990230407768,0.824076749461
BPF,24,7,1.000,0.00292698791582,0.00292722890339,0.918451964855,0.00413966252453,1,0,0,1.05359751524,0.876099455708
BPF,24,8,1.000,0.00310593321318,0.0031061759624,0.918466210365,0.00439276847892,1,0,0,1.11741421349,0.928350407305
BPF,24,9,1.000,0.00328794211131,0.00328818731058,0.918479442596,0.00465020648614,1,0,0,1.18192324795,0.982384335977
BPF,24,10,1.000,0.00347381391822,0.00347406219642,0.918491899967,0.00491310723543,1,0,0,1.24811722366,1.03725103608
BPF,24,11,1.000,0.00366422752395,0.00366447946922,0.918503642082,0.00518243105827,1,0,0,1.31623793652,1.09358890933
BPF,24,12,1.000,0.00385978571327,0.00386004188781,0.918514788151,0.0054590306161,1,0,0,1.38610026988,1.15190020816
BPF,24,13,1.000,0.00406104328978,0.00406130422859,0.918525338173,0.00574369068667,1,0,0,1.45797163468,1.21182139146
BPF,24,14,1.000,0.00426852586903,0.00426879210387,0.918535411358,0.00603715474985,1,0,0,1.53220950423,1.27361782459
BPF,24,15,1.000,0.00448274303378,0.00448301508285,0.918544948101,0.00634014359785,1,0,0,1.60881483099,1.33753445301
BPF,24,16,1.000,0.00470419795657,0.00470447633509,0.918554127216,0.00665336894775,1,0,0,1.68802013717,1.40361335996
BPF,24,17,1.000,0.00493339474676,0.00493367997536,0.918562889099,0.00697754383475,1,0,0,1.77002946986,1.47200221223
BPF,24,18,1.000,0.00517084428928,0.00517113689288,0.918571293354,0.00731339087186,1,0,0,1.85496417967,1.54285345541
BPF,24,19,1.000,0.00541706910625,0.00541736961553,0.918579339981,0.0076616491269,1,0,0,1.94307969827,1.61632300277
BPF,24,20,1.000,0.00567260751145,0.00567291646459,0.91858702898,0.0080230799995,1,0,0,2.03451568222,1.69257148241
BPF,24,21,1.000,0.00593801735783,0.00593833530978,0.918594479561,0.00839847252187,1,0,0,2.12949067644,1.77176535408
BPF,24,22,1.000,0.00621387953821,0.00621420705764,0.918601632118,0.00878864831079,1,0,0,2.22821342449,1.85407794395
BPF,24,23,1.000,0.00650080124765,0.00650113891876,0.918608486652,0.00919446618203,1,0,0,2.33089296851,1.93969043306
BPF,24,24,1.000,0.00679941927386,0.00679976769954,0.918615102768,0.00961682680467,1,0,0,2.4377683521,2.02879282605
BPF,24,25,1.000,0.00711040321087,0.00711076302427,0.918621480465,0.0100566772466,1,0,0,2.54906884954,2.1215849216
BPF,24,26,1.000,0.00743445880538,0.00743483064923,0.918627619743,0.0105150157076,1,0,0,2.6650549155,2.21827730177
BPF,24,27,1.000,0.00777233136291,0.00777271591512,0.918633520603,0.0109928963374,1,0,0,2.78598943638,2.31909235505
BPF,24,28,1.000,0.00812480936456,0.00812520732733,0.918639242649,0.011491434351,1,0,0,2.91215361735,2.42426534652
BPF,24,29,1.000,0.00849272820458,0.00849314031899,0.918644726276,0.0120118113151,1,0,0,3.04385307723,2.53404554725
BPF,24,30,1.000,0.00887697427278,0.00887740130526,0.91865003109,0.0125552809225,1,0,0,3.18139681611,2.64869743478
BPF,24,31,1.000,0.00927848919527,0.00927893194668,0.918655157089,0.0131231749899,1,0,0,3.32512755448,2.76850197673
BPF,24,32,1.000,0.00969827450198,0.00969873382397,0.918660104275,0.0137169100597,1,0,0,3.47540260467,2.89375800927
BPF,24,33,1.000,0.0101373965722,0.0101378733545,0.918664872646,0.0143379943947,1,0,0,3.63260050546,3.02478372347
BPF,24,34,1.000,0.0105969920726,0.0105974872415,0.918669462204,0.0149880356702,1,0,0,3.79713263237,3.16191827264
BPF,24,35,1.000,0.0110782737327,0.0110787882757,0.918673932552,0.0156687491418,1,0,0,3.96943058458,3.30552351535
BPF,24,36,1.000,0.0115825367358,0.0115830716804,0.918678224087,0.016381966685,1,0,0,4.14995526245,3.45598590985
BPF,24,37,1.000,0.0121111656202,0.0121117220566,0.918682336807,0.0171296465567,1,0,0,4.33920784769,3.61371857708
BPF,24,38,1.000,0.0126656418457,0.0126662209322,0.918686330318,0.0179138840957,1,0,0,4.53771354356,3.7791635515
BPF,24,39,1.000,0.0132475520024,0.0132481549544,0.91869020462,0.0187369233346,1,0,0,4.74603811566,3.95279424065
BPF,24,40,1.000,0.0138585968363,0.0138592249409,0.918693959713,0.0196011697643,1,0,0,4.96479855992,4.13511811727
BPF,24,41,1.000,0.0145006011523,0.0145012557803,0.918697535992,0.0205092043408,1,0,0,5.1946380298,4.32667966991
BPF,24,42,1.000,0.0151755247153,0.0151762073063,0.918701052666,0.0214637989037,1,0,0,5.43625885123,4.52806364172
BPF,24,43,1.000,0.0158854740516,0.0158861861451,0.918704390526,0.0224679328675,1,0,0,5.69042097944,4.73989859013
BPF,24,44,1.000,0.0166327157165,0.0166334589481,0.918707609177,0.0235248119871,1,0,0,5.95792534896,4.96286080482
BPF,24,45,1.000,0.0174196906814,0.017420466777,0.918710768223,0.0246378887065,1,0,0,6.23964393352,5.19767862546
BPF,24,46,1.000,0.0182490303264,0.018249841134,0.91871380806,0.025810884778,1,0,0,6.53652879557,5.44513720661
BPF,24,47,1.000,0.0191235741416,0.0191244216194,0.918716669083,0.027047816299,1,0,0,6.84958180675,5.70608378307
BPF,24,48,1.000,0.0200463891172,0.0200472753737,0.918719530106,0.0283530211363,1,0,0,7.17989784272,5.98143349588
BPF,24,49,1.000,0.0210207915272,0.0210217187967,0.918722212315,0.0297311897366,1,0,0,7.52866041972,6.27217584765
BPF,24,50,1.000,0.0220503708455,0.0220513415214,0.918724834919,0.0311873989527,1,0,0,7.89715652913,6.57938186437
BPF,24,51,1.000,0.0226139237627,0.022614918832,0.918727338314,0.0319844729152,1,18791,0,8.10476985553,6.74960316362
BPF,24,52,1.000,0.0227555925415,0.0227565893517,0.918729782104,0.032184844689,1,23129,0,8.16087482558,6.79488321546
BPF,24,53,1.000,0.0228524286996,0.0228534200685,0.91873216629,0.0323218052036,1,25618,0,8.1964956378,6.82680784229
BPF,24,54,1.000,0.0229298431064,0.0229308280269,0.918734371662,0.0324312946665,1,27434,0,8.22543073978,6.8529321082
BPF,24,55,1.000,0.0229957713964,0.0229967402018,0.918736577034,0.0325245368982,1,28879,0,8.25099728531,6.87549263882
BPF,24,56,1.000,0.0230538633457,0.0230548131071,0.918738663197,0.0326066940012,1,30074,0,8.27353593868,6.8954200398
BPF,24,57,1.000,0.0231061300033,0.0231070607751,0.918740689754,0.032680610323,1,31095,0,8.29376144987,6.9133335178
BPF,24,58,1.000,0.0231538050451,0.0231547165536,0.918742656708,0.0327480307811,1,31990,0,8.31188353116,6.92967941418
BPF,24,59,1.000,0.0231977086664,0.02319859877,0.918744504452,0.032810115492,1,32789,0,8.32831951828,6.94475159731
BPF,24,60,1.000,0.023238419646,0.0232392848138,0.918746292591,0.0328676831357,1,33516,0,8.3433695955,6.95874845607
BPF,24,61,1.000,0.0232763649431,0.0232772019836,0.918748021126,0.0329213377068,1,34187,0,8.35725682763,6.97180471887
BPF,24,62,1.000,0.0233118713244,0.023312679427,0.918749690056,0.0329715414893,1,34795,0,8.37013750385,6.98401866355
BPF,24,63,1.000,0.0233451960742,0.0233459763384,0.918751299381,0.0330186584815,1,35350,0,8.38212968556,6.99548548227
BPF,24,64,1.000,0.0233765465337,0.0233773005672,0.918752849102,0.0330629820572,1,35866,0,8.39333593402,7.00628318406
BPF,24,65,1.000,0.0234060936653,0.0234068220965,0.918754339218,0.033104754153,1,36338,0,8.40384194141,7.01647375329
BPF,24,66,1.000,0.0234339815293,0.0234346836358,0.91875576973,0.0331441786535,1,36772,0,8.4137135092,7.02611163953
BPF,24,67,1.000,0.0234603333346,0.0234610078939,0.918757140636,0.0331814299406,1,37186,0,8.42300412109,7.03522518362
BPF,24,68,1.000,0.0234852558879,0.0234859023287,0.918758392334,0.0332166591904,1,37570,0,8.43175656852,7.0438190759
BPF,24,69,1.000,0.0235088427649,0.0235094611717,0.918759644032,0.0332499988641,1,37937,0,8.44001229592,7.05193436138
BPF,24,70,1.000,0.0235311768769,0.0235317680998,0.918760895729,0.0332815663395,1,38275,0,8.44780465003,7.05960233199
BPF,24,71,1.000,0.0235523324013,0.0235528972847,0.918762028217,0.0333114666374,1,38591,0,8.45513239004,7.06685157873
BPF,24,72,1.000,0.0235723762876,0.0235729153964,0.918763101101,0.0333397945492,1,38882,0,8.46202154348,7.07371085343
BPF,24,73,1.000,0.0235913693793,0.0235918830517,0.918764173985,0.0333666362211,1,39159,0,8.46851520917,7.08020506199
BPF,24,74,1.000,0.0236093672274,0.0236098557975,0.918765187263,0.0333920703067,1,39425,0,8.47462821886,7.08635105598
BPF,24,75,1.000,0.0236264208468,0.0236268848489,0.918766140938,0.0334161690374,1,39678,0,8.48039343817,7.09216897386
BPF,24,76,1.000,0.0236425773644,0.02364301755,0.918767035007,0.0334389991392,1,39913,0,8.48582650867,7.09767992842
BPF,24,77,1.000,0.023657880482,0.0236582977547,0.918767929077,0.0334606224897,1,40132,0,8.49095139537,7.10289370187
BPF,24,78,1.000,0.0236723709055,0.0236727662885,0.918768763542,0.0334810967229,1,40339,0,8.4957845639,7.10782749836
BPF,24,79,1.000,0.0236860866178,0.0236864610221,0.918769538403,0.0335004756159,1,40531,0,8.50034414469,7.11249368646
BPF,24,80,1.000,0.0236990633428,0.0236994173945,0.918770313263,0.033518809745,1,40711,0,8.50464451881,7.11690125595
BPF,24,81,1.000,0.0237113346037,0.0237116688258,0.918771028519,0.0335361465678,1,40888,0,8.50870015441,7.12106844209
BPF,24,82,1.000,0.0237229319999,0.0237232468839,0.91877168417,0.0335525308152,1,41053,0,8.51252363598,7.12500159821
BPF,24,83,1.000,0.0237338853939,0.0237341814,0.918772339821,0.0335680047568,1,41206,0,8.51612643678,7.12871603105
BPF,24,84,1.000,0.0237442230743,0.0237445007472,0.918772995472,0.0335826084309,1,41351,0,8.51952056562,7.13221645491
BPF,24,85,1.000,0.023753971825,0.023754231837,0.918773531914,0.0335963797432,1,41493,0,8.52271403181,7.13551925836
BPF,24,86,1.000,0.0237631571644,0.0237634003324,0.91877412796,0.0336093548051,1,41626,0,8.52571992495,7.13869934407
BPF,24,87,1.000,0.0237718033118,0.0237720305903,0.918774604797,0.0336215678873,1,41749,0,8.52854164422,7.14172490673
BPF,24,88,1.000,0.0237799334351,0.0237801458114,0.918775141239,0.0336330517696,1,41861,0,8.53119579863,7.14454306067
BPF,24,89,1.000,0.0237875696149,0.0237877680389,0.918775558472,0.0336438376904,1,41965,0,8.53368113847,7.14717902966
BPF,24,90,1.000,0.0237947329874,0.0237949184281,0.918776035309,0.03365395555,1,42067,0,8.53601340058,7.1496304769
BPF,24,91,1.000,0.0238014438464,0.0238016171932,0.918776392937,0.0336634340538,1,42156,0,8.53819452814,7.15192214199
BPF,24,92,1.000,0.0238077215875,0.0238078836849,0.918776810169,0.0336723006339,1,42240,0,8.54023038785,7.15405360989
BPF,24,93,1.000,0.0238135849311,0.0238137365619,0.918777167797,0.0336805817654,1,42319,0,8.54213455454,7.15603916952
BPF,24,94,1.000,0.0238190518488,0.0238191937097,0.918777525425,0.0336883028614,1,42391,0,8.54390564543,7.15788730844
BPF,24,95,1.000,0.0238241396605,0.0238242724003,0.918777823448,0.0336954884115,1,42458,0,8.54555073918,7.1596011165
BPF,24,96,1.000,0.0238288651101,0.0238289893143,0.918778121471,0.0337021620884,1,42520,0,8.54708213597,7.1611941562
BPF,24,97,1.000,0.0238332443054,0.0238333605308,0.91877835989,0.0337083466637,1,42580,0,8.54849856203,7.16266711107
BPF,24,98,1.000,0.0238372929376,0.0238374017067,0.918778598309,0.0337140643174,1,42630,0,8.549805681,7.16402763725
BPF,24,99,1.000,0.0238410260981,0.0238411279039,0.918778836727,0.0337193363803,1,42681,0,8.55101033312,7.16528247972
BPF,24,100,1.000,0.0238444585117,0.0238445538633,0.918779075146,0.0337241836632,1,42721,0,8.55212029591,7.16643422113
BPF,24,101,1.000,0.0238476044332,0.0238476937785,0.91877925396,0.0337286263105,1,42766,0,8.55313617954,7.16749076458
BPF,24,102,1.000,0.0238504777393,0.0238505615482,0.918779432774,0.0337326839315,1,42800,0,8.5540628271,7.1684549815
BPF,24,103,1.000,0.0238530919717,0.0238531706918,0.918779611588,0.0337363756597,1,42833,0,8.55490491472,7.16933083052
BPF,24,104,1.000,0.023855460312,0.0238555343796,0.918779730797,0.0337397201198,1,42861,0,8.55566696628,7.17012679389
BPF,24,105,1.000,0.0238575956572,0.0238576654999,0.918779909611,0.0337427355319,1,42890,0,8.55635592168,7.17084227824
BPF,24,106,1.000,0.0238595106381,0.0238595766454,0.91878002882,0.0337454397395,1,42915,0,8.55697401363,7.17148328518
BPF,24,107,1.000,0.0238612176098,0.0238612801746,0.918780088425,0.0337478501958,1,42935,0,8.55752453944,7.17205717947
BPF,24,108,1.000,0.0238627287436,0.0238627882581,0.918780207634,0.0337499840926,1,42955,0,8.55801156127,7.17256412029
BPF,24,109,1.000,0.0238640559758,0.0238641127961,0.918780267239,0.0337518582901,1,42976,0,8.55843905273,7.17300851159
BPF,24,110,1.000,0.0238652111112,0.0238652655662,0.918780386448,0.033753489461,1,42992,0,8.55881091087,7.17339462522
BPF,24,111,1.000,0.0238662058034,0.0238662582216,0.918780446053,0.0337548940642,1,43005,0,8.55913096831,7.17372822487
BPF,24,112,1.000,0.023867051592,0.0238671022621,0.918780505657,0.0337560883973,1,43015,0,8.55940300574,7.17401261146
BPF,24,113,1.000,0.0238677599597,0.0238678091622,0.918780505657,0.0337570886762,1,43027,0,8.55963076516,7.1742505387
BPF,24,114,1.000,0.0238683423503,0.023868390358,0.918780565262,0.0337579110625,1,43031,0,8.55981796431,7.17444597795
BPF,24,115,1.000,0.0238688102207,0.0238688572471,0.918780565262,0.0337585717349,1,43038,0,8.55996831295,7.17460286812
BPF,24,116,1.000,0.0238691750511,0.0238692213443,0.918780624866,0.0337590869057,1,43043,0,8.56008553197,7.17472513995
BPF,24,117,1.000,0.0238694484959,0.0238694942202,0.918780624866,0.0337594730318,1,43047,0,8.560173377,7.17481674445
BPF,24,118,1.000,0.0238696424315,0.0238696877285,0.918780624866,0.0337597468845,1,43051,0,8.56023566943,7.17488168867
BPF,24,119,1.000,0.0238697690433,0.0238698140898,0.918780624866,0.0337599256703,1,43049,0,8.56027634034,7.17492408462
BPF,24,120,1.000,0.0238698411591,0.0238698860493,0.918780684471,0.0337600275033,1,43051,0,8.5602994996,7.17494822395
BPF,24,121,1.000,0.0238698724789,0.0238699173099,0.918780684471,0.0337600717294,1,43051,0,8.56030956342,7.17495871315
BPF,24,122,1.000,0.0238698787609,0.0238699235756,0.918780684471,0.0337600806002,1,43051,0,8.56031158115,7.17496081613
BPF,24,123,1.000,0.0239250427612,0.0239249698018,0.918784141541,0.0338379688795,1,43785,0,8.57802050907,7.19344812043
BPF,24,124,1.000,0.0239829606394,0.0239827662759,0.918787956238,0.0339197282454,1,44525,0,8.59653682816,7.21287322988
BPF,24,125,1.000,0.0240395924687,0.024039259921,0.91879171133,0.0339996537848,1,45274,0,8.61448733616,7.23190273148
BPF,24,126,1.000,0.0240949872345,0.0240945194102,0.918795466423,0.0340778146673,1,45969,0,8.63185531898,7.25054665908
BPF,24,127,1.000,0.0241491877262,0.0241485736646,0.91879928112,0.0341542712793,1,46667,0,8.64871268126,7.26886227868
