type,slope,resonance,input_amplitude,rms,early_rms,output_peak,fundamental_amplitude,finite,stage1_limit_hits,stage2_limit_hits,stage1_max_prelimit,stage2_max_prelimit
LPF,12,0,0.001,1.67784577067e-06,1.67795525782e-06,0.000919993501157,2.37224073081e-06,1,0,0,0.000590668706776,0.000514547688853
LPF,12,1,0.001,1.95281131956e-06,1.95288387303e-06,0.000920077553019,2.76110315604e-06,1,0,0,0.000647629397138,0.000560850147402
LPF,12,2,0.001,2.08884232326e-06,2.08889905495e-06,0.00092011410743,2.95347677038e-06,1,0,0,0.000673488531236,0.000581743216505
LPF,12,3,0.001,2.20400482076e-06,2.20404912362e-06,0.000920142862014,3.11633660157e-06,1,0,0,0.000694298870495,0.000598506922218
LPF,12,4,0.001,2.30933928738e-06,2.30937287544e-06,0.000920167483855,3.26529668947e-06,1,0,0,0.000712521734326,0.000613153056659
LPF,12,5,0.001,2.40909891007e-06,2.40912285421e-06,0.000920189544559,3.406372127e-06,1,0,0,0.000734081200426,0.000633785393562
LPF,12,6,0.001,2.50546466729e-06,2.50547969945e-06,0.000920209742617,3.54264737509e-06,1,0,0,0.000763002309823,0.000658367766998
LPF,12,7,0.001,2.59973960821e-06,2.59974626688e-06,0.000920228485484,3.67596527689e-06,1,0,0,0.000790796145562,0.000681931780367
LPF,12,8,0.001,2.69278335841e-06,2.6927820495e-06,0.000920246122405,3.80754155963e-06,1,0,0,0.000817744711972,0.000704723989509
LPF,12,9,0.001,2.78520502126e-06,2.78519606372e-06,0.000920262828004,3.93823764672e-06,1,0,0,0.00084404225074,0.00072691435326
LPF,12,10,0.001,2.87746072924e-06,2.87744437348e-06,0.000920278776903,4.06869862028e-06,1,0,0,0.000869828941301,0.000768116407098
LPF,12,11,0.001,2.96990775722e-06,2.96988420166e-06,0.00092029402731,4.1994297514e-06,1,0,0,0.000895209610621,0.000812088987062
LPF,12,12,0.001,3.06283673808e-06,3.06280614438e-06,0.00092030869564,4.33084206122e-06,1,0,0,0.000920264867639,0.000856326125352
LPF,12,13,0.001,3.15649191537e-06,3.15645440952e-06,0.000920322840102,4.46328096362e-06,1,0,0,0.000947046671006,0.000901224801023
LPF,12,14,0.001,3.25108448894e-06,3.25104017036e-06,0.00092033657711,4.59704513926e-06,1,0,0,0.000975363083005,0.00094969001396
LPF,12,15,0.001,3.3468017212e-06,3.34675066996e-06,0.000920349848457,4.73239941423e-06,1,0,0,0.0010039827772,0.00100635042633
LPF,12,16,0.001,3.44381336725e-06,3.44375564302e-06,0.00092036271235,4.86958385398e-06,1,0,0,0.00103294591492,0.00106525265483
LPF,12,17,0.001,3.54227636511e-06,3.54221200527e-06,0.000920375285204,5.00882039642e-06,1,0,0,0.00106228786096,0.00112649771988
LPF,12,18,0.001,3.6423383195e-06,3.64226735597e-06,0.000920387508813,5.15031777895e-06,1,0,0,0.00109204015868,0.00119031689876
LPF,12,19,0.001,3.74414017987e-06,3.74406262111e-06,0.000920399441384,5.29427532579e-06,1,0,0,0.00112223125608,0.00125676811939
LPF,12,20,0.001,3.84781831662e-06,3.84773416463e-06,0.000920411082916,5.44088588439e-06,1,0,0,0.00115288705472,0.00132588767675
LPF,12,21,0.001,3.95350621048e-06,3.95341545316e-06,0.000920422491618,5.59033821448e-06,1,0,0,0.0011840313299,0.00139777247744
LPF,12,22,0.001,4.06133582339e-06,4.0612384392e-06,0.000920433609281,5.74281892694e-06,1,0,0,0.001215873578,0.00147251878246
LPF,12,23,0.001,4.17143873745e-06,4.17133469441e-06,0.000920444552321,5.89851409445e-06,1,0,0,0.00124871364337,0.00155307777634
LPF,12,24,0.001,4.28394715352e-06,4.28383641115e-06,0.000920455262531,6.05761066375e-06,1,0,0,0.00128225677926,0.00163763012807
LPF,12,25,0.001,4.39899473437e-06,4.39887723888e-06,0.00092046573991,6.22029764807e-06,1,0,0,0.00131653771841,0.00172627555374
LPF,12,26,0.001,4.51671740894e-06,4.51659309982e-06,0.000920476042666,6.38676726444e-06,1,0,0,0.00135159092585,0.00181922816258
LPF,12,27,0.001,4.63725405559e-06,4.63712286363e-06,0.000920486170799,6.55721589995e-06,1,0,0,0.00138745070211,0.00191670933922
LPF,12,28,0.001,4.76074716851e-06,4.76060901836e-06,0.000920496066101,6.73184505422e-06,1,0,0,0.00142415126344,0.0020192507019
LPF,12,29,0.001,4.88734349987e-06,4.88719830082e-06,0.000920505844988,6.91086224743e-06,1,0,0,0.00146186729753,0.00212779393079
LPF,12,30,0.001,5.0171946617e-06,5.01704231894e-06,0.000920515449252,7.09448187147e-06,1,0,0,0.0015005791486,0.00224201941915
LPF,12,31,0.001,5.15045773893e-06,5.15029815091e-06,0.000920524878893,7.28292605688e-06,1,0,0,0.00154029890659,0.00236226600983
LPF,12,32,0.001,5.2872958925e-06,5.28712894154e-06,0.000920534133911,7.47642552574e-06,1,0,0,0.00158107178469,0.00248889098896
LPF,12,33,0.001,5.42787897408e-06,5.4277045404e-06,0.000920543272514,7.67522046088e-06,1,0,0,0.00162294420123,0.00262247648055
LPF,12,34,0.001,5.57238414838e-06,5.57220210008e-06,0.000920552294701,7.87956138595e-06,1,0,0,0.00166599976678,0.00276368772913
LPF,12,35,0.001,5.72099655194e-06,5.72080675242e-06,0.000920561142266,8.08971009703e-06,1,0,0,0.00171030743796,0.00291273032386
LPF,12,36,0.001,5.8739099615e-06,5.8737122522e-06,0.000920569815207,8.30594060767e-06,1,0,0,0.00175589177725,0.00307010717321
LPF,12,37,0.001,6.03132752126e-06,6.03112174561e-06,0.000920578429941,8.52854017737e-06,1,0,0,0.00180281107022,0.00323637338938
LPF,12,38,0.001,6.19346247669e-06,6.19324846233e-06,0.000920586870052,8.75781034922e-06,1,0,0,0.00185112599537,0.00341243979487
LPF,12,39,0.001,6.36053898849e-06,6.3603165537e-06,0.000920595193747,8.99406810091e-06,1,0,0,0.00190093831446,0.00359871859989
LPF,12,40,0.001,6.53279295862e-06,6.53256191483e-06,0.000920603401028,9.2376470128e-06,1,0,0,0.00195229557563,0.00379612331123
LPF,12,41,0.001,6.71047296722e-06,6.71023310609e-06,0.000920611491892,9.48889859274e-06,1,0,0,0.00200526554444,0.00400532272955
LPF,12,42,0.001,6.89384122539e-06,6.8935923326e-06,0.000920619408134,9.74819362344e-06,1,0,0,0.0020599243429,0.00422710589307
LPF,12,43,0.001,7.08317461561e-06,7.08291645838e-06,0.000920627266169,1.00159236337e-05,1,0,0,0.00211637481642,0.00446238046425
LPF,12,44,0.001,7.27876585062e-06,7.27849818967e-06,0.000920635007787,1.02925025369e-05,1,0,0,0.0021746940301,0.0047121249176
LPF,12,45,0.001,7.48092466372e-06,7.48064723923e-06,0.000920642632991,1.05783683146e-05,1,0,0,0.00223496718145,0.00497740442434
LPF,12,46,0.001,7.68997914555e-06,7.6896916899e-06,0.000920650141779,1.08739849063e-05,1,0,0,0.00229729314625,0.00525937876775
LPF,12,47,0.001,7.90627715858e-06,7.90597938234e-06,0.00092065759236,1.11798442102e-05,1,0,0,0.00236179201807,0.00555930301329
LPF,12,48,0.001,8.13018791239e-06,8.12987950911e-06,0.000920664868318,1.14964683102e-05,1,0,0,0.00242855774289,0.00587854668559
LPF,12,49,0.001,8.36210366548e-06,8.36178432149e-06,0.000920672086067,1.18244118826e-05,1,0,0,0.00249770583847,0.00621860290308
LPF,12,50,0.001,8.60244151019e-06,8.60211087925e-06,0.000920679187402,1.21642647201e-05,1,0,0,0.00256937621035,0.0065811022457
LPF,12,51,0.001,8.85164547911e-06,8.85130321367e-06,0.000920686172321,1.25166547105e-05,1,0,0,0.00264368878416,0.00696782072772
LPF,12,52,0.001,9.11018867022e-06,9.10983437232e-06,0.000920693099033,1.28822508414e-05,1,0,0,0.0027207832753,0.00738070338283
LPF,12,53,0.001,9.37857570912e-06,9.37820899334e-06,0.000920699909329,1.32617666822e-05,1,0,0,0.00280082256936,0.0078218797899
LPF,12,54,0.001,9.65734536699e-06,9.65696580177e-06,0.00092070660321,1.3655964086e-05,1,0,0,0.00288395529693,0.00829368448067
LPF,12,55,0.001,9.94707347543e-06,9.94668061339e-06,0.000920713180676,1.40656573115e-05,1,0,0,0.00297035817046,0.00879868328202
LPF,12,56,0.001,1.02483761313e-05,1.02479694911e-05,0.000920719699934,1.44917175545e-05,1,0,0,0.00306021632137,0.00933968955889
LPF,12,57,0.001,1.05619132117e-05,1.05614922898e-05,0.000920726160984,1.49350779183e-05,1,0,0,0.00315372108768,0.00991980289304
LPF,12,58,0.001,1.08883922636e-05,1.0887956524e-05,0.00092073250562,1.53967389144e-05,1,0,0,0.00325109225142,0.0105424394515
LPF,12,59,0.001,1.12285727817e-05,1.12281216558e-05,0.000920738733839,1.58777745109e-05,1,0,0,0.00335254688195,0.0112113696355
LPF,12,60,0.001,1.15832709936e-05,1.15828038764e-05,0.000920744845644,1.63793388994e-05,1,0,0,0.0034583369787,0.0119307609815
LPF,12,61,0.001,1.19533651014e-05,1.19528813509e-05,0.00092075089924,1.6902673907e-05,1,0,0,0.00356871741671,0.0127052270359
LPF,12,62,0.001,1.23398011659e-05,1.23393000996e-05,0.000920756894629,1.74491173167e-05,1,0,0,0.00368397552174,0.013539884116
LPF,12,63,0.001,1.27435995521e-05,1.27430804409e-05,0.000920762773603,1.80201119813e-05,1,0,0,0.00380441193728,0.0144404149702
LPF,12,64,0.001,1.31658622692e-05,1.31653243345e-05,0.000920768594369,1.86172162035e-05,1,0,0,0.00393035776471,0.0154131369677
LPF,12,65,0.001,1.36077810451e-05,1.36072234727e-05,0.00092077429872,1.92421151531e-05,1,0,0,0.0040621669104,0.0164650928348
LPF,12,66,0.001,1.40706463529e-05,1.4070068247e-05,0.000920779886656,1.98966336309e-05,1,0,0,0.00420022477614,0.0176041450381
LPF,12,67,0.001,1.45558575874e-05,1.45552580157e-05,0.000920785416383,2.05827504589e-05,1,0,0,0.0043449487693,0.018839087582
LPF,12,68,0.001,1.50649345079e-05,1.50643124717e-05,0.000920790887903,2.13026146614e-05,1,0,0,0.00449679117237,0.0201797753954
LPF,12,69,0.001,1.55995300322e-05,1.55988844297e-05,0.000920796243008,2.20585635563e-05,1,0,0,0.00465624615402,0.0216372744571
LPF,12,70,0.001,1.61614447343e-05,1.61607744279e-05,0.000920801539905,2.28531432549e-05,1,0,0,0.00482384872857,0.0232240364511
LPF,12,71,0.001,1.67526431969e-05,1.67519469463e-05,0.000920806720387,2.36891317865e-05,1,0,0,0.0050001863501,0.0249541025167
LPF,12,72,0.001,1.73752725731e-05,1.73745490439e-05,0.000920811842661,2.45695653445e-05,1,0,0,0.00518589748041,0.0268433416219
LPF,12,73,0.001,1.8031683637e-05,1.80309314001e-05,0.00092081684852,2.54977680542e-05,1,0,0,0.00538168321837,0.0289097302685
LPF,12,74,0.001,1.87244547543e-05,1.87236722626e-05,0.000920821796171,2.64773858674e-05,1,0,0,0.00558831312459,0.0311736816977
LPF,12,75,0.001,1.94564192307e-05,1.94556048213e-05,0.000920826685615,2.75124252357e-05,1,0,0,0.00580662687715,0.0336584345846
LPF,12,76,0.001,2.02306966715e-05,2.02298485516e-05,0.000920831458643,2.86072974539e-05,1,0,0,0.00603756278242,0.0363905142396
LPF,12,77,0.001,2.10507289035e-05,2.10498451227e-05,0.000920836173464,2.97668694558e-05,1,0,0,0.00628213392019,0.0394002834037
LPF,12,78,0.001,2.19203213836e-05,2.19193998434e-05,0.000920840771869,3.09965223683e-05,1,0,0,0.00654148573414,0.0427225824628
LPF,12,79,0.001,2.28436909571e-05,2.28427293663e-05,0.000920845312066,3.23022190442e-05,1,0,0,0.00681686673534,0.0463975237746
LPF,12,80,0.001,2.38255212283e-05,2.3824517089e-05,0.000920849735849,3.36905823595e-05,1,0,0,0.00710966714964,0.0504714260608
LPF,12,81,0.001,2.48710269235e-05,2.48699775224e-05,0.000920854101423,3.51689862258e-05,1,0,0,0.00742145037583,0.0549979457353
LPF,12,82,0.001,2.59860289035e-05,2.59849312879e-05,0.00092085840879,3.67456616627e-05,1,0,0,0.00775394284688,0.0600394450938
LPF,12,83,0.001,2.71770419888e-05,2.71758929111e-05,0.000920862599742,3.84298209871e-05,1,0,0,0.00810907818214,0.0656687324343
LPF,12,84,0.001,2.8451378221e-05,2.84501741352e-05,0.000920866732486,4.02318038305e-05,1,0,0,0.00848903162274,0.0719709512988
LPF,12,85,0.001,2.98172686447e-05,2.98160056419e-05,0.000920870748814,4.21632493457e-05,1,0,0,0.00889625076748,0.07904693771
LPF,12,86,0.001,3.1284007608e-05,3.12826813819e-05,0.000920874706935,4.42373002553e-05,1,0,0,0.00933349815612,0.0870149710418
LPF,12,87,0.001,3.28621245439e-05,3.28607303559e-05,0.000920878606848,4.64688457605e-05,1,0,0,0.00980390153541,0.0960152853742
LPF,12,88,0.001,3.4563589268e-05,3.45621218336e-05,0.000920882390346,4.88748118427e-05,1,0,0,0.0103112166043,0.106215199819
LPF,12,89,0.001,3.64020590038e-05,3.64005124979e-05,0.000920886115637,5.14745105722e-05,1,0,0,0.0108596560373,0.117815057791
LPF,12,90,0.001,3.83931763476e-05,3.83915442157e-05,0.000920889724512,5.42900614453e-05,1,0,0,0.0114536322132,0.131055997059
LPF,12,91,0.001,4.05549316298e-05,4.05532065944e-05,0.000920893275179,5.73469037851e-05,1,0,0,0.0120985118799,0.146229863573
LPF,12,92,0.001,4.29081057276e-05,4.29062796237e-05,0.000920896767639,6.06744229017e-05,1,0,0,0.0128004941887,0.163691953776
LPF,12,93,0.001,4.54768143222e-05,4.54748779433e-05,0.000920900143683,6.4306719703e-05,1,0,0,0.0135667730562,0.183877520583
LPF,12,94,0.001,4.82891820573e-05,4.82871249647e-05,0.00092090346152,6.82835639911e-05,1,0,0,0.0144057381016,0.207323332461
LPF,12,95,0.001,5.13781826358e-05,5.13759930117e-05,0.000920906662941,7.26515824068e-05,1,0,0,0.0153272250122,0.234696080899
LPF,12,96,0.001,5.47826953193e-05,5.47803597027e-05,0.000920909806155,7.74657523771e-05,1,0,0,0.0163428296683,0.266830160601
LPF,12,97,0.001,5.85488418476e-05,5.8546344775e-05,0.000920912832953,8.27912925941e-05,1,0,0,0.0174663049944,0.304778765305
LPF,12,98,0.001,6.27316964293e-05,6.272902005e-05,0.000920915801544,8.8706081036e-05,1,0,0,0.0187140713018,0.349882440131
LPF,12,99,0.001,6.73974906985e-05,6.73946143658e-05,0.000920918711927,9.53037728983e-05,1,0,0,0.0201058535083,0.403864360886
LPF,12,100,0.001,7.26264885495e-05,7.26233882205e-05,0.000920921505895,0.000102697865768,1,0,0,0.0216655185887,0.468962542383
LPF,12,101,0.001,7.85167748967e-05,7.85134222535e-05,0.000920924183447,0.000111027057142,1,0,0,0.0234226628365,0.548116594331
LPF,12,102,0.001,8.5189309989e-05,8.51856716373e-05,0.000920926802792,0.000120462391505,1,0,0,0.0254131649524,0.645235491853
LPF,12,103,0.001,9.27947620161e-05,9.27907979391e-05,0.000920929363929,0.000131216922014,1,0,0,0.0276819608398,0.765587744111
LPF,12,104,0.001,0.000101522878409,0.000101518540721,0.00092093180865,0.000143558962034,1,0,0,0.0302856341774,0.916380614518
LPF,12,105,0.001,0.000111615546173,0.000111610776439,0.000920934136957,0.000157830553175,1,0,0,0.0332963958267,1.10763692485
LPF,12,106,0.001,0.000123385317811,0.000123380044327,0.000920936407056,0.00017447366197,1,0,0,0.0368074672709,1.3535522185
LPF,12,107,0.001,0.000137242214939,0.000137236348381,0.000920938560739,0.00019406808167,1,0,0,0.0409411558316,1.67464779691
LPF,12,108,0.001,0.000153733372662,0.000153726800366,0.000920940656215,0.000217387491587,1,0,0,0.0458606846035,2.10128206825
LPF,12,109,0.001,0.000173603160215,0.000173595737669,0.000920942635275,0.000245484471005,1,0,0,0.0517881028306,2.67955882456
LPF,12,110,0.001,0.000197886977436,0.000197878515799,0.000920944497921,0.000279823132586,1,0,0,0.0590322842887,3.48162882981
LPF,12,111,0.001,0.000228062448606,0.000228052695826,0.000920946302358,0.00032249291882,1,0,0,0.0680340234593,4.62440224039
LPF,12,112,0.001,0.000266302551283,0.000266291162435,0.00092094799038,0.000376566540207,1,0,0,0.0794415480126,6.30519741964
LPF,12,113,0.001,0.000315918737801,0.000315905226065,0.000920949561987,0.000446726573571,1,0,14155,0.0942427076768,8.06754850414
LPF,12,114,0.001,0.000382179125589,0.000382162778881,0.000920951017179,0.000540422428445,1,0,20183,0.114009051145,8.13225550977
LPF,12,115,0.001,0.000473920528841,0.00047390024222,0.000920952355955,0.000670149849051,1,0,23349,0.141376720254,8.17741270367
LPF,12,116,0.001,0.000606991853217,0.00060696528746,0.000920953636523,0.000858320064918,1,0,25896,0.181073818504,8.21932276398
LPF,12,117,0.001,0.000812402482759,0.0008123489821,0.00114882655907,0.00114878205982,1,0,28357,0.242356061462,8.26570911315
LPF,12,118,0.001,0.00115817464331,0.00115767573832,0.00163841887843,0.00163772272605,1,0,31036,0.345644553828,8.3249020858
LPF,12,119,0.001,0.00181505683166,0.00180707754547,0.00258027715608,0.00256654702004,1,0,34331,0.544351169305,8.41060642491
LPF,12,120,0.001,0.00324555455863,0.00315206962803,0.00478039635345,0.00458665643416,1,0,38895,1.0085864116,8.55938553311
LPF,12,121,0.001,0.00640790649892,0.00576687325618,0.0105582550168,0.00900445401793,1,0,45029,2.22827607797,8.83062087924
LPF,12,122,0.001,0.0104915543153,0.00865099681137,0.0193867925555,0.0145707159438,1,0,50132,4.09392356775,9.12899450851
LPF,12,123,0.001,0.027309355123,0.0273112933256,0.0386125072837,0.038532972144,1,20170,75091,8.15661071185,9.62452934643
LPF,12,124,0.001,0.0274785439262,0.0274835064171,0.0388438664377,0.0376110522407,1,24995,77292,8.2144310439,9.64092291451
LPF,12,125,0.001,0.0276078735629,0.0276054423129,0.0390138663352,0.0308862748701,1,27798,78428,8.25754944716,9.6559718761
LPF,12,126,0.001,0.0277250246135,0.0277243035542,0.0391498804092,0.0173228294751,1,29980,79170,8.29410537535,9.67034432805
LPF,12,127,0.001,0.0278208424418,0.0278198567751,0.0392714180052,0.00383208731139,1,31779,79749,8.32605876589,9.68428755627
LPF,12,0,1.000,0.00167784577088,0.00167795525785,0.918718338013,0.00237224073109,1,0,0,0.590668706109,0.514547687832
LPF,12,1,1.000,0.00195281131983,0.00195288387301,0.918791890144,0.00276110315642,1,0,0,0.647629396301,0.560850146289
LPF,12,2,1.000,0.00208884232482,0.00208889905646,0.918823838234,0.00295347677257,1,0,0,0.673488530319,0.581743215349
LPF,12,3,1.000,0.00220400481995,0.00220404912324,0.918848931789,0.00311633660043,1,0,0,0.694298869512,0.598506921027
LPF,12,4,1.000,0.00230933928845,0.00230937287784,0.918870508671,0.00326529669099,1,0,0,0.712521733283,0.613153055438
LPF,12,5,1.000,0.00240909891146,0.00240912285427,0.918889760971,0.00340637212895,1,0,0,0.734081205335,0.633785397482
LPF,12,6,1.000,0.00250546466815,0.00250547970078,0.918907403946,0.00354264737631,1,0,0,0.763002314851,0.658367770986
LPF,12,7,1.000,0.00259973960881,0.00259974626828,0.918923795223,0.00367596527774,1,0,0,0.790796150704,0.681931784418
LPF,12,8,1.000,0.00269278335898,0.0026927820505,0.918939232826,0.00380754156045,1,0,0,0.817744717222,0.70472399362
LPF,12,9,1.000,0.00278520502085,0.00278519606326,0.918953835964,0.00393823764614,1,0,0,0.844042256092,0.726914357429
LPF,12,10,1.000,0.00287746073069,0.00287744437357,0.918967723846,0.00406869862233,1,0,0,0.869828946753,0.768116411372
LPF,12,11,1.000,0.00296990775894,0.00296988420415,0.918981075287,0.00419942975381,1,0,0,0.895209616169,0.812088991446
LPF,12,12,1.000,0.00306283673915,0.00306280614542,0.918993890285,0.00433084206274,1,0,0,0.92026487328,0.856326129846
LPF,12,13,1.000,0.0031564919157,0.00315645440924,0.919006228447,0.00446328096409,1,0,0,0.947046667047,0.90122480572
LPF,12,14,1.000,0.00325108448999,0.00325104017193,0.919018208981,0.00459704514074,1,0,0,0.975363079049,0.949690010815
LPF,12,15,1.000,0.00334680172066,0.00334675066969,0.919029772282,0.00473239941345,1,0,0,1.00398277325,1.00635042321
LPF,12,16,1.000,0.00344381336725,0.00344375564321,0.91904103756,0.00486958385398,1,0,0,1.03294591098,1.06525265174
LPF,12,17,1.000,0.00354227636458,0.00354221200651,0.919052004814,0.00500882039567,1,0,0,1.06228785703,1.12649771683
LPF,12,18,1.000,0.00364233832055,0.00364226735634,0.919062674046,0.00515031778044,1,0,0,1.09204015477,1.19031689597
LPF,12,19,1.000,0.00374414017918,0.0037440626197,0.919073104858,0.00529427532481,1,0,0,1.12223125219,1.25676811666
LPF,12,20,1.000,0.00384781831596,0.00384773416594,0.919083237648,0.00544088588346,1,0,0,1.15288705085,1.3258876741
LPF,12,21,1.000,0.00395350620977,0.00395341545409,0.919093191624,0.00559033821347,1,0,0,1.18403132606,1.39777247489
LPF,12,22,1.000,0.00406133582185,0.00406123843793,0.919102966785,0.00574281892477,1,0,0,1.21587359164,1.47251878001
LPF,12,23,1.000,0.00417143873931,0.00417133469661,0.919112443924,0.00589851409707,1,0,0,1.24871365715,1.55307778891
LPF,12,24,1.000,0.00428394715059,0.004283836407,0.919121801853,0.0060576106596,1,0,0,1.28225679318,1.63763014085
LPF,12,25,1.000,0.00439899473433,0.00439887723805,0.919130980968,0.00622029764801,1,0,0,1.31653773246,1.72627556674
LPF,12,26,1.000,0.00451671741129,0.00451659310306,0.919139921665,0.00638676726775,1,0,0,1.35159094003,1.81922817579
LPF,12,27,1.000,0.00463725405606,0.00463712286443,0.919148743153,0.00655721590061,1,0,0,1.38745071642,1.91670935264
LPF,12,28,1.000,0.00476074717173,0.00476060901948,0.919157445431,0.00673184505877,1,0,0,1.42415127788,2.01925072818
LPF,12,29,1.000,0.00488734349936,0.00488719830061,0.919165968895,0.0069108622467,1,0,0,1.46186731845,2.1277939581
LPF,12,30,1.000,0.00501719465897,0.00501704231594,0.919174313545,0.0070944818676,1,0,0,1.50057916991,2.24201944752
LPF,12,31,1.000,0.00515045773866,0.00515029814981,0.919182538986,0.0072829260565,1,0,0,1.54029892831,2.36226603928
LPF,12,32,1.000,0.00528729589514,0.0052871289449,0.919190645218,0.00747642552946,1,0,0,1.58107180682,2.48889101952
LPF,12,33,1.000,0.00542787897389,0.00542770454189,0.919198572636,0.00767522046062,1,0,0,1.62294422377,2.62247649932
LPF,12,34,1.000,0.00557238414833,0.00557220209933,0.919206440449,0.0078795613859,1,0,0,1.66599977717,2.76368774914
LPF,12,35,1.000,0.00572099655087,0.00572080674855,0.919214129448,0.00808971009553,1,0,0,1.7103074487,2.91273034517
LPF,12,36,1.000,0.00587390995981,0.005873712249,0.919221758842,0.0083059406053,1,0,0,1.75589178835,3.07010719589
LPF,12,37,1.000,0.00603132752039,0.00603112174606,0.919229209423,0.00852854017614,1,0,0,1.80281108169,3.23637340038
LPF,12,38,1.000,0.00619346247832,0.00619324846464,0.919236600399,0.00875781035153,1,0,0,1.85112600723,3.41243980702
LPF,12,39,1.000,0.00636053899159,0.00636031655829,0.919243872166,0.00899406810528,1,0,0,1.90093831762,3.59871861328
LPF,12,40,1.000,0.00653279295817,0.00653256191328,0.919250965118,0.00923764701216,1,0,0,1.95229557907,3.79612329727
LPF,12,41,1.000,0.00671047296759,0.00671023310754,0.919258058071,0.00948889859327,1,0,0,2.00526554817,4.00532271469
LPF,12,42,1.000,0.00689384122283,0.00689359232627,0.91926497221,0.00974819361982,1,0,0,2.05992434695,4.22710589275
LPF,12,43,1.000,0.00708317461354,0.0070829164573,0.919271826744,0.0100159236308,1,0,0,2.11637481179,4.46238046342
LPF,12,44,1.000,0.00727876585237,0.00727849818791,0.919278562069,0.0102925025394,1,0,0,2.17469402561,4.71212491623
LPF,12,45,1.000,0.00748092466394,0.00748064724035,0.919285178185,0.0105783683149,1,0,0,2.23496717711,4.97740441968
LPF,12,46,1.000,0.00768997914141,0.00768969168367,0.919291734695,0.0108739849004,1,0,0,2.29729315752,5.25937876269
LPF,12,47,1.000,0.00790627715894,0.00790597938754,0.919298231602,0.0111798442107,1,0,0,2.36179202939,5.55930300778
LPF,12,48,1.000,0.00813018791531,0.00812987951321,0.919304609299,0.0114964683143,1,0,0,2.42855775428,5.87854667958
LPF,12,49,1.000,0.00836210366016,0.00836178431702,0.919310867786,0.011824411875,1,0,0,2.49770584993,6.21860290333
LPF,12,50,1.000,0.00860244151063,0.00860211088523,0.919317066669,0.0121642647208,1,0,0,2.56937619771,6.58110224561
LPF,12,51,1.000,0.00885164547817,0.00885130321072,0.919323146343,0.0125166547092,1,0,0,2.6436887714,6.96782072723
LPF,12,52,1.000,0.0091101886701,0.00910983437879,0.919329166412,0.0128822508412,1,0,0,2.7207832681,7.3807033819
LPF,12,53,1.000,0.00937857570232,0.00937820898315,0.919335067272,0.0132617666726,1,0,0,2.8008225619,7.82187978848
LPF,12,54,1.000,0.00965734535816,0.00965696579752,0.919340908527,0.0136559640736,1,0,22408,2.8839552892,8.14884870209
LPF,12,55,1.000,0.00994707347218,0.00994668060922,0.919346690178,0.0140656573069,1,0,29111,2.97035814568,8.25327030708
LPF,12,56,1.000,0.0102483761325,0.0102479694966,0.919352352619,0.0144917175561,1,0,33065,3.06021629624,8.32698195412
LPF,12,57,1.000,0.0105619132093,0.0105614922924,0.919357955456,0.0149350779149,1,0,36125,3.15372110139,8.39008449812
LPF,12,58,1.000,0.0108883922627,0.0108879565238,0.919363498688,0.0153967389131,1,0,38712,3.25109226492,8.44542257594
LPF,12,59,1.000,0.0112285727803,0.011228121655,0.91936892271,0.015877774509,1,0,41020,3.35254689523,8.49681770385
LPF,12,60,1.000,0.0115832709965,0.0115828038796,0.919374287128,0.0163793389036,1,0,43135,3.45833699864,8.54464403518
LPF,12,61,1.000,0.0119533651009,0.0119528813493,0.919379532337,0.0169026739064,1,0,45116,3.56871743705,8.59006042624
LPF,12,62,1.000,0.0123398011555,0.0123393000855,0.919384717941,0.0174491173019,1,0,46979,3.6839755164,8.63358070765
LPF,12,63,1.000,0.0127435995444,0.0127430804307,0.919389843941,0.0180201119704,1,0,48750,3.80441193241,8.67527955094
LPF,12,64,1.000,0.013165862272,0.0131653243484,0.919394910336,0.0186172162075,1,0,50460,3.93035776979,8.71557494131
LPF,12,65,1.000,0.013607781044,0.0136072234712,0.919399857521,0.0192421151515,1,0,52097,4.06216691581,8.75477132944
LPF,12,66,1.000,0.01407064635,0.0140700682496,0.919404745102,0.0198966336268,1,0,53688,4.20022478532,8.79355807783
LPF,12,67,1.000,0.014555857592,0.0145552580155,0.919409573078,0.0205827504654,1,0,55221,4.34494877875,8.83160625894
LPF,12,68,1.000,0.015064934507,0.0150643124621,0.91941434145,0.0213026146602,1,0,56712,4.49679118287,8.86925368821
LPF,12,69,1.000,0.0155995300272,0.0155988844257,0.919418990612,0.0220585635492,1,0,58163,4.65624616487,8.90669999935
LPF,12,70,1.000,0.0161614447299,0.0161607744231,0.91942358017,0.0228531432486,1,0,59599,4.82384874117,8.94407715667
LPF,12,71,1.000,0.0167526431942,0.0167519469466,0.919428110123,0.0236891317825,1,0,61004,5.00018636312,8.98128691374
LPF,12,72,1.000,0.0173752725744,0.0173745490545,0.919432580471,0.0245695653464,1,0,62367,5.18589749939,9.01852681466
LPF,12,73,1.000,0.0180316836389,0.0180309314049,0.91943693161,0.0254977680568,1,0,63729,5.38168323806,9.05601792173
LPF,12,74,1.000,0.0187244547523,0.0187236722659,0.919441223145,0.0264773858646,1,0,65060,5.58831312196,9.09392619494
LPF,12,75,1.000,0.019456419232,0.0194556048235,0.919445455074,0.0275124252376,1,0,66387,5.80662687504,9.13219372054
LPF,12,76,1.000,0.0202306966853,0.0202298485585,0.919449627399,0.0286072974734,1,0,67682,6.03756280969,9.17083686775
LPF,12,77,1.000,0.0210507289037,0.0210498451276,0.91945374012,0.0297668694561,1,0,68981,6.28213395993,9.2099599858
LPF,12,78,1.000,0.0219203213813,0.0219193998402,0.919457733631,0.030996522365,1,0,70257,6.54148577467,9.25001496292
LPF,12,79,1.000,0.0228436909511,0.0228427293557,0.919461667538,0.0323022190357,1,0,71533,6.8168667626,9.29103054767
LPF,12,80,1.000,0.0238255212261,0.0238245170836,0.91946554184,0.0336905823563,1,0,72804,7.10966715529,9.33306163346
LPF,12,81,1.000,0.0248710269289,0.0248699775334,0.919469356537,0.0351689862334,1,0,74081,7.42145038248,9.37606117991
LPF,12,82,1.000,0.0259860288958,0.0259849312695,0.919473111629,0.0367456616518,1,0,75343,7.75394284447,9.42030148955
LPF,12,83,1.000,0.0270096037124,0.0270084591377,0.919476747513,0.0381930543166,1,14448,76470,8.06187581329,9.46071978331
LPF,12,84,1.000,0.027237298093,0.0272361309919,0.919480323792,0.038515011708,1,21345,76821,8.13641300095,9.47546717628
LPF,12,85,1.000,0.0273668054278,0.0273656224302,0.919483840466,0.0386980955469,1,24393,77082,8.17861741827,9.4869422302
LPF,12,86,1.000,0.0274650159987,0.0274638296564,0.919487297535,0.0388368953258,1,26466,77308,8.20912577895,9.4972337477
LPF,12,87,1.000,0.0275463916139,0.0275452070677,0.919490695,0.038951864721,1,28086,77525,8.23679664637,9.50684229833
LPF,12,88,1.000,0.0276168352395,0.0276156504999,0.919493973255,0.0390513546286,1,29426,77725,8.26111523174,9.51596904217
LPF,12,89,1.000,0.0276794342842,0.0276782557481,0.919497191906,0.0391397341038,1,30561,77917,8.28311272741,9.52468970538
LPF,12,90,1.000,0.0277360222655,0.027734857754,0.919500350952,0.0392195987161,1,31562,78099,8.30309273052,9.53304998732
LPF,12,91,1.000,0.0277877837723,0.0277866377283,0.919503450394,0.0392926262073,1,32453,78269,8.32130996015,9.54108328676
LPF,12,92,1.000,0.0278355378441,0.0278344110389,0.919506490231,0.0393599770487,1,33264,78430,8.33811975436,9.54881972457
LPF,12,93,1.000,0.0278798799464,0.0278787715679,0.919509410858,0.0394224952652,1,34020,78581,8.35376278529,9.55627107617
LPF,12,94,1.000,0.0279212588556,0.0279201701698,0.919512271881,0.0394808172228,1,34714,78732,8.36840508736,9.56345834773
LPF,12,95,1.000,0.0279600211207,0.0279589560983,0.919515073299,0.0395354345036,1,35352,78873,8.38216724445,9.57039500452
LPF,12,96,1.000,0.0279964394211,0.0279954028662,0.919517815113,0.0395867340966,1,35951,79015,8.39515066484,9.57708777721
LPF,12,97,1.000,0.0280307330829,0.0280297279932,0.919520437717,0.0396350274454,1,36498,79143,8.40744288136,9.58355375201
LPF,12,98,1.000,0.0280630822769,0.0280621089065,0.919523060322,0.0396805704868,1,37013,79269,8.41910145697,9.58999929172
LPF,12,99,1.000,0.0280936370949,0.0280926948863,0.919525563717,0.0397235764741,1,37501,79386,8.43017253332,9.59607472253
LPF,12,100,1.000,0.0281225242175,0.0281216133593,0.919527947903,0.0397642254582,1,37966,79505,8.44069481839,9.60188984977
LPF,12,101,1.000,0.0281498512067,0.0281489727292,0.919530332088,0.0398026703639,1,38401,79623,8.45069156099,9.60745279003
LPF,12,102,1.000,0.02817571027,0.0281748650354,0.919532597065,0.0398390423106,1,38799,79737,8.46013668764,9.61286857404
LPF,12,103,1.000,0.0282001810645,0.0281993690472,0.919534802437,0.0398734545958,1,39184,79840,8.46907428256,9.61792423611
LPF,12,104,1.000,0.0282233322263,0.0282225527739,0.919536948204,0.0399060048663,1,39554,79938,8.47752323558,9.62301256398
LPF,12,105,1.000,0.0282452229807,0.0282444759179,0.919538974762,0.0399367774108,1,39900,80032,8.48551690705,9.62780146522
LPF,12,106,1.000,0.0282659044994,0.0282651901197,0.919540941715,0.0399658451029,1,40223,80126,8.49307169496,9.63226979619
LPF,12,107,1.000,0.0282854209175,0.0282847396767,0.919542849064,0.0399932708301,1,40525,80210,8.50020573259,9.63652218759
LPF,12,108,1.000,0.0283038100509,0.0283031614395,0.919544637203,0.0400191085164,1,40811,80294,8.50693540593,9.64065245571
LPF,12,109,1.000,0.0283211038277,0.0283204866562,0.919546365738,0.0400434037335,1,41085,80371,8.51327765422,9.64459783844
LPF,12,110,1.000,0.0283373287764,0.0283367413774,0.919547975063,0.0400661943961,1,41337,80439,8.51923821126,9.64845316965
LPF,12,111,1.000,0.0283525057494,0.0283519463558,0.919549524784,0.0400875103785,1,41586,80503,8.52482315949,9.65200760653
LPF,12,112,1.000,0.0283666502202,0.0283661177752,0.9195510149,0.0401073739473,1,41813,80563,8.53003708166,9.65527414266
LPF,12,113,1.000,0.028379771908,0.0283792657872,0.919552385807,0.0401257992434,1,42017,80630,8.53488204464,9.65826978223
LPF,12,114,1.000,0.0283918742244,0.0283913938192,0.919553637505,0.0401427915065,1,42204,80690,8.53936002915,9.66100095708
LPF,12,115,1.000,0.0284029533585,0.0284024977901,0.919554829597,0.0401583457968,1,42374,80746,8.54346767672,9.66346986306
LPF,12,116,1.000,0.0284129968134,0.0284125646511,0.919555902481,0.0401724449444,1,42527,80794,8.54719552597,9.66576235181
LPF,12,117,1.000,0.0284219809854,0.0284215702264,0.91955691576,0.0401850561543,1,42660,80838,8.55053308022,9.66787118593
LPF,12,118,1.000,0.0284298670055,0.0284294752108,0.919557750225,0.0401961251778,1,42776,80877,8.55347165761,9.66972524823
LPF,12,119,1.000,0.0284365927659,0.0284362171221,0.919558465481,0.0402055651198,1,42876,80906,8.55597607991,9.67131485857
LPF,12,120,1.000,0.0284420569468,0.0284416943477,0.919559061527,0.0402132340278,1,42955,80931,8.55801805341,9.67260634404
LPF,12,121,1.000,0.0284460757945,0.0284457227325,0.919559538364,0.0402188742332,1,43020,80950,8.55951860669,9.67356254755
LPF,12,122,1.000,0.0284481747448,0.0284478266394,0.919559776783,0.0402218199147,1,43051,80961,8.56030185771,9.67405745556
LPF,12,123,1.000,0.0284953317661,0.0284950979802,0.919565081596,0.0402879886745,1,43785,81171,8.57802050907,9.68557797707
LPF,12,124,1.000,0.0285440647383,0.028543968806,0.919570803642,0.0403563456894,1,44525,81435,8.59653682816,9.69756814705
LPF,12,125,1.000,0.0285909973856,0.0285910312905,0.919576585293,0.0404221562726,1,45274,81633,8.61448733616,9.70930552575
LPF,12,126,1.000,0.0286362393848,0.0286364168087,0.919582307339,0.0404855777676,1,45969,81884,8.63185531898,9.72081836115
LPF,12,127,1.000,0.0286798877632,0.0286802134206,0.919588029385,0.0405467494081,1,46667,82102,8.64871268126,9.73170492267
LPF,24,0,0.001,1.39796435358e-06,1.39822538884e-06,0.000918973528314,1.97684973959e-06,1,0,0,0.000590668706776,0.000514547688853
LPF,24,1,0.001,1.62703909706e-06,1.62727972798e-06,0.000918980629649,2.30090176034e-06,1,0,0,0.000647629397138,0.000560850147402
LPF,24,2,0.001,1.74036815492e-06,1.74060163057e-06,0.000918983656447,2.46121310559e-06,1,0,0,0.000673488531236,0.000581743216505
LPF,24,3,0.001,1.83631186751e-06,1.83654044398e-06,0.000918985984754,2.59692963105e-06,1,0,0,0.000694298870495,0.000598506922218
LPF,24,4,0.001,1.92406800204e-06,1.9242928832e-06,0.000918988022022,2.72106303793e-06,1,0,0,0.000712521734326,0.000613153056659
LPF,24,5,0.001,2.00717986673e-06,2.00740185029e-06,0.000918989768252,2.83862590382e-06,1,0,0,0.000734081200426,0.000633785393562
LPF,24,6,0.001,2.08746442134e-06,2.08768409238e-06,0.000918991398066,2.95218860994e-06,1,0,0,0.000763002309823,0.000658367766998
LPF,24,7,0.001,2.16600723089e-06,2.16622505215e-06,0.000918992853258,3.06328686052e-06,1,0,0,0.000790796145562,0.000681931780367
LPF,24,8,0.001,2.24352444499e-06,2.2437407972e-06,0.000918994250242,3.17293376048e-06,1,0,0,0.000817744711972,0.000704723989509
LPF,24,9,0.001,2.32052351089e-06,2.3207387231e-06,0.000918995589018,3.28184717004e-06,1,0,0,0.00084404225074,0.00072691435326
LPF,24,10,0.001,2.4670805403e-06,2.46729434471e-06,0.000918997917324,3.48914732392e-06,1,0,0,0.000869828941301,0.000768116407098
LPF,24,11,0.001,2.62814773381e-06,2.6283609791e-06,0.000919000303838,3.71696982994e-06,1,0,0,0.000895209610621,0.000812088987062
LPF,24,12,0.001,2.79518861887e-06,2.79540219064e-06,0.000919002632145,3.95324020562e-06,1,0,0,0.000920264867639,0.000856326125352
LPF,24,13,0.001,2.96874259672e-06,2.9689573229e-06,0.000919004844036,4.19872151764e-06,1,0,0,0.000947046671006,0.000901224801023
LPF,24,14,0.001,3.14934035835e-06,3.14955701891e-06,0.000919007055927,4.45416448379e-06,1,0,0,0.000975363083005,0.00094969001396
LPF,24,15,0.001,3.33751384304e-06,3.33773318621e-06,0.000919009151403,4.72032156535e-06,1,0,0,0.0010039827772,0.00100635042633
LPF,24,16,0.001,3.53380384316e-06,3.53402659474e-06,0.000919011188671,4.99795772813e-06,1,0,0,0.00103294591492,0.00106525265483
LPF,24,17,0.001,3.73876610817e-06,3.73899297664e-06,0.000919013167731,5.28785907959e-06,1,0,0,0.00106228786096,0.00112649771988
LPF,24,18,0.001,3.95297647235e-06,3.95320816084e-06,0.000919015146792,5.59084012403e-06,1,0,0,0.00109204015868,0.00119031689876
LPF,24,19,0.001,4.17703543515e-06,4.17727264254e-06,0.000919017009437,5.90775024301e-06,1,0,0,0.00112223125608,0.00125676811939
LPF,24,20,0.001,4.41157235938e-06,4.41181578628e-06,0.000919018872082,6.23947963459e-06,1,0,0,0.00115288705472,0.00132588767675
LPF,24,21,0.001,4.65724948634e-06,4.65749983862e-06,0.000919020734727,6.58696499359e-06,1,0,0,0.0011840313299,0.00139777247744
LPF,24,22,0.001,4.9147659272e-06,4.91502392415e-06,0.000919022539165,6.95119515772e-06,1,0,0,0.001215873578,0.00147251878246
LPF,24,23,0.001,5.18486165142e-06,5.18512803e-06,0.000919024285395,7.33321674955e-06,1,0,0,0.00124871364337,0.00155307777634
LPF,24,24,0.001,5.46832163208e-06,5.4685971422e-06,0.000919025973417,7.73414004002e-06,1,0,0,0.00128225677926,0.00163763012807
LPF,24,25,0.001,5.76598013305e-06,5.76626555013e-06,0.000919027661439,8.15514501276e-06,1,0,0,0.00131653771841,0.00172627555374
LPF,24,26,0.001,6.0787252796e-06,6.0790214035e-06,0.000919029349461,8.59748782889e-06,1,0,0,0.00135159092585,0.00181922816258
LPF,24,27,0.001,6.40750386522e-06,6.40781152669e-06,0.000919030979276,9.06250762608e-06,1,0,0,0.00138745070211,0.00191670933922
LPF,24,28,0.001,6.75332657573e-06,6.75364664143e-06,0.000919032550883,9.55163390767e-06,1,0,0,0.00142415126344,0.0020192507019
LPF,24,29,0.001,7.11727357853e-06,7.11760694666e-06,0.000919034180697,1.00663944481e-05,1,0,0,0.00146186729753,0.00212779393079
LPF,24,30,0.001,7.50050053728e-06,7.50084815464e-06,0.000919035694096,1.06084238002e-05,1,0,0,0.0015005791486,0.00224201941915
LPF,24,31,0.001,7.90424521657e-06,7.90460807138e-06,0.000919037265703,1.11794726367e-05,1,0,0,0.00154029890659,0.00236226600983
LPF,24,32,0.001,8.32983461173e-06,8.33021373901e-06,0.000919038720895,1.17814178348e-05,1,0,0,0.00158107178469,0.00248889098896
LPF,24,33,0.001,8.77869274356e-06,8.77908924163e-06,0.000919040234294,1.24162735007e-05,1,0,0,0.00162294420123,0.00262247648055
LPF,24,34,0.001,9.25234920302e-06,9.25276422367e-06,0.000919041689485,1.3086203055e-05,1,0,0,0.00166599976678,0.00276368772913
LPF,24,35,0.001,9.75244845305e-06,9.75288321084e-06,0.000919043144677,1.37935323896e-05,1,0,0,0.00171030743796,0.00291273032386
LPF,24,36,0.001,1.02807600981e-05,1.02812158873e-05,0.000919044541661,1.45407643918e-05,1,0,0,0.00175589177725,0.00307010717321
LPF,24,37,0.001,1.08391901125e-05,1.08396682976e-05,0.000919045938645,1.53305948267e-05,1,0,0,0.00180281107022,0.00323637338938
LPF,24,38,0.001,1.14297931998e-05,1.14302952283e-05,0.000919047335628,1.61659298163e-05,1,0,0,0.00185112599537,0.00341243979487
LPF,24,39,0.001,1.20547864589e-05,1.2055313872e-05,0.000919048674405,1.70499051701e-05,1,0,0,0.00190093831446,0.00359871859989
LPF,24,40,0.001,1.27165644091e-05,1.27171188586e-05,0.000919050013181,1.79859076355e-05,1,0,0,0.00195229557563,0.00379612331123
LPF,24,41,0.001,1.34177155395e-05,1.34182987584e-05,0.000919051351957,1.89775983049e-05,1,0,0,0.00200526554444,0.00400532272955
LPF,24,42,0.001,1.41610407586e-05,1.41616546217e-05,0.000919052632526,2.00289387099e-05,1,0,0,0.0020599243429,0.00422710589307
LPF,24,43,0.001,1.49495736486e-05,1.49502201382e-05,0.000919053971302,2.11442194694e-05,1,0,0,0.00211637481642,0.00446238046425
LPF,24,44,0.001,1.57866030608e-05,1.57872843112e-05,0.000919055193663,2.2328092247e-05,1,0,0,0.0021746940301,0.0047121249176
LPF,24,45,0.001,1.66756981267e-05,1.66764164092e-05,0.000919056474231,2.35856051268e-05,1,0,0,0.00223496718145,0.00497740442434
LPF,24,46,0.001,1.76207360955e-05,1.76214938623e-05,0.000919057696592,2.49222419852e-05,1,0,0,0.00229729314625,0.00525937876775
LPF,24,47,0.001,1.86259332875e-05,1.86267331509e-05,0.000919058918953,2.63439662713e-05,1,0,0,0.00236179201807,0.00555930301329
LPF,24,48,0.001,1.9695879669e-05,1.96967244509e-05,0.000919060141314,2.78572699079e-05,1,0,0,0.00242855774289,0.00587854668559
LPF,24,49,0.001,2.08355774212e-05,2.08364701597e-05,0.000919061305467,2.94692278434e-05,1,0,0,0.00249770583847,0.00621860290308
LPF,24,50,0.001,2.2050483972e-05,2.20514278937e-05,0.00091906246962,3.11875589135e-05,1,0,0,0.00256937621035,0.0065811022457
LPF,24,51,0.001,2.33465603564e-05,2.33475589946e-05,0.000919063633773,3.30206942417e-05,1,0,0,0.00264368878416,0.00696782072772
LPF,24,52,0.001,2.4730325313e-05,2.47313824545e-05,0.000919064739719,3.49778537514e-05,1,0,0,0.0027207832753,0.00738070338283
LPF,24,53,0.001,2.62089160349e-05,2.62100357663e-05,0.000919065903872,3.70691320908e-05,1,0,0,0.00280082256936,0.0078218797899
LPF,24,54,0.001,2.77901566773e-05,2.77913434461e-05,0.000919067009818,3.93055955276e-05,1,0,0,0.00288395529693,0.00829368448067
LPF,24,55,0.001,2.94826353236e-05,2.94838938864e-05,0.000919068057556,4.16993908077e-05,1,0,0,0.00297035817046,0.00879868328202
LPF,24,56,0.001,3.12957909861e-05,3.12971265667e-05,0.000919069163501,4.42638682069e-05,1,0,0,0.00306021632137,0.00933968955889
LPF,24,57,0.001,3.32400120586e-05,3.32414303038e-05,0.000919070211239,4.70137207796e-05,1,0,0,0.00315372108768,0.00991980289304
LPF,24,58,0.001,3.53267476413e-05,3.53282546615e-05,0.000919071258977,4.99651418129e-05,1,0,0,0.00325109225142,0.0105424394515
LPF,24,59,0.001,3.75686340341e-05,3.75702364879e-05,0.000919072306715,5.3136003736e-05,1,0,0,0.00335254688195,0.0112113696355
LPF,24,60,0.001,3.99796385481e-05,3.99813436992e-05,0.000919073296245,5.65460615227e-05,1,0,0,0.0034583369787,0.0119307609815
LPF,24,61,0.001,4.25752232741e-05,4.25770390658e-05,0.000919074343983,6.02171843207e-05,1,0,0,0.00356871741671,0.0127052270359
LPF,24,62,0.001,4.5372531998e-05,4.53744670616e-05,0.000919075333513,6.41736198201e-05,1,0,0,0.00368397552174,0.013539884116
LPF,24,63,0.001,4.83906043306e-05,4.83926681594e-05,0.000919076264836,6.84422971123e-05,1,0,0,0.00380441193728,0.0144404149702
LPF,24,64,0.001,5.16506207193e-05,5.16528236847e-05,0.000919077254366,7.30531732275e-05,1,0,0,0.00393035776471,0.0154131369677
LPF,24,65,0.001,5.51761844955e-05,5.5178537974e-05,0.000919078185689,7.80396320547e-05,1,0,0,0.0040621669104,0.0164650928348
LPF,24,66,0.001,5.89936461037e-05,5.89961625908e-05,0.000919079117011,8.34389429227e-05,1,0,0,0.00420022477614,0.0176041450381
LPF,24,67,0.001,6.31324781828e-05,6.31351714622e-05,0.000919080048334,8.92927911034e-05,1,0,0,0.0043449487693,0.018839087582
LPF,24,68,0.001,6.76257088942e-05,6.76285941644e-05,0.000919080979656,9.56478907001e-05,1,0,0,0.00449679117237,0.0201797753954
LPF,24,69,0.001,7.25104251237e-05,7.25135191766e-05,0.000919081852771,0.000102556696361,1,0,0,0.00465624615402,0.0216372744571
LPF,24,70,0.001,7.78283580336e-05,7.78316793689e-05,0.000919082725886,0.000110078231469,1,0,0,0.00482384872857,0.0232240364511
LPF,24,71,0.001,8.36265654939e-05,8.36301347109e-05,0.000919083599001,0.000118279053352,1,0,0,0.0050001863501,0.0249541025167
LPF,24,72,0.001,8.99582315593e-05,8.99620715216e-05,0.000919084472116,0.000127234384041,1,0,0,0.00518589748041,0.0268433416219
LPF,24,73,0.001,9.68836036793e-05,9.68877398152e-05,0.000919085287023,0.000137029435833,1,0,0,0.00538168321837,0.0289097302685
LPF,24,74,0.001,0.000104471096047,0.000104475556705,0.000919086101931,0.000147760971838,1,0,0,0.00558831312459,0.0311736816977
LPF,24,75,0.001,0.000112798593041,0.000112803409845,0.000919086916838,0.00015953914953,1,0,0,0.00580662687715,0.0336584345846
LPF,24,76,0.001,0.000121954993037,0.000121960201493,0.000919087731745,0.000172489704268,1,0,0,0.00603756278242,0.0363905142396
LPF,24,77,0.001,0.000132042044049,0.000132047684069,0.000919088488445,0.000186756545582,1,0,0,0.00628213392019,0.0394002834037
LPF,24,78,0.001,0.000143176534375,0.000143182650723,0.000919089245144,0.000202504855553,1,0,0,0.00654148573414,0.0427225824628
LPF,24,79,0.001,0.00015549291662,0.000155499559938,0.000919090001844,0.00021992480016,1,0,0,0.00681686673534,0.0463975237746
LPF,24,80,0.001,0.000169146463385,0.000169153690882,0.000919090758543,0.000239235992601,1,0,0,0.00710966714964,0.0504714260608
LPF,24,81,0.001,0.000184317077628,0.000184324954258,0.000919091515243,0.000260692882555,1,0,0,0.00742145037583,0.0549979457353
LPF,24,82,0.001,0.000201213915411,0.000201222514948,0.000919092213735,0.000284591294469,1,0,0,0.00775394284688,0.0600394450938
LPF,24,83,0.001,0.000220081016068,0.000220090422974,0.000919092912227,0.000311276390706,1,0,0,0.00810907818214,0.0656687324343
LPF,24,84,0.001,0.000241204197507,0.000241214508406,0.000919093610719,0.000341152424072,1,0,0,0.00848903162274,0.0719709512988
LPF,24,85,0.001,0.000264919537718,0.000264930863371,0.000919094251003,0.000374694733812,1,0,0,0.00889625076748,0.07904693771
LPF,24,86,0.001,0.000291623866915,0.000291636335287,0.000919094949495,0.000412464585412,1,0,0,0.00933349815612,0.0870149710418
LPF,24,87,0.001,0.000321787816647,0.000321801575999,0.000919095589779,0.000455127626883,1,0,0,0.00980390153541,0.0960152853742
LPF,24,88,0.001,0.000355972145891,0.000355987368144,0.000919096230064,0.00050347697994,1,0,0,0.0103112166043,0.106215199819
LPF,24,89,0.001,0.000394848291999,0.00039486517796,0.00091909681214,0.000558462306667,1,0,0,0.0108596560373,0.117815057791
LPF,24,90,0.001,0.000439224412059,0.000439243197077,0.000919097452424,0.000621226641701,1,0,0,0.0114536322132,0.131055997059
LPF,24,91,0.001,0.000490078608261,0.00049009956983,0.000919098034501,0.000693153385243,1,0,0,0.0120985118799,0.146229863573
LPF,24,92,0.001,0.000548601635021,0.00054862510102,0.000919098616578,0.000775926706815,1,0,0,0.0128004941887,0.163691953776
LPF,24,93,0.001,0.000616252218129,0.000616278579575,0.000919099198654,0.000871609787108,1,0,0,0.0135667730562,0.183877520583
LPF,24,94,0.001,0.000694829317897,0.000694859042144,0.000983093283139,0.000982747024942,1,0,0,0.0144057381016,0.207323332461
LPF,24,95,0.001,0.000786567365594,0.000786601015519,0.00111284456216,0.001112498737,1,0,0,0.0153272250122,0.234696080899
LPF,24,96,0.001,0.000894262968467,0.000894301227803,0.00126516493037,0.00126482036584,1,0,0,0.0163428296683,0.266830160601
LPF,24,97,0.001,0.00102144521923,0.00102148892236,0.00144504406489,0.00144470336083,1,0,0,0.0174663049944,0.304778765305
LPF,24,98,0.001,0.00117260713562,0.00117265730776,0.0016588321887,0.00165850251979,1,0,0,0.0187140713018,0.349882440131
LPF,24,99,0.001,0.00135352389707,0.00135358181209,0.00191468675621,0.0019143860939,1,0,0,0.0201058535083,0.403864360886
LPF,24,100,0.001,0.00157169608347,0.00157176333538,0.00222325441428,0.00222296269221,1,0,0,0.0216655185887,0.468962542383
LPF,24,101,0.001,0.00183697558936,0.00183705419446,0.00259845773689,0.00259816655698,1,0,0,0.0234226628365,0.548116594331
LPF,24,102,0.001,0.00216246299085,0.0021625555262,0.00305881607346,0.00305852677426,1,0,0,0.0254131649524,0.645235491853
LPF,24,103,0.001,0.00256581540612,0.0025659252029,0.00362929841504,0.00362901707489,1,0,0,0.0276819608398,0.765587744111
LPF,24,104,0.001,0.0030711874883,0.0030713189141,0.0043440493755,0.00434380112025,1,0,0,0.0302856341774,0.916380614518
LPF,24,105,0.001,0.00371217004681,0.00371232890649,0.00525063276291,0.00525038880548,1,0,0,0.0332963958267,1.10763692485
LPF,24,106,0.001,0.00453633848178,0.00453653261317,0.00641630450264,0.00641606943714,1,0,0,0.0368074672709,1.3535522185
LPF,24,107,0.001,0.00561246854359,0.00561270873033,0.00793832540512,0.00793811750033,1,0,0,0.0409411558316,1.67464779691
LPF,24,108,0.001,0.00704230438349,0.00704260576029,0.00996063556522,0.0099604370582,1,0,0,0.0458606846035,2.10128206825
LPF,24,109,0.001,0.00898035973139,0.0089807440586,0.0127017395571,0.0127015679803,1,0,0,0.0517881028306,2.67955882456
LPF,24,110,0.001,0.0116684429772,0.0116689423452,0.016503661871,0.0165035172456,1,0,0,0.0590322842887,3.48162882981
LPF,24,111,0.001,0.0154983705987,0.0154990338812,0.0219205822796,0.0219204590498,1,0,0,0.0680340234593,4.62440224039
LPF,24,112,0.001,0.0211314417175,0.0211323460811,0.0298878084868,0.0298877162525,1,0,0,0.0794415480126,6.30519741964
LPF,24,113,0.001,0.0270307410718,0.0270319017054,0.0382314510643,0.0382315178453,1,0,14155,0.0942427076768,8.06754850414
LPF,24,114,0.001,0.0272306160181,0.027231770565,0.0385105088353,0.0385142038218,1,0,20183,0.114009051145,8.13225550977
LPF,24,115,0.001,0.0273635249076,0.0273646397739,0.0386933609843,0.0387021514275,1,0,23349,0.141376720254,8.17741270367
LPF,24,116,0.001,0.0274869446902,0.0274880069229,0.0388555563986,0.0388766298281,1,0,25896,0.181073818504,8.21932276398
LPF,24,117,0.001,0.0276211709104,0.0276221443726,0.0390270911157,0.0390662924417,1,0,28357,0.242356061462,8.26570911315
LPF,24,118,0.001,0.0277881837309,0.0277888972368,0.0392272770405,0.0393020942607,1,0,31036,0.345644553828,8.3249020858
LPF,24,119,0.001,0.0280267431638,0.0280250671725,0.0394977554679,0.0396384505576,1,0,34331,0.544351169305,8.41060642491
LPF,24,120,0.001,0.0284099495339,0.0283893105692,0.0399068035185,0.0401773531895,1,0,38895,1.0085864116,8.55938553311
LPF,24,121,0.001,0.0289911710378,0.0288961370547,0.0405196100473,0.0409908799616,1,0,45029,2.22827607797,8.83062087924
LPF,24,122,0.001,0.0294879590819,0.0292999622725,0.0410503298044,0.0416833779181,1,0,50132,4.09392356775,9.12899450851
LPF,24,123,0.001,0.0307070826686,0.030704681554,0.041678018868,0.0432857442345,1,20170,75091,8.15661071185,9.62452934643
LPF,24,124,0.001,0.0307329462221,0.0307294594693,0.0416924580932,0.0420104228264,1,24995,77292,8.2144310439,9.64092291451
LPF,24,125,0.001,0.030757587485,0.0307582971383,0.041706174612,0.0343774909468,1,27798,78428,8.25754944716,9.6559718761
LPF,24,126,0.001,0.0307767914452,0.0307774029644,0.0417187772691,0.0192024367554,1,29980,79170,8.29410537535,9.67034432805
LPF,24,127,0.001,0.0308004021508,0.0308027384953,0.0417386516929,0.0042215443876,1,31779,79749,8.32605876589,9.68428755627
LPF,24,0,1.000,0.00139796435304,0.00139822538939,0.917822599411,0.00197684973882,1,0,0,0.590668706109,0.514547687832
LPF,24,1,1.000,0.00162703909604,0.00162727972677,0.917828798294,0.00230090175889,1,0,0,0.647629396301,0.560850146289
LPF,24,2,1.000,0.00174036815487,0.00174060163081,0.917831480503,0.00246121310554,1,0,0,0.673488530319,0.581743215349
LPF,24,3,1.000,0.00183631186629,0.00183654044293,0.917833566666,0.00259692962932,1,0,0,0.694298869512,0.598506921027
LPF,24,4,1.000,0.00192406800209,0.00192429288347,0.9178352952,0.00272106303798,1,0,0,0.712521733283,0.613153055438
LPF,24,5,1.000,0.00200717986614,0.00200740184933,0.917836904526,0.00283862590299,1,0,0,0.734081205335,0.633785397482
LPF,24,6,1.000,0.00208746441988,0.00208768409095,0.917838275433,0.00295218860788,1,0,0,0.763002314851,0.658367770986
LPF,24,7,1.000,0.00216600723102,0.00216622505158,0.917839586735,0.00306328686069,1,0,0,0.790796150704,0.681931784418
LPF,24,8,1.000,0.00224352444531,0.00224374079809,0.917840838432,0.00317293376093,1,0,0,0.817744717222,0.70472399362
LPF,24,9,1.000,0.00232052350989,0.00232073872277,0.917841970921,0.00328184716862,1,0,0,0.844042256092,0.726914357429
LPF,24,10,1.000,0.00246708053947,0.00246729434357,0.917844057083,0.00348914732275,1,0,0,0.869828946753,0.768116411372
LPF,24,11,1.000,0.00262814773482,0.00262836098064,0.917846143246,0.00371696983136,1,0,0,0.895209616169,0.812088991446
LPF,24,12,1.000,0.00279518861775,0.00279540219069,0.917848229408,0.00395324020402,1,0,0,0.92026487328,0.856326129846
LPF,24,13,1.000,0.00296874259818,0.00296895732419,0.917850196362,0.00419872151969,1,0,0,0.947046667047,0.90122480572
LPF,24,14,1.000,0.00314934035888,0.00314955702026,0.91785210371,0.00445416448454,1,0,0,0.975363079049,0.949690010815
LPF,24,15,1.000,0.00333751384155,0.00333773318515,0.917853951454,0.00472032156324,1,0,0,1.00398277325,1.00635042321
LPF,24,16,1.000,0.00353380384269,0.00353402659533,0.917855739594,0.00499795772746,1,0,0,1.03294591098,1.06525265174
LPF,24,17,1.000,0.00373876610581,0.00373899297682,0.917857527733,0.00528785907625,1,0,0,1.06228785703,1.12649771683
LPF,24,18,1.000,0.00395297647086,0.00395320816117,0.917859196663,0.00559084012194,1,0,0,1.09204015477,1.19031689597
LPF,24,19,1.000,0.00417703543437,0.0041772726412,0.917860925198,0.00590775024189,1,0,0,1.12223125219,1.25676811666
LPF,24,20,1.000,0.00441157235873,0.0044118157837,0.917862534523,0.00623947963368,1,0,0,1.15288705085,1.3258876741
LPF,24,21,1.000,0.0046572494859,0.00465749983723,0.917864143848,0.00658696499296,1,0,0,1.18403132606,1.39777247489
LPF,24,22,1.000,0.00491476592647,0.00491502392422,0.917865753174,0.00695119515669,1,0,0,1.21587359164,1.47251878001
LPF,24,23,1.000,0.00518486165188,0.00518512803001,0.91786724329,0.00733321675019,1,0,0,1.24871365715,1.55307778891
LPF,24,24,1.000,0.00546832163254,0.00546859714204,0.917868793011,0.00773414004068,1,0,0,1.28225679318,1.63763014085
LPF,24,25,1.000,0.00576598013483,0.00576626555107,0.917870283127,0.00815514501527,1,0,0,1.31653773246,1.72627556674
LPF,24,26,1.000,0.00607872527769,0.00607902140265,0.917871713638,0.00859748782618,1,0,0,1.35159094003,1.81922817579
LPF,24,27,1.000,0.00640750386354,0.00640781152369,0.917873203754,0.00906250762372,1,0,0,1.38745071642,1.91670935264
LPF,24,28,1.000,0.0067533265816,0.00675364664617,0.917874574661,0.00955163391599,1,0,0,1.42415127788,2.01925072818
LPF,24,29,1.000,0.00711727358192,0.00711760695348,0.917876005173,0.0100663944529,1,0,0,1.46186731845,2.1277939581
LPF,24,30,1.000,0.00750050053953,0.00750084815764,0.91787737608,0.0106084238034,1,0,0,1.50057916991,2.24201944752
LPF,24,31,1.000,0.0079042452176,0.00790460807252,0.917878687382,0.0111794726382,1,0,0,1.54029892831,2.36226603928
LPF,24,32,1.000,0.0083298346091,0.00833021373629,0.917879998684,0.0117814178311,1,0,0,1.58107180682,2.48889101952
LPF,24,33,1.000,0.00877869274504,0.00877908924371,0.917881309986,0.0124162735028,1,0,0,1.62294422377,2.62247649932
LPF,24,34,1.000,0.00925234920071,0.00925276422569,0.917882621288,0.0130862030518,1,0,0,1.66599977717,2.76368774914
LPF,24,35,1.000,0.00975244845067,0.00975288321207,0.917883872986,0.0137935323862,1,0,0,1.7103074487,2.91273034517
LPF,24,36,1.000,0.0102807600969,0.0102812158874,0.917885124683,0.0145407643902,1,0,0,1.75589178835,3.07010719589
LPF,24,37,1.000,0.0108391901048,0.0108396682896,0.917886376381,0.0153305948157,1,0,0,1.80281108169,3.23637340038
LPF,24,38,1.000,0.0114297931906,0.0114302952239,0.917887568474,0.0161659298031,1,0,0,1.85112600723,3.41243980702
LPF,24,39,1.000,0.012054786458,0.0120553138809,0.917888760567,0.0170499051688,1,0,0,1.90093831762,3.59871861328
LPF,24,40,1.000,0.012716564403,0.0127171188534,0.91788995266,0.0179859076269,1,0,0,1.95229557907,3.79612329727
LPF,24,41,1.000,0.0134177155415,0.0134182987652,0.917891144753,0.0189775983077,1,0,0,2.00526554817,4.00532271469
LPF,24,42,1.000,0.0141610407516,0.0141616546122,0.917892277241,0.0200289387,1,0,0,2.05992434695,4.22710589275
LPF,24,43,1.000,0.0149495736525,0.0149502201388,0.917893409729,0.0211442194749,1,0,0,2.11637481179,4.46238046342
LPF,24,44,1.000,0.0157866030508,0.015787284305,0.917894542217,0.0223280922329,1,0,0,2.17469402561,4.71212491623
LPF,24,45,1.000,0.0166756981247,0.0166764164085,0.917895615101,0.023585605124,1,0,0,2.23496717711,4.97740441968
LPF,24,46,1.000,0.0176207360883,0.0176214938533,0.917896687984,0.0249222419751,1,0,0,2.29729315752,5.25937876269
LPF,24,47,1.000,0.018625933279,0.0186267331456,0.917897760868,0.0263439662593,1,0,0,2.36179202939,5.55930300778
LPF,24,48,1.000,0.019695879679,0.0196967244663,0.917898833752,0.0278572699221,1,0,0,2.42855775428,5.87854667958
LPF,24,49,1.000,0.0208355774156,0.0208364701561,0.917899906635,0.0294692278355,1,0,0,2.49770584993,6.21860290333
LPF,24,50,1.000,0.022050483975,0.0220514279,0.917900919914,0.0311875589177,1,0,0,2.56937619771,6.58110224561
LPF,24,51,1.000,0.0233465603589,0.023347559003,0.917901933193,0.0330206942453,1,0,0,2.6436887714,6.96782072723
LPF,24,52,1.000,0.0247303253108,0.0247313824636,0.917902946472,0.0349778537483,1,0,0,2.7207832681,7.3807033819
LPF,24,53,1.000,0.0262089160403,0.0262100357805,0.917903900146,0.0370691320985,1,0,0,2.8008225619,7.82187978848
LPF,24,54,1.000,0.0272730650877,0.0272742671254,0.917904913425,0.0385741964023,1,0,22408,2.8839552892,8.14884870209
LPF,24,55,1.000,0.0275941176402,0.0275954102479,0.9179058671,0.039027960466,1,0,29111,2.97035814568,8.25327030708
LPF,24,56,1.000,0.027817674305,0.027819035919,0.917906820774,0.0393435219373,1,0,33065,3.06021629624,8.32698195412
LPF,24,57,1.000,0.028002078319,0.0280034777444,0.917907774448,0.039603459163,1,0,36125,3.15372110139,8.39008449812
LPF,24,58,1.000,0.0281639942486,0.0281654149747,0.917908668518,0.0398313923338,1,0,38712,3.25109226492,8.44542257594
LPF,24,59,1.000,0.0283107245806,0.0283121610415,0.917909562588,0.0400376890637,1,0,41020,3.35254689523,8.49681770385
LPF,24,60,1.000,0.028446166264,0.028447600339,0.917910456657,0.040227892133,1,0,43135,3.45833699864,8.54464403518
LPF,24,61,1.000,0.0285727031019,0.0285741258379,0.917911350727,0.040405397992,1,0,45116,3.56871743705,8.59006042624
LPF,24,62,1.000,0.0286919188984,0.0286933327493,0.917912244797,0.0405724672758,1,0,46979,3.6839755164,8.63358070765
LPF,24,63,1.000,0.0288049415794,0.0288063347503,0.917913079262,0.0407307125597,1,0,48750,3.80441193241,8.67527955094
LPF,24,64,1.000,0.0289126395552,0.0289139994555,0.917913913727,0.0408813757025,1,0,50460,3.93035776979,8.71557494131
LPF,24,65,1.000,0.0290156850279,0.0290170164193,0.917914748192,0.0410254198629,1,0,52097,4.06216691581,8.75477132944
LPF,24,66,1.000,0.0291146475912,0.0291159520187,0.917915582657,0.0411636601741,1,0,53688,4.20022478532,8.79355807783
LPF,24,67,1.000,0.0292100008054,0.0292112780761,0.917916417122,0.0412967743791,1,0,55221,4.34494877875,8.83160625894
LPF,24,68,1.000,0.0293021461618,0.0293033915527,0.917917191982,0.0414253376682,1,0,56712,4.49679118287,8.86925368821
LPF,24,69,1.000,0.0293914617603,0.0293926768872,0.917917966843,0.0415498896013,1,0,58163,4.65624616487,8.90669999935
LPF,24,70,1.000,0.0294782701441,0.0294794505503,0.917918741703,0.0416708908861,1,0,59599,4.82384874117,8.94407715667
LPF,24,71,1.000,0.0295628564413,0.0295640009133,0.917919516563,0.0417887489836,1,0,61004,5.00018636312,8.98128691374
LPF,24,72,1.000,0.0296455058865,0.0296466194396,0.917920291424,0.04190386886,1,0,62367,5.18589749939,9.01852681466
LPF,24,73,1.000,0.0297264708515,0.0297275547048,0.91792100668,0.0420166094014,1,0,63729,5.38168323806,9.05601792173
LPF,24,74,1.000,0.0298059787682,0.0298070364904,0.917921721935,0.0421272947578,1,0,65060,5.58831312196,9.09392619494
LPF,24,75,1.000,0.0298842636339,0.0298852965611,0.917922437191,0.0422362558669,1,0,66387,5.80662687504,9.13219372054
LPF,24,76,1.000,0.0299615429575,0.0299625567009,0.917923152447,0.0423437998162,1,0,67682,6.03756280969,9.17083686775
LPF,24,77,1.000,0.0300380145911,0.0300390071187,0.917923808098,0.0424502069374,1,0,68981,6.28213395993,9.2099599858
LPF,24,78,1.000,0.0301138896361,0.0301148626874,0.917924523354,0.0425557743338,1,0,70257,6.54148577467,9.25001496292
LPF,24,79,1.000,0.0301893790033,0.0301903333758,0.917925179005,0.0426607973936,1,0,71533,6.8168667626,9.29103054767
LPF,24,80,1.000,0.0302646704053,0.0302656114612,0.917925834656,0.0427655406817,1,0,72804,7.10966715529,9.33306163346
LPF,24,81,1.000,0.0303399620279,0.0303408913099,0.917926490307,0.0428702821554,1,0,74081,7.42145038248,9.37606117991
LPF,24,82,1.000,0.0304154713355,0.0304163923352,0.917927086353,0.0429753236242,1,0,75343,7.75394284447,9.42030148955
LPF,24,83,1.000,0.0304822797757,0.0304831947769,0.917927742004,0.0430682617136,1,14448,76470,8.06187581329,9.46071978331
LPF,24,84,1.000,0.0305038460393,0.0305047592567,0.917928338051,0.0430982779143,1,21345,76821,8.13641300095,9.47546717628
LPF,24,85,1.000,0.0305197185118,0.0305206250503,0.917928934097,0.0431203754279,1,24393,77082,8.17861741827,9.4869422302
LPF,24,86,1.000,0.0305336023614,0.0305344980796,0.917929530144,0.0431397071376,1,26466,77308,8.20912577895,9.4972337477
LPF,24,87,1.000,0.0305463051064,0.0305471861696,0.917930066586,0.0431573959264,1,28086,77525,8.23679664637,9.50684229833
LPF,24,88,1.000,0.0305581585767,0.0305590207792,0.917930662632,0.0431739031512,1,29426,77725,8.26111523174,9.51596904217
LPF,24,89,1.000,0.0305693384108,0.0305701780459,0.917931199074,0.0431894729756,1,30561,77917,8.28311272741,9.52468970538
LPF,24,90,1.000,0.0305799517635,0.030580765654,0.917931735516,0.0432042542546,1,31562,78099,8.30309273052,9.53304998732
LPF,24,91,1.000,0.0305900689738,0.0305908539225,0.917932212353,0.0432183447415,1,32453,78269,8.32130996015,9.54108328676
LPF,24,92,1.000,0.0305997392268,0.0306004917301,0.917932748795,0.0432318127612,1,33264,78430,8.33811975436,9.54881972457
LPF,24,93,1.000,0.0306089994686,0.0306097166141,0.917933225632,0.043244709628,1,34020,78581,8.35376278529,9.55627107617
LPF,24,94,1.000,0.0306178787171,0.0306185589514,0.917933762074,0.0432570756414,1,34714,78732,8.36840508736,9.56345834773
LPF,24,95,1.000,0.0306263999322,0.0306270430356,0.917934238911,0.0432689426702,1,35352,78873,8.38216724445,9.57039500452
LPF,24,96,1.000,0.0306345813794,0.0306351884483,0.917934656143,0.0432803360973,1,35951,79015,8.39515066484,9.57708777721
LPF,24,97,1.000,0.0306424379253,0.0306430109103,0.91793513298,0.0432912766248,1,36498,79143,8.40744288136,9.58355375201
LPF,24,98,1.000,0.0306499822301,0.030650522061,0.917935550213,0.0433017818915,1,37013,79269,8.41910145697,9.58999929172
LPF,24,99,1.000,0.030657225357,0.0306577308301,0.917935967445,0.0433118672745,1,37501,79386,8.43017253332,9.59607472253
LPF,24,100,1.000,0.0306641770639,0.0306646455348,0.917936384678,0.0433215463435,1,37966,79505,8.44069481839,9.60188984977
LPF,24,101,1.000,0.0306708456171,0.0306712740524,0.91793680191,0.0433308306095,1,38401,79623,8.45069156099,9.60745279003
LPF,24,102,1.000,0.0306772381943,0.0306776244494,0.917937159538,0.0433397300694,1,38799,79737,8.46013668764,9.61286857404
LPF,24,103,1.000,0.0306833606787,0.0306837045281,0.917937576771,0.0433482529287,1,39184,79840,8.46907428256,9.61792423611
LPF,24,104,1.000,0.0306892180358,0.0306895213043,0.917937934399,0.043356406122,1,39554,79938,8.47752323558,9.62301256398
LPF,24,105,1.000,0.0306948143537,0.0306950799848,0.917938292027,0.0433641953596,1,39900,80032,8.48551690705,9.62780146522
LPF,24,106,1.000,0.0307001530284,0.030700384449,0.91793859005,0.043371625399,1,40223,80126,8.49307169496,9.63226979619
LPF,24,107,1.000,0.0307052368086,0.0307054364871,0.917938947678,0.043378700106,1,40525,80210,8.50020573259,9.63652218759
LPF,24,108,1.000,0.0307100676822,0.0307102366396,0.917939245701,0.0433854222859,1,40811,80294,8.50693540593,9.64065245571
LPF,24,109,1.000,0.0307146469516,0.030714784873,0.917939543724,0.0433917938043,1,41085,80371,8.51327765422,9.64459783844
LPF,24,110,1.000,0.0307189751823,0.0307190811592,0.917939782143,0.0433978155235,1,41337,80439,8.51923821126,9.64845316965
LPF,24,111,1.000,0.0307230520125,0.0307231250135,0.917940080166,0.0434034870036,1,41586,80503,8.52482315949,9.65200760653
LPF,24,112,1.000,0.0307268761275,0.0307269159508,0.917940318584,0.0434088064814,1,41813,80563,8.53003708166,9.65527414266
LPF,24,113,1.000,0.0307304450939,0.0307304527621,0.917940557003,0.0434137706493,1,42017,80630,8.53488204464,9.65826978223
LPF,24,114,1.000,0.0307337551073,0.0307337328168,0.917940735817,0.0434183742872,1,42204,80690,8.53936002915,9.66100095708
LPF,24,115,1.000,0.0307368007388,0.0307367515969,0.917940974236,0.0434226099189,1,42374,80746,8.54346767672,9.66346986306
LPF,24,116,1.000,0.0307395745048,0.0307395018814,0.917941153049,0.043426467207,1,42527,80794,8.54719552597,9.66576235181
LPF,24,117,1.000,0.0307420660949,0.030741973396,0.917941331863,0.0434299318812,1,42660,80838,8.55053308022,9.66787118593
LPF,24,118,1.000,0.0307442612128,0.0307441516737,0.917941451073,0.0434329841317,1,42776,80877,8.55347165761,9.66972524823
LPF,24,119,1.000,0.0307461393515,0.0307460159013,0.917941570282,0.0434355955047,1,42876,80906,8.55597607991,9.67131485857
LPF,24,120,1.000,0.0307476692277,0.0307475346747,0.917941689491,0.0434377225644,1,42955,80931,8.55801805341,9.67260634404
LPF,24,121,1.000,0.0307487967692,0.0307486540985,0.917941749096,0.0434392901889,1,43020,80950,8.55951860669,9.67356254755
LPF,24,122,1.000,0.0307493864477,0.0307492395308,0.917941808701,0.0434401100052,1,43051,80961,8.56030185771,9.67405745556
LPF,24,123,1.000,0.0307627764973,0.0307625175289,0.91794270277,0.0434587225236,1,43785,81171,8.57802050907,9.68557797707
LPF,24,124,1.000,0.03077690384,0.0307764931937,0.917943656445,0.043478352205,1,44525,81435,8.59653682816,9.69756814705
LPF,24,125,1.000,0.0307907956371,0.0307902639434,0.917944669724,0.0434976456615,1,45274,81633,8.61448733616,9.70930552575
LPF,24,126,1.000,0.0308044632491,0.0308037796399,0.917945623398,0.0435166182711,1,45969,81884,8.63185531898,9.72081836115
LPF,24,127,1.000,0.0308179172257,0.0308170913602,0.917946636677,0.0435352843729,1,46667,82102,8.64871268126,9.73170492267
HPF,12,0,0.001,1.67786076844e-06,1.67796484595e-06,0.000919233774766,2.3722625226e-06,1,0,0,0.000590668706776,0.000418851033664
HPF,12,1,0.001,1.95282635414e-06,1.95289352717e-06,0.000919330690522,2.76112494644e-06,1,0,0,0.000647629397138,0.000487116277116
HPF,12,2,0.001,2.08885737529e-06,2.08890873888e-06,0.000919377605896,2.95349856298e-06,1,0,0,0.000673488531236,0.000521176958054
HPF,12,3,0.001,2.20401988309e-06,2.20405882751e-06,0.000919416605029,3.11635839136e-06,1,0,0,0.000694298870495,0.000549897367946
HPF,12,4,0.001,2.30935436073e-06,2.3093825992e-06,0.000919451587833,3.26531848009e-06,1,0,0,0.000712521734326,0.000576056658283
HPF,12,5,0.001,2.40911399288e-06,2.40913259272e-06,0.000919484009501,3.40639391794e-06,1,0,0,0.000734081200426,0.000600721409433
HPF,12,6,0.001,2.50547975839e-06,2.50548945429e-06,0.000919514684938,3.54266916587e-06,1,0,0,0.000763002309823,0.000624434820251
HPF,12,7,0.001,2.59975470665e-06,2.59975603474e-06,0.000919544021599,3.67598706705e-06,1,0,0,0.000790796145562,0.000647517988628
HPF,12,8,0.001,2.69279846295e-06,2.69279183071e-06,0.00091957236873,3.80756334814e-06,1,0,0,0.000817744711972,0.000670179527398
HPF,12,9,0.001,2.78522013243e-06,2.78520585626e-06,0.000919599900953,3.93825943487e-06,1,0,0,0.00084404225074,0.000693142073107
HPF,12,10,0.001,2.87747584858e-06,2.8774541784e-06,0.000919626734685,4.06872041077e-06,1,0,0,0.000869828941301,0.000736834968793
HPF,12,11,0.001,2.96992288089e-06,2.96989401551e-06,0.000919653044548,4.19945153918e-06,1,0,0,0.000895209610621,0.000784735897662
HPF,12,12,0.001,3.0628518681e-06,3.06281596837e-06,0.000919678830542,4.33086384952e-06,1,0,0,0.000920264867639,0.000834529330943
HPF,12,13,0.001,3.15650705082e-06,3.15646424488e-06,0.000919704209082,4.46330275146e-06,1,0,0,0.000947046671006,0.000886354820209
HPF,12,14,0.001,3.25109963002e-06,3.25105001505e-06,0.000919729238376,4.59706692718e-06,1,0,0,0.000975363083005,0.000940235011505
HPF,12,15,0.001,3.34681686726e-06,3.34676052373e-06,0.000919753860217,4.73242120158e-06,1,0,0,0.0010039827772,0.000996308718923
HPF,12,16,0.001,3.44382851777e-06,3.4437655052e-06,0.000919778249227,4.86960564023e-06,1,0,0,0.00103294591492,0.00105471351054
HPF,12,17,0.001,3.5422915208e-06,3.54222187795e-06,0.000919802347198,5.00884218278e-06,1,0,0,0.00106228786096,0.00111565887135
HPF,12,18,0.001,3.64235348191e-06,3.64227723778e-06,0.000919826154131,5.15033956778e-06,1,0,0,0.00109204015868,0.00117960014681
HPF,12,19,0.001,3.74415534505e-06,3.74407251123e-06,0.000919849786442,5.2942971117e-06,1,0,0,0.00112223125608,0.00124647204955
HPF,12,20,0.001,3.84783348663e-06,3.84774406078e-06,0.000919873185921,5.44090767043e-06,1,0,0,0.00115288705472,0.00131645594066
HPF,12,21,0.001,3.9535213842e-06,3.95342535754e-06,0.000919896352571,5.59035999922e-06,1,0,0,0.0011840313299,0.00138974086561
HPF,12,22,0.001,4.06135100319e-06,4.06124835493e-06,0.000919919344597,5.74284071386e-06,1,0,0,0.001215873578,0.00146652429072
HPF,12,23,0.001,4.171453921e-06,4.17134461577e-06,0.000919942162,5.89853588038e-06,1,0,0,0.00124871364337,0.00154706197169
HPF,12,24,0.001,4.28396233922e-06,4.28384633722e-06,0.00091996480478,6.05763244654e-06,1,0,0,0.00128225677926,0.00163164715201
HPF,12,25,0.001,4.39900992852e-06,4.39888717759e-06,0.000919987272937,6.22031943676e-06,1,0,0,0.00131653771841,0.00172046265833
HPF,12,26,0.001,4.51673260485e-06,4.51660304488e-06,0.000920009566471,6.38678904964e-06,1,0,0,0.00135159092585,0.00181376909974
HPF,12,27,0.001,4.63726925463e-06,4.63713281503e-06,0.000920031685382,6.55723768375e-06,1,0,0,0.00138745070211,0.00191185794621
HPF,12,28,0.001,4.76076237374e-06,4.76061897711e-06,0.000920053687878,6.73186684103e-06,1,0,0,0.00142415126344,0.00201504541605
HPF,12,29,0.001,4.88735870649e-06,4.88720826485e-06,0.000920075573958,6.91088403052e-06,1,0,0,0.00146186729753,0.00212364075928
HPF,12,30,0.001,5.01720987233e-06,5.0170522894e-06,0.000920097285416,7.09450365465e-06,1,0,0,0.0015005791486,0.00223798880914
HPF,12,31,0.001,5.15047295698e-06,5.15030813309e-06,0.000920118822251,7.28294784507e-06,1,0,0,0.00154029890659,0.00235845892763
HPF,12,32,0.001,5.28731111203e-06,5.2871389281e-06,0.00092014024267,7.4764473106e-06,1,0,0,0.00158107178469,0.00248544706215
HPF,12,33,0.001,5.42789419736e-06,5.42771453557e-06,0.000920161546674,7.67524224569e-06,1,0,0,0.00162294420123,0.00261937812173
HPF,12,34,0.001,5.57239937487e-06,5.57221209882e-06,0.000920182676055,7.87958317007e-06,1,0,0,0.00166599976678,0.00276070851692
HPF,12,35,0.001,5.7210117822e-06,5.72081675606e-06,0.00092020368902,8.08973188128e-06,1,0,0,0.00171030743796,0.00290992893812
HPF,12,36,0.001,5.87392519618e-06,5.87372226729e-06,0.00092022458557,8.30596239302e-06,1,0,0,0.00175589177725,0.00306756740663
HPF,12,37,0.001,6.03134275783e-06,6.03113176219e-06,0.000920245307498,8.52856196034e-06,1,0,0,0.00180281107022,0.00323419262319
HPF,12,38,0.001,6.19347771553e-06,6.19325848438e-06,0.00092026591301,8.7578321304e-06,1,0,0,0.00185112599537,0.00341041764711
HPF,12,39,0.001,6.36055423222e-06,6.36032658355e-06,0.000920286343899,8.99408988406e-06,1,0,0,0.00190093831446,0.00359690394237
HPF,12,40,0.001,6.53280820654e-06,6.5325719511e-06,0.00092030671658,9.237668797e-06,1,0,0,0.00195229557563,0.00379436583079
HPF,12,41,0.001,6.71048821926e-06,6.71024314954e-06,0.000920326914638,9.48892037798e-06,1,0,0,0.00200526554444,0.00400357539642
HPF,12,42,0.001,6.8938564783e-06,6.89360237787e-06,0.000920346938074,9.74821540517e-06,1,0,0,0.0020599243429,0.0042253678898
HPF,12,43,0.001,7.08318987524e-06,7.08292651694e-06,0.000920366845094,1.00159454202e-05,1,0,0,0.00211637481642,0.00446065015547
HPF,12,44,0.001,7.2787811129e-06,7.27850825224e-06,0.000920386635698,1.02925243225e-05,1,0,0,0.0021746940301,0.00471040331588
HPF,12,45,0.001,7.4809399312e-06,7.48065731086e-06,0.00092040625168,1.05783901029e-05,1,0,0,0.00223496718145,0.00497569180086
HPF,12,46,0.001,7.68999440936e-06,7.68970175823e-06,0.000920425751247,1.0874006685e-05,1,0,0,0.00229729314625,0.00525767250255
HPF,12,47,0.001,7.90629242796e-06,7.90598945917e-06,0.000920445134398,1.11798659923e-05,1,0,0,0.00236179201807,0.00555760349161
HPF,12,48,0.001,8.13020318914e-06,8.12988959882e-06,0.000920464342926,1.14964900982e-05,1,0,0,0.00242855774289,0.00587685432348
HPF,12,49,0.001,8.36211893993e-06,8.36179440617e-06,0.000920483435038,1.1824433663e-05,1,0,0,0.00249770583847,0.00621691754099
HPF,12,50,0.001,8.60245678987e-06,8.60212097894e-06,0.000920502352528,1.21642865036e-05,1,0,0,0.00256937621035,0.00657942154007
HPF,12,51,0.001,8.85166075961e-06,8.85131331219e-06,0.000920521095395,1.25166764909e-05,1,0,0,0.00264368878416,0.00696614497176
HPF,12,52,0.001,9.11020395521e-06,9.1098444783e-06,0.000920539721847,1.28822726239e-05,1,0,0,0.0027207832753,0.00737903289378
HPF,12,53,0.001,9.37859099796e-06,9.37821910475e-06,0.000920558231883,1.3261788466e-05,1,0,0,0.00280082256936,0.00782021491123
HPF,12,54,0.001,9.65736065906e-06,9.65697591822e-06,0.000920576567296,1.36559858703e-05,1,0,0,0.00288395529693,0.00829202558463
HPF,12,55,0.001,9.94708876657e-06,9.9466907308e-06,0.000920594728086,1.40656790904e-05,1,0,0,0.00297035817046,0.00879702742617
HPF,12,56,0.001,1.02483914308e-05,1.02479796225e-05,0.000920612714253,1.4491739341e-05,1,0,0,0.00306021632137,0.00933803685681
HPF,12,57,0.001,1.05619285105e-05,1.05615024216e-05,0.000920630584005,1.49350997e-05,1,0,0,0.00315372108768,0.00991815355655
HPF,12,58,0.001,1.08884075627e-05,1.08879666596e-05,0.000920648279134,1.53967606925e-05,1,0,0,0.00325109225142,0.0105407937113
HPF,12,59,0.001,1.12285880854e-05,1.12281317962e-05,0.000920665857848,1.58777962917e-05,1,0,0,0.00335254688195,0.0112097277432
HPF,12,60,0.001,1.15832862979e-05,1.15828140199e-05,0.000920683203731,1.63793606772e-05,1,0,0,0.0034583369787,0.0119291232115
HPF,12,61,0.001,1.19533804086e-05,1.19528914984e-05,0.000920700433198,1.69026956852e-05,1,0,0,0.00356871741671,0.0127035936883
HPF,12,62,0.001,1.23398164728e-05,1.23393102436e-05,0.000920717488043,1.74491390905e-05,1,0,0,0.00368397552174,0.0135382545538
HPF,12,63,0.001,1.27436148574e-05,1.27430905873e-05,0.000920734368265,1.80201337492e-05,1,0,0,0.00380441193728,0.0144387868265
HPF,12,64,0.001,1.31658775863e-05,1.31653344979e-05,0.000920751073863,1.86172379845e-05,1,0,0,0.00393035776471,0.0154115103414
HPF,12,65,0.001,1.36077963644e-05,1.36072336394e-05,0.000920767604839,1.92421369335e-05,1,0,0,0.0040621669104,0.0164634678349
HPF,12,66,0.001,1.40706616737e-05,1.40700784187e-05,0.000920784019399,1.98966554098e-05,1,0,0,0.00420022477614,0.0176025217847
HPF,12,67,0.001,1.45558729109e-05,1.4555268192e-05,0.000920800201129,2.05827722382e-05,1,0,0,0.0043449487693,0.018837466208
HPF,12,68,0.001,1.50649498301e-05,1.50643226469e-05,0.000920816208236,2.13026364356e-05,1,0,0,0.00449679117237,0.020178156048
HPF,12,69,0.001,1.55995453606e-05,1.55988946194e-05,0.00092083204072,2.20585853356e-05,1,0,0,0.00465624615402,0.0216356573014
HPF,12,70,0.001,1.61614600641e-05,1.61607846181e-05,0.00092084769858,2.28531650329e-05,1,0,0,0.00482384872857,0.0232224216748
HPF,12,71,0.001,1.67526585282e-05,1.67519571413e-05,0.000920863123611,2.36891535631e-05,1,0,0,0.0050001863501,0.0249524903411
HPF,12,72,0.001,1.73752879094e-05,1.73745592363e-05,0.000920878432225,2.45695871249e-05,1,0,0,0.00518589748041,0.0268417323247
HPF,12,73,0.001,1.80316989768e-05,1.80309416026e-05,0.00092089350801,2.54977898363e-05,1,0,0,0.00538168321837,0.0289081242327
HPF,12,74,0.001,1.87244700988e-05,1.87236824697e-05,0.000920908409171,2.64774076531e-05,1,0,0,0.00558831312459,0.0311720795208
HPF,12,75,0.001,1.94564345711e-05,1.94556150269e-05,0.000920923135709,2.75124470124e-05,1,0,0,0.00580662687715,0.0336568373117
HPF,12,76,0.001,2.02307120138e-05,2.02298587622e-05,0.000920937687624,2.86073192302e-05,1,0,0,0.00603756278242,0.0363889230812
HPF,12,77,0.001,2.10507442494e-05,2.10498553386e-05,0.000920952006709,2.97668912341e-05,1,0,0,0.00628213392019,0.0393986964003
HPF,12,78,0.001,2.1920336739e-05,2.19194100644e-05,0.000920966092963,3.09965441571e-05,1,0,0,0.00654148573414,0.0427210045597
HPF,12,79,0.001,2.28437063061e-05,2.28427395783e-05,0.000920980004594,3.2302240821e-05,1,0,0,0.00681686673534,0.0463959655136
HPF,12,80,0.001,2.38255365855e-05,2.38245273211e-05,0.000920993741602,3.36906041449e-05,1,0,0,0.00710966714964,0.0504699094536
HPF,12,81,0.001,2.48710422716e-05,2.48699877502e-05,0.000921007245779,3.51690079955e-05,1,0,0,0.00742145037583,0.0549965158632
HPF,12,82,0.001,2.5986044261e-05,2.59849415146e-05,0.000921020575333,3.67456834428e-05,1,0,0,0.00775394284688,0.0600381926114
HPF,12,83,0.001,2.71770573478e-05,2.71759031495e-05,0.000921033672057,3.84298427665e-05,1,0,0,0.00810907818214,0.0656677562368
HPF,12,84,0.001,2.84513935792e-05,2.8450184384e-05,0.00092104653595,4.02318256062e-05,1,0,0,0.00848903162274,0.0719704889989
HPF,12,85,0.001,2.98172840042e-05,2.98160158786e-05,0.000921059167013,4.21632711205e-05,1,0,0,0.00889625076748,0.0790466698396
HPF,12,86,0.001,3.1284022974e-05,3.12826916407e-05,0.000921071623452,4.42373220368e-05,1,0,0,0.00933349815612,0.0870147049001
HPF,12,87,0.001,3.28621399078e-05,3.2860740593e-05,0.000921083847061,4.64688675363e-05,1,0,0,0.00980390153541,0.096015021183
HPF,12,88,0.001,3.45636046374e-05,3.45621320867e-05,0.000921095837839,4.88748336239e-05,1,0,0,0.0103112166043,0.106214937838
HPF,12,89,0.001,3.64020743778e-05,3.64005227525e-05,0.000921107653994,5.14745323573e-05,1,0,0,0.0108596560373,0.11781479833
HPF,12,90,0.001,3.83931917081e-05,3.83915544648e-05,0.000921119179111,5.42900832089e-05,1,0,0,0.0114536322132,0.131055740509
HPF,12,91,0.001,4.0554947003e-05,4.05532168669e-05,0.000921130471397,5.73469255643e-05,1,0,0,0.0120985118799,0.146229610499
HPF,12,92,0.001,4.29081211054e-05,4.29062898954e-05,0.00092114158906,6.06744446851e-05,1,0,0,0.0128004941887,0.16369170524
HPF,12,93,0.001,4.54768297169e-05,4.5474888221e-05,0.000921152415685,6.43067415079e-05,1,0,0,0.0135667730562,0.18387727925
HPF,12,94,0.001,4.82891974017e-05,4.82871352086e-05,0.00092116300948,6.82835857228e-05,1,0,0,0.0144057381016,0.207323106338
HPF,12,95,0.001,5.13781980183e-05,5.1376003288e-05,0.000921173370443,7.26516041901e-05,1,0,0,0.0153272250122,0.234695895637
HPF,12,96,0.001,5.47827106897e-05,5.47803699842e-05,0.000921183498576,7.74657741412e-05,1,0,0,0.0163428296683,0.266830098586
HPF,12,97,0.001,5.85488572436e-05,5.85463550588e-05,0.000921193393879,8.27913143923e-05,1,0,0,0.0174663049944,0.304778725728
HPF,12,98,0.001,6.27317117973e-05,6.27290302982e-05,0.000921202998143,8.87061027927e-05,1,0,0,0.0187140713018,0.349882402791
HPF,12,99,0.001,6.7397506099e-05,6.73946246773e-05,0.000921212369576,9.53037946989e-05,1,0,0,0.0201058535083,0.403864327737
HPF,12,100,0.001,7.26265039459e-05,7.26233985171e-05,0.000921221449971,0.000102697887561,1,0,0,0.0216655185887,0.46896252214
HPF,12,101,0.001,7.85167902844e-05,7.85134325364e-05,0.000921230297536,0.000111027078921,1,0,0,0.0234226628365,0.548116594338
HPF,12,102,0.001,8.51893253613e-05,8.51856819171e-05,0.000921238854062,0.000120462413261,1,0,0,0.0254131649524,0.645235491863
HPF,12,103,0.001,9.27947774068e-05,9.27908082614e-05,0.00092124711955,0.000131216943793,1,0,0,0.0276819608398,0.765587744123
HPF,12,104,0.001,0.000101522893835,0.00010151855105,0.000921255152207,0.000143558983861,1,0,0,0.0302856341774,0.916380614531
HPF,12,105,0.001,0.000111615561569,0.00011161078674,0.000921262893826,0.000157830574958,1,0,0,0.0332963958267,1.10763692486
HPF,12,106,0.001,0.000123385333195,0.000123380054617,0.000921270344406,0.000174473683735,1,0,0,0.0368074672709,1.35355221852
HPF,12,107,0.001,0.000137242230303,0.000137236358656,0.000921277503949,0.000194068103404,1,0,0,0.0409411558316,1.67464779693
HPF,12,108,0.001,0.00015373338804,0.000153726810678,0.000921284372453,0.00021738751334,1,0,0,0.0458606846035,2.10128206828
HPF,12,109,0.001,0.000173603175673,0.000173595748015,0.000921290891711,0.000245484492871,1,0,0,0.0517881028306,2.67955882458
HPF,12,110,0.001,0.000197886992801,0.000197878526097,0.000921297178138,0.000279823154319,1,0,0,0.0590322842887,3.48162882984
HPF,12,111,0.001,0.000228062463931,0.000228052706024,0.000921303057112,0.000322492940495,1,0,0,0.0680340234593,4.62440224042
HPF,12,112,0.001,0.000266302566713,0.000266291172677,0.000921308645047,0.00037656656203,1,0,0,0.0794415480126,6.30519741964
HPF,12,113,0.001,0.000315918753205,0.000315905236393,0.000921313883737,0.000446726595355,1,0,14154,0.0942427076768,8.06754850413
HPF,12,114,0.001,0.000382179140992,0.000382162789176,0.00092131877318,0.000540422450229,1,0,20178,0.114009051145,8.13225550977
HPF,12,115,0.001,0.000473920544263,0.000473900252587,0.000921323313378,0.000670149870858,1,0,23343,0.141376720254,8.17741270367
HPF,12,116,0.001,0.000606991868547,0.00060696529763,0.000921327446122,0.000858320086595,1,0,25894,0.181073818504,8.21932276399
HPF,12,117,0.001,0.000812402497135,0.000812348990512,0.00114882644266,0.00114878208015,1,0,28355,0.242356061462,8.26570911315
HPF,12,118,0.001,0.00115817465142,0.00115767573519,0.00163842109032,0.00163772273743,1,0,31034,0.345644553828,8.32490208588
HPF,12,119,0.001,0.00181505680955,0.00180707749769,0.00258029205725,0.00256654698755,1,0,34344,0.544351169305,8.41060641921
HPF,12,120,0.001,0.00324555446503,0.00315206955079,0.00478041125461,0.00458665628839,1,0,38912,1.0085864116,8.55938571095
HPF,12,121,0.001,0.0064079064344,0.00576687357253,0.0105582829565,0.00900445383183,1,0,45039,2.22827607797,8.83060236786
HPF,12,122,0.001,0.010491554457,0.00865099805877,0.0193868558854,0.0145707158564,1,0,50125,4.09392356775,9.12903315541
HPF,12,123,0.001,0.0273104417094,0.0273122691304,0.0386061035097,0.0385345380613,1,20170,75091,8.15661071185,9.62458103611
HPF,12,124,0.001,0.0274816902339,0.0274863345641,0.0388188436627,0.0376157259512,1,24995,77239,8.2144310439,9.64112079336
HPF,12,125,0.001,0.0276080283187,0.0276075598326,0.0389564707875,0.0308864877578,1,27798,78415,8.25754944716,9.65632066832
HPF,12,126,0.001,0.0277240514298,0.0277215692711,0.0390564389527,0.0173191225298,1,29980,79174,8.29410537535,9.67085067509
HPF,12,127,0.001,0.0278215139167,0.0278214499872,0.0391349568963,0.00383595998657,1,31779,79769,8.32605876589,9.68501607006
HPF,12,0,1.000,0.00167786076865,0.00167796484578,0.918051660061,0.0023722625229,1,0,0,0.590668706109,0.418851036983
HPF,12,1,1.000,0.00195282635535,0.00195289352838,0.918136894703,0.00276112494813,1,0,0,0.647629396301,0.487116278175
HPF,12,2,1.000,0.00208885737476,0.0020889087395,0.918178200722,0.00295349856221,1,0,0,0.673488530319,0.521176959238
HPF,12,3,1.000,0.00220401988351,0.00220405882909,0.918212413788,0.00311635839196,1,0,0,0.694298869512,0.549897369238
HPF,12,4,1.000,0.00230935436123,0.00230938259987,0.91824311018,0.00326531848078,1,0,0,0.712521733283,0.576056659675
HPF,12,5,1.000,0.00240911399313,0.00240913259407,0.9182716012,0.00340639391827,1,0,0,0.734081205335,0.600721410922
HPF,12,6,1.000,0.0025054797576,0.00250548945385,0.9182985425,0.00354266916473,1,0,0,0.763002314851,0.624434821835
HPF,12,7,1.000,0.00259975470677,0.00259975603534,0.918324351311,0.0036759870672,1,0,0,0.790796150704,0.647517990304
HPF,12,8,1.000,0.00269279846367,0.00269279183158,0.918349206448,0.00380756334915,1,0,0,0.817744717222,0.670179529168
HPF,12,9,1.000,0.00278522013378,0.00278520585715,0.918373346329,0.00393825943679,1,0,0,0.844042256092,0.693142068805
HPF,12,10,1.000,0.0028774758487,0.00287745417784,0.918396949768,0.00406872041094,1,0,0,0.869828946753,0.736834964398
HPF,12,11,1.000,0.00296992288309,0.00296989401823,0.918420016766,0.00419945154229,1,0,0,0.895209616169,0.78473589318
HPF,12,12,1.000,0.00306285186776,0.00306281596831,0.918442606926,0.00433086384904,1,0,0,0.92026487328,0.834529330644
HPF,12,13,1.000,0.00315650705041,0.00315646424268,0.918464899063,0.00446330275087,1,0,0,0.947046667047,0.886354819793
HPF,12,14,1.000,0.0032510996315,0.00325105001639,0.918486773968,0.00459706692926,1,0,0,0.975363079049,0.940235010971
HPF,12,15,1.000,0.0033468168675,0.00334676052328,0.918508410454,0.00473242120191,1,0,0,1.00398277325,0.996308718272
HPF,12,16,1.000,0.00344382851796,0.00344376550501,0.918529748917,0.00486960564049,1,0,0,1.03294591098,1.05471350977
HPF,12,17,1.000,0.00354229152205,0.00354222187968,0.918550908566,0.00500884218453,1,0,0,1.06228785703,1.11565888268
HPF,12,18,1.000,0.00364235348232,0.00364227724079,0.918571770191,0.00515033956835,1,0,0,1.09204015477,1.17960015872
HPF,12,19,1.000,0.00374415534451,0.0037440725094,0.918592453003,0.00529429711093,1,0,0,1.12223125219,1.24647206203
HPF,12,20,1.000,0.00384783348526,0.0038477440618,0.918612957001,0.00544090766849,1,0,0,1.15288705085,1.31645595374
HPF,12,21,1.000,0.00395352138514,0.00395342535862,0.91863322258,0.00559036000055,1,0,0,1.18403132606,1.38974087931
HPF,12,22,1.000,0.00406135100219,0.00406124835319,0.91865336895,0.00574284071246,1,0,0,1.21587359164,1.46652430503
HPF,12,23,1.000,0.00417145392174,0.0041713446174,0.918673336506,0.00589853588142,1,0,0,1.24871365715,1.54706197964
HPF,12,24,1.000,0.00428396233774,0.00428384633548,0.918693184853,0.00605763244446,1,0,0,1.28225679318,1.63164716068
HPF,12,25,1.000,0.00439900992637,0.00439888717628,0.918712854385,0.00622031943371,1,0,0,1.31653773246,1.72046266775
HPF,12,26,1.000,0.00451673260731,0.00451660304708,0.918732345104,0.00638678905314,1,0,0,1.35159094003,1.81376910996
HPF,12,27,1.000,0.00463726925375,0.00463713281487,0.918751716614,0.00655723768248,1,0,0,1.38745071642,1.91185793465
HPF,12,28,1.000,0.00476076237487,0.00476061897722,0.918770968914,0.00673186684261,1,0,0,1.42415127788,2.0150454042
HPF,12,29,1.000,0.00488735870746,0.00488720826714,0.918790102005,0.00691088403189,1,0,0,1.46186731845,2.12364074713
HPF,12,30,1.000,0.00501720987214,0.00501705228978,0.918809115887,0.00709450365439,1,0,0,1.50057916991,2.23798879695
HPF,12,31,1.000,0.00515047295516,0.00515030812984,0.918827950954,0.0072829478425,1,0,0,1.54029892831,2.35845891319
HPF,12,32,1.000,0.00528731111521,0.00528713893049,0.918846666813,0.00747644731509,1,0,0,1.58107180682,2.48544704724
HPF,12,33,1.000,0.00542789419759,0.00542771453572,0.918865263462,0.00767524224602,1,0,0,1.62294422377,2.61937810634
HPF,12,34,1.000,0.00557239937704,0.00557221210352,0.918883800507,0.00787958317313,1,0,0,1.66599977717,2.76070850103
HPF,12,35,1.000,0.00572101178041,0.00572081675392,0.918902158737,0.00808973187875,1,0,0,1.7103074487,2.90992892173
HPF,12,36,1.000,0.00587392519505,0.00587372226441,0.918920397758,0.00830596239144,1,0,0,1.75589178835,3.06756738974
HPF,12,37,1.000,0.00603134275748,0.0060311317627,0.91893851757,0.00852856195984,1,0,0,1.80281108169,3.23419260578
HPF,12,38,1.000,0.00619347771946,0.00619325848895,0.918956518173,0.00875783213596,1,0,0,1.85112600723,3.41041762917
HPF,12,39,1.000,0.00636055423145,0.00636032658685,0.918974399567,0.00899408988298,1,0,0,1.90093831762,3.5969039239
HPF,12,40,1.000,0.00653280820783,0.00653257195103,0.918992102146,0.00923766879883,1,0,0,1.95229557907,3.79436581177
HPF,12,41,1.000,0.00671048821974,0.00671024315113,0.919009745121,0.00948892037863,1,0,0,2.00526554817,4.00357537686
HPF,12,42,1.000,0.00689385647787,0.00689360237511,0.919027268887,0.00974821540455,1,0,0,2.05992434695,4.2253678697
HPF,12,43,1.000,0.00708318987339,0.00708292651257,0.919044673443,0.0100159454176,1,0,0,2.11637481179,4.46065014578
HPF,12,44,1.000,0.00727878111013,0.00727850824836,0.91906195879,0.0102925243186,1,0,0,2.17469402561,4.71040330678
HPF,12,45,1.000,0.00748093992791,0.00748065730717,0.919079065323,0.0105783900983,1,0,0,2.23496717711,4.9756917924
HPF,12,46,1.000,0.00768999441073,0.00768970175918,0.919096112251,0.0108740066869,1,0,0,2.29729315752,5.25767249481
HPF,12,47,1.000,0.00790629243058,0.00790598946489,0.919112980366,0.011179865996,1,0,0,2.36179202939,5.55760348464
HPF,12,48,1.000,0.00813020318975,0.00812988960124,0.919129729271,0.0114964900991,1,0,0,2.42855775428,5.87685431642
HPF,12,49,1.000,0.00836211893796,0.00836179440909,0.919146358967,0.0118244336602,1,0,0,2.49770584993,6.2169175338
HPF,12,50,1.000,0.00860245678913,0.00860212097815,0.919162869453,0.0121642865026,1,0,0,2.56937619771,6.57942153273
HPF,12,51,1.000,0.0088516607592,0.00885131330792,0.919179260731,0.0125166764903,1,0,0,2.6436887714,6.96614496424
HPF,12,52,1.000,0.00911020395403,0.00910984447872,0.919195532799,0.0128822726222,1,0,0,2.7207832681,7.37903288603
HPF,12,53,1.000,0.00937859099318,0.00937821909666,0.919211626053,0.0132617884592,1,0,0,2.8008225619,7.82021490323
HPF,12,54,1.000,0.00965736065023,0.00965697591378,0.919227600098,0.0136559858578,1,0,22408,2.8839552892,8.14641811571
HPF,12,55,1.000,0.00994708876693,0.00994669073005,0.919243454933,0.0140656790909,1,0,29108,2.97035814568,8.25221677335
HPF,12,56,1.000,0.0102483914268,0.0102479796175,0.919259130955,0.0144917393355,1,0,33069,3.06021629624,8.3262094294
HPF,12,57,1.000,0.0105619285067,0.0105615024198,0.919274687767,0.0149350996945,1,0,36123,3.15372110139,8.3890055269
HPF,12,58,1.000,0.0108884075644,0.0108879666604,0.91929012537,0.015396760695,1,0,38710,3.25109226492,8.44515818059
HPF,12,59,1.000,0.0112285880826,0.0112281317914,0.919305443764,0.0158777962878,1,0,41020,3.35254689523,8.4965042261
HPF,12,60,1.000,0.0115832863035,0.0115828140249,0.919320583344,0.0163793606851,1,0,43138,3.45833699864,8.54426001317
HPF,12,61,1.000,0.0119533804095,0.0119528914962,0.919335544109,0.0169026956864,1,0,45112,3.56871743705,8.58958819197
HPF,12,62,1.000,0.0123398164658,0.0123393102383,0.919350445271,0.0174491390807,1,0,46976,3.6839755164,8.633042961
HPF,12,63,1.000,0.0127436148622,0.0127430905935,0.919365108013,0.0180201337559,1,0,48748,3.80441193241,8.67467633973
HPF,12,64,1.000,0.0131658775869,0.0131653345038,0.919379651546,0.0186172379853,1,0,50458,3.93035776979,8.71505710896
HPF,12,65,1.000,0.0136077963687,0.0136072336448,0.919394075871,0.0192421369396,1,0,52093,4.06216691581,8.7546309154
HPF,12,66,1.000,0.0140706616712,0.0140700784241,0.919408321381,0.0198966554064,1,0,53686,4.20022478532,8.79340759555
HPF,12,67,1.000,0.0145558729153,0.0145552681914,0.919422447681,0.0205827722444,1,0,55226,4.34494877875,8.83144290493
HPF,12,68,1.000,0.0150649498319,0.0150643226423,0.919436335564,0.021302636438,1,0,56711,4.49679118287,8.86907596391
HPF,12,69,1.000,0.0155995453595,0.0155988946107,0.919450163841,0.022058585334,1,0,58163,4.65624616487,8.90650626266
HPF,12,70,1.000,0.0161614600615,0.0161607846155,0.9194637537,0.0228531650291,1,0,59601,4.82384874117,8.94386688336
HPF,12,71,1.000,0.0167526585327,0.0167519571469,0.91947722435,0.0236891535694,1,0,61004,5.00018636312,8.98106386856
HPF,12,72,1.000,0.0173752879092,0.0173745592476,0.919490516186,0.0245695871246,1,0,62366,5.18589749939,9.01828937835
HPF,12,73,1.000,0.0180316989813,0.0180309416085,0.919503629208,0.0254977898426,1,0,63726,5.38168323806,9.05575732829
HPF,12,74,1.000,0.0187244700983,0.0187236824765,0.91951662302,0.0264774076524,1,0,65061,5.58831312196,9.09364407671
HPF,12,75,1.000,0.0194564345663,0.0194556150237,0.919529438019,0.0275124470057,1,0,66384,5.80662687504,9.13190808813
HPF,12,76,1.000,0.0202307120254,0.0202298587654,0.919542074203,0.0286073192466,1,0,67677,6.03756280969,9.17059214505
HPF,12,77,1.000,0.0210507442555,0.0210498553541,0.91955447197,0.0297668912428,1,0,68978,6.28213395993,9.20989802605
HPF,12,78,1.000,0.0219203367252,0.0219194100555,0.919566810131,0.0309965441375,1,0,70254,6.54148577467,9.24994789573
HPF,12,79,1.000,0.0228437062946,0.0228427395717,0.919578909874,0.0323022408047,1,0,71529,6.8168667626,9.29095603745
HPF,12,80,1.000,0.0238255365764,0.0238245273082,0.919590830803,0.0336906041321,1,0,72803,7.10966715529,9.33298140904
HPF,12,81,1.000,0.0248710422769,0.0248699877595,0.919602572918,0.0351690080029,1,0,74077,7.42145038248,9.37597757553
HPF,12,82,1.000,0.0259860442529,0.0259849415057,0.919614136219,0.0367456834314,1,0,75337,7.75394284447,9.4202079268
HPF,12,83,1.000,0.0270096798504,0.0270085362346,0.919625520706,0.0381931601394,1,14448,76467,8.06187581329,9.46062319961
HPF,12,84,1.000,0.0272393735575,0.0272382437614,0.919636666775,0.0385179332676,1,21345,76818,8.13641300095,9.47547825659
HPF,12,85,1.000,0.0273734858755,0.027372378999,0.919647693634,0.0387075163386,1,24393,77087,8.17861741827,9.4871710542
HPF,12,86,1.000,0.0274785209297,0.0274774503436,0.919658482075,0.0388559540988,1,26466,77340,8.20912577895,9.49776236207
HPF,12,87,1.000,0.0275686192277,0.0275675895635,0.919669151306,0.0389832463331,1,28086,77560,8.23679664637,9.507755742
HPF,12,88,1.000,0.0276494385385,0.0276484479365,0.919679582119,0.0390973974806,1,29426,77765,8.26111523174,9.51732191427
HPF,12,89,1.000,0.0277238521751,0.0277229054096,0.919689774513,0.039202474103,1,30561,77954,8.28311272741,9.52654070742
HPF,12,90,1.000,0.0277935027153,0.0277926075957,0.919699847698,0.0393008020062,1,31562,78144,8.30309273052,9.53544136684
HPF,12,91,1.000,0.0278594074061,0.0278585692023,0.91970962286,0.0393938223007,1,32453,78338,8.32130996015,9.54407933625
HPF,12,92,1.000,0.0279222370249,0.0279214559721,0.919719278812,0.0394824858317,1,33264,78512,8.33811975436,9.55246097628
HPF,12,93,1.000,0.027982450677,0.0279817242524,0.919728696346,0.0395674439009,1,34020,78684,8.35376278529,9.56059067191
HPF,12,94,1.000,0.028040371555,0.0280397000431,0.919737935066,0.0396491553273,1,34714,78847,8.36840508736,9.56849164051
HPF,12,95,1.000,0.0280962305278,0.0280956181614,0.919746935368,0.0397279481082,1,35352,79004,8.38216724445,9.57616879513
HPF,12,96,1.000,0.0281501926182,0.0281496443185,0.91975569725,0.0398040569381,1,35951,79153,8.39515066484,9.58359736466
HPF,12,97,1.000,0.0282023770557,0.0282018947681,0.919764280319,0.0398776516026,1,36498,79308,8.40744288136,9.59069620073
HPF,12,98,1.000,0.0282528707012,0.0282524527012,0.919772624969,0.0399488559773,1,37013,79464,8.41910145697,9.59747511276
HPF,12,99,1.000,0.0283017363154,0.0283013805124,0.919780731201,0.0400177597338,1,37501,79598,8.43017253332,9.60394995601
HPF,12,100,1.000,0.028349017884,0.0283487238916,0.919788658619,0.040084425867,1,37966,79734,8.44069481839,9.61012136071
HPF,12,101,1.000,0.0283947447173,0.0283945135015,0.919796288013,0.0401488965262,1,38401,79860,8.45069156099,9.61600868745
HPF,12,102,1.000,0.0284389347829,0.0284387665829,0.919803738594,0.0402111977559,1,38799,79987,8.46013668764,9.62163522421
HPF,12,103,1.000,0.0284815973639,0.0284814909692,0.919810950756,0.0402713432372,1,39184,80109,8.46907428256,9.62700761052
HPF,12,104,1.000,0.0285227342662,0.0285226879076,0.919817864895,0.0403293360121,1,39554,80222,8.47752323558,9.63213513145
HPF,12,105,1.000,0.0285623407744,0.0285623535105,0.91982460022,0.0403851698593,1,39900,80335,8.48551690705,9.63702511751
HPF,12,106,1.000,0.0286004066374,0.0286004783171,0.919831097126,0.0404388306806,1,40223,80447,8.49307169496,9.64168316183
HPF,12,107,1.000,0.0286369165975,0.0286370468432,0.919837296009,0.0404902972637,1,40525,80546,8.50020573259,9.6461126694
HPF,12,108,1.000,0.0286718507304,0.0286720374757,0.919843256474,0.0405395417666,1,40811,80634,8.50693540593,9.65031262587
HPF,12,109,1.000,0.0287051845431,0.0287054247425,0.919848918915,0.0405865298635,1,41085,80724,8.51327765422,9.65427841359
HPF,12,110,1.000,0.0287368886911,0.028737178921,0.919854342937,0.0406312203511,1,41337,80810,8.51923821126,9.65803060066
HPF,12,111,1.000,0.0287669285153,0.028767265875,0.919859468937,0.0406735645066,1,41586,80906,8.52482315949,9.66153475645
HPF,12,112,1.000,0.0287952634101,0.0287956462069,0.919864296913,0.0407135051929,1,41813,80988,8.53003708166,9.66478103132
HPF,12,113,1.000,0.0288218455227,0.0288222726482,0.919868826866,0.0407509750333,1,42017,81060,8.53488204464,9.66779212937
HPF,12,114,1.000,0.028846618443,0.0288470885459,0.919873118401,0.0407858945697,1,42204,81122,8.53936002915,9.67056995893
HPF,12,115,1.000,0.0288695147049,0.0288700257434,0.919877052307,0.0408181687477,1,42374,81177,8.54346767672,9.67310883264
HPF,12,116,1.000,0.0288904524281,0.0288910013368,0.919880628586,0.0408476821832,1,42527,81226,8.54719552597,9.67542160185
HPF,12,117,1.000,0.0289093297381,0.0289099126346,0.919883847237,0.0408742912952,1,42660,81274,8.55053308022,9.67749004077
HPF,12,118,1.000,0.0289260155739,0.0289266280921,0.91988670826,0.0408978113531,1,42776,81325,8.55347165761,9.67930704326
HPF,12,119,1.000,0.0289403328333,0.0289409702409,0.91988915205,0.0409179927205,1,42876,81368,8.55597607991,9.68085615606
HPF,12,120,1.000,0.0289520233208,0.0289526806862,0.919891178608,0.0409344714469,1,42955,81401,8.55801805341,9.68212113609
HPF,12,121,1.000,0.0289606554413,0.02896132729,0.919892668724,0.040946639156,1,43020,81426,8.55951860669,9.6830503023
HPF,12,122,1.000,0.0289651752383,0.0289658545925,0.919893443584,0.040953010198,1,43051,81438,8.56030185771,9.68353634114
HPF,12,123,1.000,0.0290688236006,0.0290696786215,0.919911324978,0.0410991123869,1,43785,81699,8.57802050907,9.69452012985
HPF,12,124,1.000,0.0291802952191,0.029181362438,0.919930517673,0.0412562450562,1,44525,82008,8.59653682816,9.70608606047
HPF,12,125,1.000,0.0292920296423,0.0292932950507,0.919949889183,0.0414137524291,1,45274,82274,8.61448733616,9.71751866809
HPF,12,126,1.000,0.0294039966262,0.029405480147,0.919969379902,0.0415715930893,1,45969,82560,8.63185531898,9.72862885242
HPF,12,127,1.000,0.0295161607904,0.0295178502571,0.919988930225,0.0417297180733,1,46667,82833,8.64871268126,9.73949288322
HPF,24,0,0.001,1.39796401837e-06,1.39822479368e-06,0.00091806659475,1.97684975546e-06,1,0,0,0.000590668706776,0.000418851033664
HPF,24,1,0.001,1.62703879794e-06,1.62727919708e-06,0.000918036326766,2.30090177723e-06,1,0,0,0.000647629397138,0.000487116277116
HPF,24,2,0.001,1.74036787129e-06,1.74060112701e-06,0.000918026140425,2.46121312375e-06,1,0,0,0.000673488531236,0.000521176958054
HPF,24,3,0.001,1.83631159509e-06,1.83653996073e-06,0.000918019388337,2.59692964921e-06,1,0,0,0.000694298870495,0.000549897367946
HPF,24,4,0.001,1.92406773837e-06,1.92429241528e-06,0.000918014498893,2.7210630551e-06,1,0,0,0.000712521734326,0.000576056658283
HPF,24,5,0.001,2.00717961246e-06,2.00740139684e-06,0.000918010948226,2.83862592256e-06,1,0,0,0.000734081200426,0.000600721409433
HPF,24,6,0.001,2.08746417333e-06,2.08768365273e-06,0.000918008270673,2.95218862694e-06,1,0,0,0.000763002309823,0.000624434820251
HPF,24,7,0.001,2.16600699058e-06,2.1662246247e-06,0.000918006349821,3.06328687862e-06,1,0,0,0.000790796145562,0.000647517988628
HPF,24,8,0.001,2.24352421277e-06,2.24374038386e-06,0.000918005069252,3.17293378093e-06,1,0,0,0.000817744711972,0.000670179527398
HPF,24,9,0.001,2.32052328371e-06,2.32073831887e-06,0.000918004254345,3.2818471891e-06,1,0,0,0.00084404225074,0.000693142073107
HPF,24,10,0.001,2.46708032398e-06,2.46729395909e-06,0.000918003730476,3.48914734337e-06,1,0,0,0.000869828941301,0.000736834968793
HPF,24,11,0.001,2.62814752867e-06,2.62836061441e-06,0.000918004254345,3.71696985039e-06,1,0,0,0.000895209610621,0.000784735897662
HPF,24,12,0.001,2.79518842368e-06,2.7954018443e-06,0.000918005884159,3.95324022635e-06,1,0,0,0.000920264867639,0.000834529330943
HPF,24,13,0.001,2.9687424117e-06,2.96895699254e-06,0.000918008445296,4.19872153984e-06,1,0,0,0.000947046671006,0.000886354820209
HPF,24,14,0.001,3.14934018098e-06,3.14955670276e-06,0.000918011879548,4.45416450471e-06,1,0,0,0.000975363083005,0.000940235011505
HPF,24,15,0.001,3.33751367378e-06,3.33773288642e-06,0.000918016186915,4.72032158629e-06,1,0,0,0.0010039827772,0.000996308718923
HPF,24,16,0.001,3.53380368245e-06,3.53402630611e-06,0.000918021250982,4.99795775033e-06,1,0,0,0.00103294591492,0.00105471351054
HPF,24,17,0.001,3.73876595209e-06,3.73899270084e-06,0.000918027071748,5.2878590981e-06,1,0,0,0.00106228786096,0.00111565887135
HPF,24,18,0.001,3.95297632486e-06,3.95320789904e-06,0.000918033591006,5.59084014494e-06,1,0,0,0.00109204015868,0.00117960014681
HPF,24,19,0.001,4.17703529488e-06,4.17727239181e-06,0.000918040750548,5.90775026484e-06,1,0,0,0.00112223125608,0.00124647204955
HPF,24,20,0.001,4.41157222463e-06,4.41181554701e-06,0.000918048550375,6.23947965538e-06,1,0,0,0.00115288705472,0.00131645594066
HPF,24,21,0.001,4.65724935837e-06,4.65749961029e-06,0.000918056932278,6.58696501553e-06,1,0,0,0.0011840313299,0.00138974086561
HPF,24,22,0.001,4.91476580462e-06,4.91502370705e-06,0.00091806583805,6.95119517922e-06,1,0,0,0.001215873578,0.00146652429072
HPF,24,23,0.001,5.18486153551e-06,5.1851278224e-06,0.000918075384106,7.33321677272e-06,1,0,0,0.00124871364337,0.00154706197169
HPF,24,24,0.001,5.46832152096e-06,5.4685969431e-06,0.000918085395824,7.73414006256e-06,1,0,0,0.00128225677926,0.00163164715201
HPF,24,25,0.001,5.76598002842e-06,5.76626536333e-06,0.000918095873203,8.15514503736e-06,1,0,0,0.00131653771841,0.00172046265833
HPF,24,26,0.001,6.07872517818e-06,6.0790212231e-06,0.000918106874451,8.59748785119e-06,1,0,0,0.00135159092585,0.00181376909974
HPF,24,27,0.001,6.40750377077e-06,6.40781135752e-06,0.000918118283153,9.06250765168e-06,1,0,0,0.00138745070211,0.00191185794621
HPF,24,28,0.001,6.75332648774e-06,6.75364648192e-06,0.000918130157515,9.5516339361e-06,1,0,0,0.00142415126344,0.00201504541605
HPF,24,29,0.001,7.11727349201e-06,7.11760679254e-06,0.00091814249754,1.00663944725e-05,1,0,0,0.00146186729753,0.00212364075928
HPF,24,30,0.001,7.50050045588e-06,7.50084800908e-06,0.00091815518681,1.0608423826e-05,1,0,0,0.0015005791486,0.00223798880914
HPF,24,31,0.001,7.90424514057e-06,7.90460793172e-06,0.000918168225326,1.11794726646e-05,1,0,0,0.00154029890659,0.00235845892763
HPF,24,32,0.001,8.32983453693e-06,8.33021360998e-06,0.000918181671295,1.17814178589e-05,1,0,0,0.00158107178469,0.00248544706215
HPF,24,33,0.001,8.77869267482e-06,8.77908911787e-06,0.000918195466511,1.24162735281e-05,1,0,0,0.00162294420123,0.00261937812173
HPF,24,34,0.001,9.25234913832e-06,9.25276410673e-06,0.000918209610973,1.30862030831e-05,1,0,0,0.00166599976678,0.00276070851692
HPF,24,35,0.001,9.75244838802e-06,9.75288309916e-06,0.00091822410468,1.37935324123e-05,1,0,0,0.00171030743796,0.00290992893812
HPF,24,36,0.001,1.02807600382e-05,1.028121578e-05,0.000918238831218,1.45407644172e-05,1,0,0,0.00175589177725,0.00306756740663
HPF,24,37,0.001,1.08391900537e-05,1.08396681942e-05,0.000918253907003,1.53305948489e-05,1,0,0,0.00180281107022,0.00323419262319
HPF,24,38,0.001,1.14297931477e-05,1.14302951378e-05,0.000918269273825,1.61659298435e-05,1,0,0,0.00185112599537,0.00341041764711
HPF,24,39,0.001,1.20547864111e-05,1.20553137919e-05,0.000918284873478,1.70499051994e-05,1,0,0,0.00190093831446,0.00359690394237
HPF,24,40,0.001,1.27165643618e-05,1.27171187741e-05,0.00091830076417,1.79859076614e-05,1,0,0,0.00195229557563,0.00379436583079
HPF,24,41,0.001,1.34177155008e-05,1.34182986869e-05,0.000918316829484,1.89775983389e-05,1,0,0,0.00200526554444,0.00400357539642
HPF,24,42,0.001,1.41610407098e-05,1.41616545379e-05,0.000918333185837,2.00289387258e-05,1,0,0,0.0020599243429,0.0042253678898
HPF,24,43,0.001,1.49495736166e-05,1.49502200779e-05,0.00091834977502,2.11442195054e-05,1,0,0,0.00211637481642,0.00446065015547
HPF,24,44,0.001,1.57866030251e-05,1.57872842433e-05,0.000918366538826,2.23280922744e-05,1,0,0,0.0021746940301,0.00471040331588
HPF,24,45,0.001,1.66756980957e-05,1.66764163561e-05,0.000918383477256,2.35856051573e-05,1,0,0,0.00223496718145,0.00497569180086
HPF,24,46,0.001,1.762073607e-05,1.76214938051e-05,0.000918400648516,2.49222420202e-05,1,0,0,0.00229729314625,0.00525767250255
HPF,24,47,0.001,1.86259332591e-05,1.86267331015e-05,0.000918417936191,2.63439662989e-05,1,0,0,0.00236179201807,0.00555760349161
HPF,24,48,0.001,1.96958796551e-05,1.96967244151e-05,0.000918435398489,2.7857269953e-05,1,0,0,0.00242855774289,0.00587685432348
HPF,24,49,0.001,2.08355773968e-05,2.08364701114e-05,0.00091845303541,2.94692278707e-05,1,0,0,0.00249770583847,0.00621691754099
HPF,24,50,0.001,2.20504839553e-05,2.2051427866e-05,0.000918470788747,3.11875589488e-05,1,0,0,0.00256937621035,0.00657942154007
HPF,24,51,0.001,2.3346560337e-05,2.33475589546e-05,0.000918488716707,3.30206942704e-05,1,0,0,0.00264368878416,0.00696614497176
HPF,24,52,0.001,2.4730325294e-05,2.473138243e-05,0.000918506702874,3.49778537781e-05,1,0,0,0.0027207832753,0.00737903289378
HPF,24,53,0.001,2.62089160332e-05,2.62100357661e-05,0.000918524805456,3.70691321393e-05,1,0,0,0.00280082256936,0.00782021491123
HPF,24,54,0.001,2.77901566794e-05,2.77913434391e-05,0.000918543024454,3.9305595579e-05,1,0,0,0.00288395529693,0.00829202558463
HPF,24,55,0.001,2.94826353172e-05,2.94838938802e-05,0.000918561359867,4.16993908446e-05,1,0,0,0.00297035817046,0.00879702742617
HPF,24,56,0.001,3.12957909789e-05,3.12971265621e-05,0.000918579695281,4.42638682404e-05,1,0,0,0.00306021632137,0.00933803685681
HPF,24,57,0.001,3.32400120587e-05,3.32414302941e-05,0.000918598147109,4.70137208212e-05,1,0,0,0.00315372108768,0.00991815355655
HPF,24,58,0.001,3.53267476376e-05,3.53282546547e-05,0.000918616657145,4.99651418471e-05,1,0,0,0.00325109225142,0.0105407937113
HPF,24,59,0.001,3.75686340202e-05,3.7570236462e-05,0.000918635167181,5.31360037538e-05,1,0,0,0.00335254688195,0.0112097277432
HPF,24,60,0.001,3.99796385424e-05,3.99813436984e-05,0.000918653735425,5.654606155e-05,1,0,0,0.0034583369787,0.0119291232115
HPF,24,61,0.001,4.25752232782e-05,4.25770390623e-05,0.000918672361877,6.02171843599e-05,1,0,0,0.00356871741671,0.0127035936883
HPF,24,62,0.001,4.53725319943e-05,4.53744670551e-05,0.000918690988328,6.41736198464e-05,1,0,0,0.00368397552174,0.0135382545538
HPF,24,63,0.001,4.83906043181e-05,4.83926681332e-05,0.00091870961478,6.84422971244e-05,1,0,0,0.00380441193728,0.0144387868265
HPF,24,64,0.001,5.16506207269e-05,5.16528236693e-05,0.000918728183024,7.30531732664e-05,1,0,0,0.00393035776471,0.0154115103414
HPF,24,65,0.001,5.51761845106e-05,5.51785379883e-05,0.000918746809475,7.80396321027e-05,1,0,0,0.0040621669104,0.0164634678349
HPF,24,66,0.001,5.8993646108e-05,5.89961625872e-05,0.000918765377719,8.34389429539e-05,1,0,0,0.00420022477614,0.0176025217847
HPF,24,67,0.001,6.31324782118e-05,6.31351715081e-05,0.000918783945963,8.92927911681e-05,1,0,0,0.0043449487693,0.018837466208
HPF,24,68,0.001,6.7625708912e-05,6.76285941995e-05,0.000918802455999,9.56478907474e-05,1,0,0,0.00449679117237,0.020178156048
HPF,24,69,0.001,7.25104251302e-05,7.25135191966e-05,0.000918820907827,0.000102556696391,1,0,0,0.00465624615402,0.0216356573014
HPF,24,70,0.001,7.78283580314e-05,7.78316793687e-05,0.000918839359656,0.000110078231486,1,0,0,0.00482384872857,0.0232224216748
HPF,24,71,0.001,8.36265654733e-05,8.36301347039e-05,0.000918857695069,0.000118279053342,1,0,0,0.0050001863501,0.0249524903411
HPF,24,72,0.001,8.99582315754e-05,8.99620715695e-05,0.000918875914067,0.000127234384081,1,0,0,0.00518589748041,0.0268417323247
HPF,24,73,0.001,9.68836036822e-05,9.68877398315e-05,0.000918894133065,0.000137029435853,1,0,0,0.00538168321837,0.0289081242327
HPF,24,74,0.001,0.000104471096021,0.000104475556638,0.00091891217744,0.000147760971816,1,0,0,0.00558831312459,0.0311720795208
HPF,24,75,0.001,0.000112798593043,0.000112803409853,0.000918930163607,0.000159539149546,1,0,0,0.00580662687715,0.0336568373117
HPF,24,76,0.001,0.000121954993027,0.000121960201477,0.000918948033359,0.000172489704268,1,0,0,0.00603756278242,0.0363889230812
HPF,24,77,0.001,0.000132042044062,0.000132047684054,0.000918965786695,0.000186756545612,1,0,0,0.00628213392019,0.0393986964003
HPF,24,78,0.001,0.000143176534413,0.00014318265076,0.000918983423617,0.000202504855618,1,0,0,0.00654148573414,0.0427210045597
HPF,24,79,0.001,0.000155492916672,0.000155499560021,0.000919000885915,0.000219924800245,1,0,0,0.00681686673534,0.0463959655136
HPF,24,80,0.001,0.000169146463434,0.00016915369091,0.000919018231798,0.00023923599268,1,0,0,0.00710966714964,0.0504699094536
HPF,24,81,0.001,0.000184317077679,0.000184324954256,0.000919035403058,0.000260692882637,1,0,0,0.00742145037583,0.0549965158632
HPF,24,82,0.001,0.000201213915404,0.000201222515138,0.000919052399695,0.000284591294467,1,0,0,0.00775394284688,0.0600381926114
HPF,24,83,0.001,0.000220081016096,0.000220090422991,0.000919069279917,0.000311276390754,1,0,0,0.00810907818214,0.0656677562368
HPF,24,84,0.001,0.000241204197513,0.000241214508404,0.000919085927308,0.000341152424087,1,0,0,0.00848903162274,0.0719704889989
HPF,24,85,0.001,0.000264919537741,0.000264930863477,0.000919102400076,0.000374694733851,1,0,0,0.00889625076748,0.0790466698396
HPF,24,86,0.001,0.000291623867036,0.000291636335476,0.000919118698221,0.000412464585588,1,0,0,0.00933349815612,0.0870147049001
HPF,24,87,0.001,0.000321787816683,0.000321801575977,0.000919134763535,0.000455127626941,1,0,0,0.00980390153541,0.096015021183
HPF,24,88,0.001,0.000355972145956,0.000355987368124,0.000919150596019,0.000503476980037,1,0,0,0.0103112166043,0.106214937838
HPF,24,89,0.001,0.000394848291828,0.000394865177891,0.00091916625388,0.000558462306431,1,0,0,0.0108596560373,0.11781479833
HPF,24,90,0.001,0.000439224411792,0.000439243196772,0.00091918167891,0.000621226641327,1,0,0,0.0114536322132,0.131055740509
HPF,24,91,0.001,0.000490078608248,0.000490099569805,0.000919196812902,0.000693153385228,1,0,0,0.0120985118799,0.146229610499
HPF,24,92,0.001,0.000548601634882,0.000548625100838,0.000919211772271,0.000775926706621,1,0,0,0.0128004941887,0.16369170524
HPF,24,93,0.001,0.000616252218101,0.00061627857955,0.000919226440601,0.000871609787071,1,0,0,0.0135667730562,0.18387727925
HPF,24,94,0.001,0.000694829318069,0.000694859042364,0.000983090838417,0.000982747025188,1,0,0,0.0144057381016,0.207323106338
HPF,24,95,0.001,0.000786567365632,0.000786601015815,0.00111284223385,0.00111249873705,1,0,0,0.0153272250122,0.234695895637
HPF,24,96,0.001,0.000894262968428,0.00089430122767,0.00126516260207,0.00126482036578,1,0,0,0.0163428296683,0.266830098586
HPF,24,97,0.001,0.00102144521905,0.00102148892188,0.00144504150376,0.00144470336058,1,0,0,0.0174663049944,0.304778725728
HPF,24,98,0.001,0.00117260713558,0.00117265730748,0.00165882974397,0.00165850251974,1,0,0,0.0187140713018,0.349882402791
HPF,24,99,0.001,0.00135352389724,0.00135358181191,0.00191468372941,0.00191438609414,1,0,0,0.0201058535083,0.403864327737
HPF,24,100,0.001,0.00157169608253,0.00157176333433,0.00222325348295,0.00222296269088,1,0,0,0.0216655185887,0.46896252214
HPF,24,101,0.001,0.00183697558985,0.00183705419465,0.0025984570384,0.00259816655769,1,0,0,0.0234226628365,0.548116594338
HPF,24,102,0.001,0.00216246299047,0.00216255552616,0.00305881537497,0.00305852677373,1,0,0,0.0254131649524,0.645235491863
HPF,24,103,0.001,0.002565815406,0.00256592520252,0.00362929771654,0.00362901707473,1,0,0,0.0276819608398,0.765587744123
HPF,24,104,0.001,0.00307118748835,0.00307131891461,0.00434404844418,0.00434380112031,1,0,0,0.0302856341774,0.916380614531
HPF,24,105,0.001,0.00371217004689,0.00371232890657,0.00525063229725,0.00525038880559,1,0,0,0.0332963958267,1.10763692486
HPF,24,106,0.001,0.00453633848177,0.00453653261386,0.00641630403697,0.00641606943712,1,0,0,0.0368074672709,1.35355221852
HPF,24,107,0.001,0.00561246854279,0.00561270872966,0.00793832540512,0.00793811749921,1,0,0,0.0409411558316,1.67464779693
HPF,24,108,0.001,0.00704230438478,0.00704260576203,0.00996063556522,0.00996043706002,1,0,0,0.0458606846035,2.10128206828
HPF,24,109,0.001,0.00898035973214,0.00898074406044,0.0127017395571,0.0127015679813,1,0,0,0.0517881028306,2.67955882458
HPF,24,110,0.001,0.0116684429773,0.0116689423455,0.016503661871,0.0165035172458,1,0,0,0.0590322842887,3.48162882984
HPF,24,111,0.001,0.0154983705993,0.0154990338816,0.0219205804169,0.0219204590506,1,0,0,0.0680340234593,4.62440224042
HPF,24,112,0.001,0.0211314417175,0.0211323460802,0.0298878084868,0.0298877162525,1,0,0,0.0794415480126,6.30519741964
HPF,24,113,0.001,0.0270308493455,0.0270320014249,0.0382313802838,0.0382316736033,1,0,14154,0.0942427076768,8.06754850413
HPF,24,114,0.001,0.0272326578233,0.0272337698494,0.0385094434023,0.0385171042605,1,0,20178,0.114009051145,8.13225550977
HPF,24,115,0.001,0.0273703636043,0.0273713948856,0.0386907681823,0.0387118468938,1,0,23343,0.141376720254,8.17741270367
HPF,24,116,0.001,0.0275032010604,0.0275041269781,0.0388490110636,0.0388996562417,1,0,25894,0.181073818504,8.21932276399
HPF,24,117,0.001,0.0276558771898,0.0276566380869,0.0390131771564,0.0391154251936,1,0,28355,0.242356061462,8.26570911315
HPF,24,118,0.001,0.0278625067399,0.0278628374113,0.0392092652619,0.0394072709016,1,0,31034,0.345644553828,8.32490208588
HPF,24,119,0.001,0.0282011049498,0.0281975360556,0.0394721664488,0.0398851201895,1,0,34344,0.544351169305,8.41060641921
HPF,24,120,0.001,0.0288919515128,0.0288472688473,0.0400141440332,0.0408585698652,1,0,38912,1.0085864116,8.55938571095
HPF,24,121,0.001,0.0304560096125,0.0301358560685,0.0426873080432,0.0430462888559,1,0,45039,2.22827607797,8.83060236786
HPF,24,122,0.001,0.0326119372188,0.0316395552444,0.0483590960503,0.0460075942257,1,0,50125,4.09392356775,9.12903315541
HPF,24,123,0.001,0.0435196320904,0.0435127858461,0.0628980323672,0.0613729253716,1,20170,75091,8.15661071185,9.62458103611
HPF,24,124,0.001,0.0438267840811,0.0438350221735,0.0634286180139,0.0599445966155,1,24995,77239,8.2144310439,9.64112079336
HPF,24,125,0.001,0.0440949669891,0.0440893296699,0.0639146342874,0.0493092789619,1,27798,78415,8.25754944716,9.65632066832
HPF,24,126,0.001,0.0443518353085,0.0443484931666,0.0643836259842,0.0276973925796,1,29980,79174,8.29410537535,9.67085067509
HPF,24,127,0.001,0.0445901046779,0.0445952115515,0.0648498386145,0.00614566597078,1,31779,79769,8.32605876589,9.68501607006
HPF,24,0,1.000,0.0013979640187,0.00139822479426,0.917020976543,0.0019768497559,1,0,0,0.590668706109,0.418851036983
HPF,24,1,1.000,0.00162703879734,0.00162727919597,0.916994154453,0.00230090177635,1,0,0,0.647629396301,0.487116278175
HPF,24,2,1.000,0.001740367871,0.00174060112663,0.916985094547,0.00246121312329,1,0,0,0.673488530319,0.521176959238
HPF,24,3,1.000,0.00183631159368,0.00183653995889,0.916979074478,0.0025969296472,1,0,0,0.694298869512,0.549897369238
HPF,24,4,1.000,0.00192406773876,0.00192429241606,0.916974782944,0.00272106305564,1,0,0,0.712521733283,0.576056659675
HPF,24,5,1.000,0.00200717961246,0.00200740139735,0.916971623898,0.00283862592256,1,0,0,0.734081205335,0.600721410922
HPF,24,6,1.000,0.00208746417418,0.00208768365248,0.916969239712,0.00295218862811,1,0,0,0.763002314851,0.624434821835
HPF,24,7,1.000,0.00216600699199,0.00216622462677,0.916967570782,0.00306328688059,1,0,0,0.790796150704,0.647517990304
HPF,24,8,1.000,0.00224352421229,0.00224374038469,0.916966378689,0.00317293378025,1,0,0,0.817744717222,0.670179529168
HPF,24,9,1.000,0.0023205232834,0.00232073831962,0.916965663433,0.00328184718867,1,0,0,0.844042256092,0.693142068805
HPF,24,10,1.000,0.00246708032457,0.00246729396147,0.916965186596,0.00348914734421,1,0,0,0.869828946753,0.736834964398
HPF,24,11,1.000,0.00262814752876,0.00262836061412,0.916965723038,0.0037169698505,1,0,0,0.895209616169,0.78473589318
HPF,24,12,1.000,0.00279518842318,0.00279540184401,0.916967153549,0.00395324022564,1,0,0,0.92026487328,0.834529330644
HPF,24,13,1.000,0.00296874241144,0.00296895699233,0.916969418526,0.00419872153946,1,0,0,0.947046667047,0.886354819793
HPF,24,14,1.000,0.00314934018105,0.00314955670314,0.916972458363,0.0044541645048,1,0,0,0.975363079049,0.940235010971
HPF,24,15,1.000,0.00333751367217,0.00333773288404,0.91697627306,0.004720321584,1,0,0,1.00398277325,0.996308718272
HPF,24,16,1.000,0.00353380368323,0.00353402630903,0.916980803013,0.00499795775143,1,0,0,1.03294591098,1.05471350977
HPF,24,17,1.000,0.00373876595217,0.00373899270176,0.916985929012,0.00528785909818,1,0,0,1.06228785703,1.11565888268
HPF,24,18,1.000,0.00395297632339,0.00395320789719,0.916991710663,0.00559084014286,1,0,0,1.09204015477,1.17960015872
HPF,24,19,1.000,0.00417703529369,0.00417727238996,0.916998028755,0.00590775026315,1,0,0,1.12223125219,1.24647206203
HPF,24,20,1.000,0.00441157222572,0.00441181554478,0.917004942894,0.00623947965692,1,0,0,1.15288705085,1.31645595374
HPF,24,21,1.000,0.0046572493588,0.00465749961166,0.917012393475,0.00658696501613,1,0,0,1.18403132606,1.38974087931
HPF,24,22,1.000,0.0049147658048,0.00491502370607,0.917020320892,0.00695119517947,1,0,0,1.21587359164,1.46652430503
HPF,24,23,1.000,0.00518486153471,0.00518512782094,0.917028725147,0.00733321677158,1,0,0,1.24871365715,1.54706197964
HPF,24,24,1.000,0.00546832152079,0.00546859694258,0.917037606239,0.00773414006231,1,0,0,1.28225679318,1.63164716068
HPF,24,25,1.000,0.00576598002928,0.00576626536515,0.917046904564,0.00815514503857,1,0,0,1.31653773246,1.72046266775
HPF,24,26,1.000,0.00607872517815,0.00607902122498,0.917056679726,0.00859748785115,1,0,0,1.35159094003,1.81376910996
HPF,24,27,1.000,0.00640750376748,0.00640781135314,0.917066812515,0.00906250764704,1,0,0,1.38745071642,1.91185793465
HPF,24,28,1.000,0.00675332648927,0.00675364648352,0.917077302933,0.00955163393827,1,0,0,1.42415127788,2.0150454042
HPF,24,29,1.000,0.00711727349611,0.00711760679797,0.917088210583,0.0100663944783,1,0,0,1.46186731845,2.12364074713
HPF,24,30,1.000,0.00750050045789,0.00750084801249,0.917099475861,0.0106084238289,1,0,0,1.50057916991,2.23798879695
HPF,24,31,1.000,0.00790424514041,0.00790460793136,0.917111039162,0.0111794726643,1,0,0,1.54029892831,2.35845891319
HPF,24,32,1.000,0.00832983453798,0.00833021360417,0.917122960091,0.0117814178604,1,0,0,1.58107180682,2.48544704724
HPF,24,33,1.000,0.00877869267358,0.00877908911684,0.917135179043,0.0124162735263,1,0,0,1.62294422377,2.61937810634
HPF,24,34,1.000,0.00925234913542,0.00925276410502,0.917147696018,0.013086203079,1,0,0,1.66599977717,2.76070850103
HPF,24,35,1.000,0.00975244838788,0.00975288310364,0.917160511017,0.0137935324121,1,0,0,1.7103074487,2.90992892173
HPF,24,36,1.000,0.010280760038,0.0102812157818,0.917173564434,0.0145407644169,1,0,0,1.75589178835,3.06756738974
HPF,24,37,1.000,0.0108391900493,0.0108396681942,0.917186915874,0.0153305948426,1,0,0,1.80281108169,3.23419260578
HPF,24,38,1.000,0.0114297931385,0.0114302951325,0.917200505733,0.0161659298306,1,0,0,1.85112600723,3.41041762917
HPF,24,39,1.000,0.0120547864082,0.0120553137878,0.917214334011,0.0170499051953,1,0,0,1.90093831762,3.5969039239
HPF,24,40,1.000,0.0127165643574,0.0127171187675,0.917228400707,0.0179859076552,1,0,0,1.95229557907,3.79436581177
HPF,24,41,1.000,0.0134177155006,0.0134182986913,0.917242646217,0.0189775983387,1,0,0,2.00526554817,4.00357537686
HPF,24,42,1.000,0.0141610407176,0.0141616545466,0.917257130146,0.0200289387369,1,0,0,2.05992434695,4.2253678697
HPF,24,43,1.000,0.0149495736163,0.0149502200764,0.917271733284,0.021144219505,1,0,0,2.11637481179,4.46065014578
HPF,24,44,1.000,0.0157866030234,0.0157872842496,0.917286574841,0.0223280922719,1,0,0,2.17469402561,4.71040330678
HPF,24,45,1.000,0.0166756980978,0.0166764163546,0.917301595211,0.0235856051603,1,0,0,2.23496717711,4.9756917924
HPF,24,46,1.000,0.0176207360625,0.0176214938079,0.917316794395,0.0249222420095,1,0,0,2.29729315752,5.25767249481
HPF,24,47,1.000,0.0186259332566,0.0186267331021,0.917332112789,0.0263439662954,1,0,0,2.36179202939,5.55760348464
HPF,24,48,1.000,0.0196958796519,0.0196967244202,0.917347550392,0.0278572699485,1,0,0,2.42855775428,5.87685431642
HPF,24,49,1.000,0.020835577396,0.0208364701165,0.917363107204,0.0294692278695,1,0,0,2.49770584993,6.2169175338
HPF,24,50,1.000,0.0220504839555,0.0220514278644,0.917378842831,0.0311875589491,1,0,0,2.56937619771,6.57942153273
HPF,24,51,1.000,0.0233465603393,0.0233475589622,0.917394638062,0.0330206942737,1,0,0,2.6436887714,6.96614496424
HPF,24,52,1.000,0.0247303252959,0.0247313824356,0.917410552502,0.0349778537807,1,0,0,2.7207832681,7.37903288603
HPF,24,53,1.000,0.0262089160314,0.0262100357694,0.917426586151,0.0370691321369,1,0,0,2.8008225619,7.82021490323
HPF,24,54,1.000,0.0272761209684,0.0272772710057,0.917442679405,0.0385785304722,1,0,22408,2.8839552892,8.14641811571
HPF,24,55,1.000,0.0276231359815,0.0276242432486,0.917458832264,0.0390690148704,1,0,29108,2.97035814568,8.25221677335
HPF,24,56,1.000,0.0278976035174,0.0278986376344,0.917475104332,0.0394565478845,1,0,33069,3.06021629624,8.3262094294
HPF,24,57,1.000,0.0281555696743,0.0281564901035,0.9174913764,0.0398204670814,1,0,36123,3.15372110139,8.3890055269
HPF,24,58,1.000,0.0284121229818,0.0284129145534,0.917507708073,0.0401821733949,1,0,38710,3.25109226492,8.44515818059
HPF,24,59,1.000,0.028673458604,0.0286741001957,0.91752409935,0.0405504785437,1,0,41020,3.35254689523,8.4965042261
HPF,24,60,1.000,0.028942732013,0.0289432080842,0.917540490627,0.0409298867201,1,0,43138,3.45833699864,8.54426001317
HPF,24,61,1.000,0.0292218198426,0.0292221123358,0.917556881905,0.0413230867185,1,0,45112,3.56871743705,8.58958819197
HPF,24,62,1.000,0.0295120202012,0.0295121187061,0.917573332787,0.0417319441199,1,0,46976,3.6839755164,8.633042961
HPF,24,63,1.000,0.0298143720024,0.0298142699589,0.917589783669,0.042157953825,1,0,48748,3.80441193241,8.67467633973
HPF,24,64,1.000,0.0301298021998,0.0301294790723,0.91760623455,0.0426024478105,1,0,50458,3.93035776979,8.71505710896
HPF,24,65,1.000,0.0304592318839,0.0304586920304,0.917622625828,0.0430667477494,1,0,52093,4.06216691581,8.7546309154
HPF,24,66,1.000,0.0308036036916,0.0308028291857,0.917639017105,0.0435522019691,1,0,53686,4.20022478532,8.79340759555
HPF,24,67,1.000,0.0311639374381,0.0311629223999,0.917655408382,0.0440602655172,1,0,55226,4.34494877875,8.83144290493
HPF,24,68,1.000,0.0315413498364,0.0315400845521,0.917671740055,0.0445925291436,1,0,56711,4.49679118287,8.86907596391
HPF,24,69,1.000,0.0319370576815,0.0319355518287,0.917688012123,0.0451507219398,1,0,58163,4.65624616487,8.90650626266
HPF,24,70,1.000,0.0323524225824,0.0323506639545,0.917704284191,0.0457367768513,1,0,59601,4.82384874117,8.94386688336
HPF,24,71,1.000,0.0327889532567,0.0327869331293,0.91772043705,0.0463528339633,1,0,61004,5.00018636312,8.98106386856
HPF,24,72,1.000,0.0332483082027,0.033246037098,0.917736530304,0.0470012420553,1,0,62366,5.18589749939,9.01828937835
HPF,24,73,1.000,0.0337323495676,0.0337298058705,0.917752563953,0.0476846379067,1,0,63726,5.38168323806,9.05575732829
HPF,24,74,1.000,0.034243152406,0.0342403387667,0.917768478394,0.048405959578,1,0,65061,5.58831312196,9.09364407671
HPF,24,75,1.000,0.0347830064397,0.0347799126441,0.917784333229,0.0491684459481,1,0,66384,5.80662687504,9.13190808813
HPF,24,76,1.000,0.0353544925846,0.0353511336306,0.91780012846,0.0499757468038,1,0,67677,6.03756280969,9.17059214505
HPF,24,77,1.000,0.035960489179,0.0359568432075,0.917815744877,0.0508319334079,1,0,68978,6.28213395993,9.20989802605
HPF,24,78,1.000,0.0366041829811,0.036600261665,0.917831242085,0.0517415112695,1,0,70254,6.54148577467,9.24994789573
HPF,24,79,1.000,0.037289181097,0.0372849795065,0.917846679688,0.0527095787824,1,0,71529,6.8168667626,9.29095603745
HPF,24,80,1.000,0.0380195309474,0.0380150553431,0.917861938477,0.0537418587235,1,0,72803,7.10966715529,9.33298140904
HPF,24,81,1.000,0.0387997389307,0.0387949655197,0.917877078056,0.0548447216935,1,0,74077,7.42145038248,9.37597757553
HPF,24,82,1.000,0.0396349180992,0.0396298446903,0.917892038822,0.0560253931156,1,0,75337,7.75394284447,9.4202079268
HPF,24,83,1.000,0.0404217263583,0.0404163795453,0.917906880379,0.0571377823869,1,14448,76467,8.06187581329,9.46062319961
HPF,24,84,1.000,0.0406952588158,0.0406898185377,0.917921543121,0.057524573286,1,21345,76818,8.13641300095,9.47547825659
HPF,24,85,1.000,0.0409045885704,0.0408990661642,0.917936086655,0.0578205208356,1,24393,77087,8.17861741827,9.4871710542
HPF,24,86,1.000,0.0410927274937,0.0410871221812,0.917950391769,0.0580864313708,1,26466,77340,8.20912577895,9.49776236207
HPF,24,87,1.000,0.041268766868,0.0412630781106,0.917964577675,0.058335162245,1,28086,77560,8.23679664637,9.507755742
HPF,24,88,1.000,0.041436326824,0.0414305594631,0.917978525162,0.0585718367299,1,29426,77765,8.26111523174,9.51732191427
HPF,24,89,1.000,0.0415972372372,0.0415913932528,0.917992293835,0.0587990473944,1,30561,77954,8.28311272741,9.52654070742
HPF,24,90,1.000,0.0417525375514,0.0417466152844,0.918005824089,0.0590182697841,1,31562,78144,8.30309273052,9.53544136684
HPF,24,91,1.000,0.0419028639205,0.0418968750269,0.918019175529,0.0592304091953,1,32453,78338,8.32130996015,9.54407933625
HPF,24,92,1.000,0.0420486360605,0.0420425982109,0.918032348156,0.0594360648065,1,33264,78512,8.33811975436,9.55246097628
HPF,24,93,1.000,0.0421901392407,0.0421840555764,0.918045222759,0.0596356455203,1,34020,78684,8.35376278529,9.56059067191
HPF,24,94,1.000,0.0423275694827,0.0423214304734,0.918057918549,0.0598294337297,1,34714,78847,8.36840508736,9.56849164051
HPF,24,95,1.000,0.0424610678293,0.0424548726166,0.918070316315,0.0600176338639,1,35352,79004,8.38216724445,9.57616879513
HPF,24,96,1.000,0.0425907309997,0.0425844908626,0.918082535267,0.0602003875332,1,35951,79153,8.39515066484,9.58359736466
HPF,24,97,1.000,0.0427166213327,0.0427103511538,0.918094456196,0.0603777875047,1,36498,79308,8.40744288136,9.59069620073
HPF,24,98,1.000,0.0428387796583,0.0428324902557,0.918106138706,0.0605498958651,1,37013,79464,8.41910145697,9.59747511276
HPF,24,99,1.000,0.0429572335324,0.0429509220791,0.918117523193,0.0607167557092,1,37501,79598,8.43017253332,9.60394995601
HPF,24,100,1.000,0.0430719993203,0.043065650632,0.918128609657,0.0608783941055,1,37966,79734,8.44069481839,9.61012136071
HPF,24,101,1.000,0.0431830825241,0.0431766907218,0.918139457703,0.0610348224731,1,38401,79860,8.45069156099,9.61600868745
HPF,24,102,1.000,0.0432904764126,0.0432840629298,0.918150007725,0.0611860346591,1,38799,79987,8.46013668764,9.62163522421
HPF,24,103,1.000,0.0433941644947,0.0433877575211,0.918160200119,0.0613320104636,1,39184,80109,8.46907428256,9.62700761052
HPF,24,104,1.000,0.0434941260535,0.0434877305033,0.918170154095,0.0614727235014,1,39554,80222,8.47752323558,9.63213513145
HPF,24,105,1.000,0.0435903360641,0.0435839307329,0.918179690838,0.0616081411323,1,39900,80335,8.48551690705,9.63702511751
HPF,24,106,1.000,0.0436827617341,0.0436763319589,0.918188989162,0.0617382195552,1,40223,80447,8.49307169496,9.64168316183
HPF,24,107,1.000,0.0437713605228,0.0437649166493,0.918197929859,0.0618629010166,1,40525,80546,8.50020573259,9.6461126694
HPF,24,108,1.000,0.0438560798998,0.0438496449918,0.918206453323,0.061982113523,1,40811,80634,8.50693540593,9.65031262587
HPF,24,109,1.000,0.0439368592466,0.043930444277,0.918214678764,0.0620957735383,1,41085,80724,8.51327765422,9.65427841359
HPF,24,110,1.000,0.0440136316888,0.0440072297242,0.918222486973,0.0622037885599,1,41337,80810,8.51923821126,9.65803060066
HPF,24,111,1.000,0.044086320008,0.0440799191959,0.918229937553,0.0623060513895,1,41586,80906,8.52482315949,9.66153475645
HPF,24,112,1.000,0.0441548332384,0.0441484276907,0.918236970901,0.0624024353488,1,41813,80988,8.53003708166,9.66478103132
HPF,24,113,1.000,0.0442190633663,0.0442126574199,0.918243587017,0.0624927896455,1,42017,81060,8.53488204464,9.66779212937
HPF,24,114,1.000,0.0442788813149,0.0442724824134,0.9182497859,0.0625769337316,1,42204,81122,8.53936002915,9.67056995893
HPF,24,115,1.000,0.0443341322823,0.0443277450478,0.918255507946,0.0626546507605,1,42374,81177,8.54346767672,9.67310883264
HPF,24,116,1.000,0.044384626756,0.0443782535025,0.918260812759,0.0627256749635,1,42527,81226,8.54719552597,9.67542160185
HPF,24,117,1.000,0.0444301269177,0.044423766246,0.918265521526,0.0627896725389,1,42660,81274,8.55053308022,9.67749004077
HPF,24,118,1.000,0.0444703249053,0.0444639744585,0.918269753456,0.0628462110834,1,42776,81325,8.55347165761,9.67930704326
HPF,24,119,1.000,0.0445048017044,0.0444984599438,0.918273329735,0.0628947018031,1,42876,81368,8.55597607991,9.68085615606
HPF,24,120,1.000,0.0445329428809,0.0445266084573,0.918276309967,0.0629342810004,1,42955,81401,8.55801805341,9.68212113609
HPF,24,121,1.000,0.0445537160329,0.0445473872325,0.918278455734,0.0629634970713,1,43020,81426,8.55951860669,9.6830503023
HPF,24,122,1.000,0.0445645909701,0.0445582651645,0.918279588223,0.062978791835,1,43051,81438,8.56030185771,9.68353634114
HPF,24,123,1.000,0.0448135914687,0.0448073395804,0.918305933475,0.0633289718617,1,43785,81699,8.57802050907,9.69452012985
HPF,24,124,1.000,0.0450805622337,0.045074429645,0.918334543705,0.0637043906417,1,44525,82008,8.59653682816,9.70608606047
HPF,24,125,1.000,0.0453473399931,0.0453413093815,0.918363511562,0.0640795166842,1,45274,82274,8.61448733616,9.71751866809
HPF,24,126,1.000,0.0456138898381,0.0456080602337,0.918392896652,0.0644543133517,1,45969,82560,8.63185531898,9.72862885242
HPF,24,127,1.000,0.0458801892585,0.0458744991094,0.918422579765,0.064828761889,1,46667,82833,8.64871268126,9.73949288322
BPF,12,0,0.001,1.67749654213e-06,1.67776012966e-06,0.00092038186267,2.37227822188e-06,1,0,0,0.000590668706776,0.000436721497595
BPF,12,1,0.001,1.9524005803e-06,1.95265079445e-06,0.000920528371353,2.76114064614e-06,1,0,0,0.000647629397138,0.000496494817181
BPF,12,2,0.001,2.08840115255e-06,2.08864719671e-06,0.000920593680348,2.95351426101e-06,1,0,0,0.000673488531236,0.000526556635201
BPF,12,3,0.001,2.20353788403e-06,2.20378136371e-06,0.000920645601582,3.11637408928e-06,1,0,0,0.000694298870495,0.000555808600391
BPF,12,4,0.001,2.30884878426e-06,2.30909057258e-06,0.000920690654311,3.26533417622e-06,1,0,0,0.000712521734326,0.000582311277918
BPF,12,5,0.001,2.40858608975e-06,2.40882677647e-06,0.000920731283259,3.40640961613e-06,1,0,0,0.000734081200426,0.000607172704731
BPF,12,6,0.001,2.5049302867e-06,2.50517031544e-06,0.000920768768992,3.54268486371e-06,1,0,0,0.000763002309823,0.000630956328979
BPF,12,7,0.001,2.59918413454e-06,2.59942386077e-06,0.000920803810004,3.67600276454e-06,1,0,0,0.000790796145562,0.000653994311875
BPF,12,8,0.001,2.69220706602e-06,2.69244679399e-06,0.000920837046579,3.80757904513e-06,1,0,0,0.000817744711972,0.000676501583799
BPF,12,9,0.001,2.78460805128e-06,2.78484804387e-06,0.000920868653338,3.93827513311e-06,1,0,0,0.00084404225074,0.000698626503962
BPF,12,10,0.001,2.87684311722e-06,2.87708360886e-06,0.000920899037737,4.06873610564e-06,1,0,0,0.000869828941301,0.00074018181784
BPF,12,11,0.001,2.9692694621e-06,2.96951067089e-06,0.000920928199776,4.19946723842e-06,1,0,0,0.000895209610621,0.000788058285858
BPF,12,12,0.001,3.06217764538e-06,3.06241976955e-06,0.000920956430491,4.33087954082e-06,1,0,0,0.000920264867639,0.000837831121536
BPF,12,13,0.001,3.15581187116e-06,3.15605510335e-06,0.000920983846299,4.46331844812e-06,1,0,0,0.000947046671006,0.000889249814051
BPF,12,14,0.001,3.25038327937e-06,3.25062779923e-06,0.0009210104472,4.59708262305e-06,1,0,0,0.000975363083005,0.000942408082727
BPF,12,15,0.001,3.34607909383e-06,3.34632507309e-06,0.000921036349609,4.73243689643e-06,1,0,0,0.0010039827772,0.000997950232005
BPF,12,16,0.001,3.44306903339e-06,3.4433166449e-06,0.000921061611734,4.8696213361e-06,1,0,0,0.00103294591492,0.00105646847338
BPF,12,17,0.001,3.54151000023e-06,3.54175940777e-06,0.000921086291783,5.00885787895e-06,1,0,0,0.00106228786096,0.00111740285534
BPF,12,18,0.001,3.64154956449e-06,3.64180093178e-06,0.000921110447962,5.1503552602e-06,1,0,0,0.00109204015868,0.00118087611279
BPF,12,19,0.001,3.74332864535e-06,3.74358213233e-06,0.00092113413848,5.29431280587e-06,1,0,0,0.00112223125608,0.00124701108886
BPF,12,20,0.001,3.84698358161e-06,3.84723934853e-06,0.000921157305129,5.44092336183e-06,1,0,0,0.00115288705472,0.00131690996831
BPF,12,21,0.001,3.9526478296e-06,3.95290604059e-06,0.000921180064324,5.59037569559e-06,1,0,0,0.0011840313299,0.00139026120141
BPF,12,22,0.001,4.06045331265e-06,4.06071412659e-06,0.000921202416066,5.74285640515e-06,1,0,0,0.001215873578,0.00146710541967
BPF,12,23,0.001,4.17053159178e-06,4.17079517062e-06,0.000921224418562,5.89855157501e-06,1,0,0,0.00124871364337,0.0015476436924
BPF,12,24,0.001,4.28301483115e-06,4.28328134132e-06,0.000921246013604,6.05764814184e-06,1,0,0,0.00128225677926,0.00163208549689
BPF,12,25,0.001,4.39803667331e-06,4.39830627557e-06,0.0009212672594,6.22033513263e-06,1,0,0,0.00131653771841,0.00172064915422
BPF,12,26,0.001,4.51573300497e-06,4.51600587094e-06,0.000921288214158,6.38680474762e-06,1,0,0,0.00135159092585,0.00181391102289
BPF,12,27,0.001,4.63624267959e-06,4.63651898052e-06,0.000921308761463,6.55725338271e-06,1,0,0,0.00138745070211,0.00191201045116
BPF,12,28,0.001,4.75970815808e-06,4.75998807061e-06,0.000921329075936,6.73188253549e-06,1,0,0,0.00142415126344,0.00201516762223
BPF,12,29,0.001,4.88627615927e-06,4.88655985876e-06,0.000921349099372,6.91089972547e-06,1,0,0,0.00146186729753,0.00212369077953
BPF,12,30,0.001,5.01609826447e-06,5.0163859342e-06,0.000921368831769,7.09451934906e-06,1,0,0,0.0015005791486,0.00223799416271
BPF,12,31,0.001,5.14933152507e-06,5.14962335387e-06,0.000921388273127,7.28296353909e-06,1,0,0,0.00154029890659,0.00235846424275
BPF,12,32,0.001,5.2861390592e-06,5.28643524036e-06,0.000921407423448,7.4764630087e-06,1,0,0,0.00158107178469,0.00248545230667
BPF,12,33,0.001,5.42669068088e-06,5.42699140891e-06,0.000921426340938,7.67525794128e-06,1,0,0,0.00162294420123,0.00261938325772
BPF,12,34,0.001,5.57116351843e-06,5.57146900006e-06,0.000921445025597,7.87959886505e-06,1,0,0,0.00166599976678,0.00276071349442
BPF,12,35,0.001,5.71974266414e-06,5.72005311211e-06,0.000921463477425,8.08974757208e-06,1,0,0,0.00171030743796,0.00290993369572
BPF,12,36,0.001,5.87262185564e-06,5.87293748079e-06,0.000921481638215,8.30597808197e-06,1,0,0,0.00175589177725,0.0030675718759
BPF,12,37,0.001,6.03000418938e-06,6.03032521971e-06,0.000921499624383,8.52857765098e-06,1,0,0,0.00180281107022,0.00323419674045
BPF,12,38,0.001,6.19210286915e-06,6.19242954316e-06,0.000921517319512,8.75784783074e-06,1,0,0,0.00185112599537,0.00341042137768
BPF,12,39,0.001,6.35914199084e-06,6.35947454276e-06,0.000921534840018,8.99410557821e-06,1,0,0,0.00190093831446,0.00359690732532
BPF,12,40,0.001,6.53135741501e-06,6.53169609656e-06,0.000921552127693,9.23768448987e-06,1,0,0,0.00195229557563,0.0037943690561
BPF,12,41,0.001,6.70899766811e-06,6.70934273363e-06,0.000921569240745,9.48893607633e-06,1,0,0,0.00200526554444,0.00400357893187
BPF,12,42,0.001,6.89232488763e-06,6.89267661809e-06,0.000921586062759,9.74823109916e-06,1,0,0,0.0020599243429,0.0042253726825
BPF,12,43,0.001,7.08161591145e-06,7.08197458185e-06,0.00092160271015,1.00159611117e-05,1,0,0,0.00211637481642,0.00446065547286
BPF,12,44,0.001,7.27716337804e-06,7.27752928036e-06,0.000921619182918,1.02925400149e-05,1,0,0,0.0021746940301,0.00471040862985
BPF,12,45,0.001,7.47927695347e-06,7.47965039652e-06,0.000921635422856,1.05784057934e-05,1,0,0,0.00223496718145,0.00497569711128
BPF,12,46,0.001,7.68828465073e-06,7.68866595136e-06,0.00092165148817,1.08740223806e-05,1,0,0,0.00229729314625,0.00525767780928
BPF,12,47,0.001,7.90453425909e-06,7.90492375071e-06,0.000921667320654,1.11798816814e-05,1,0,0,0.00236179201807,0.00555760879446
BPF,12,48,0.001,8.12839491142e-06,8.12879293853e-06,0.000921683036722,1.14965057878e-05,1,0,0,0.00242855774289,0.00587685962135
BPF,12,49,0.001,8.36025876342e-06,8.36066569529e-06,0.000921698461752,1.18244493552e-05,1,0,0,0.00249770583847,0.00621692283357
BPF,12,50,0.001,8.60054282951e-06,8.60095904351e-06,0.000921713770367,1.21643021979e-05,1,0,0,0.00256937621035,0.00657942682703
BPF,12,51,0.001,8.84969103355e-06,8.85011693245e-06,0.000921728846151,1.25166921904e-05,1,0,0,0.00264368878416,0.00696615025276
BPF,12,52,0.001,9.10817636594e-06,9.10861237483e-06,0.000921743747313,1.28822883181e-05,1,0,0,0.0027207832753,0.00737903816843
BPF,12,53,0.001,9.37650334121e-06,9.37694988826e-06,0.000921758473851,1.32618041528e-05,1,0,0,0.00280082256936,0.00782022017914
BPF,12,54,0.001,9.65521061394e-06,9.65566816962e-06,0.000921773025766,1.36560015534e-05,1,0,0,0.00288395529693,0.00829203084536
BPF,12,55,0.001,9.94487388935e-06,9.94534293743e-06,0.000921787403058,1.4065694782e-05,1,0,0,0.00297035817046,0.00879703267924
BPF,12,56,0.001,1.02461091204e-05,1.02465901767e-05,0.00092180154752,1.44917550259e-05,1,0,0,0.00306021632137,0.00933804210171
BPF,12,57,0.001,1.05595760405e-05,1.05600696479e-05,0.000921815575566,1.49351153941e-05,1,0,0,0.00315372108768,0.00991815879275
BPF,12,58,0.001,1.08859820283e-05,1.0886488753e-05,0.000921829370782,1.53967763839e-05,1,0,0,0.00325109225142,0.0105407989382
BPF,12,59,0.001,1.1226086424e-05,1.12266068763e-05,0.000921842991374,1.58778119852e-05,1,0,0,0.00335254688195,0.0112097329601
BPF,12,60,0.001,1.15807052603e-05,1.15812400688e-05,0.000921856495552,1.63793763725e-05,1,0,0,0.0034583369787,0.0119291284179
BPF,12,61,0.001,1.19507165518e-05,1.19512664016e-05,0.000921869766898,1.69027113855e-05,1,0,0,0.00356871741671,0.0127035988833
BPF,12,62,0.001,1.23370661187e-05,1.23376317177e-05,0.000921882863622,1.74491547663e-05,1,0,0,0.00368397552174,0.0135382597366
BPF,12,63,0.001,1.274077415e-05,1.2741356256e-05,0.000921895785723,1.80201494419e-05,1,0,0,0.00380441193728,0.0144387919963
BPF,12,64,0.001,1.31629423814e-05,1.3163541799e-05,0.000921908533201,1.86172536772e-05,1,0,0,0.00393035776471,0.0154115154973
BPF,12,65,0.001,1.36047622636e-05,1.36053798529e-05,0.000921921164263,1.92421526265e-05,1,0,0,0.0040621669104,0.0164634729758
BPF,12,66,0.001,1.40675239908e-05,1.40681606609e-05,0.000921933562495,1.9896671105e-05,1,0,0,0.00420022477614,0.0176025269095
BPF,12,67,0.001,1.45526266472e-05,1.4553283378e-05,0.000921945786104,2.05827879382e-05,1,0,0,0.0043449487693,0.0188374713155
BPF,12,68,0.001,1.50615896334e-05,1.50622674495e-05,0.000921957893297,2.13026521244e-05,1,0,0,0.00449679117237,0.020178161137
BPF,12,69,0.001,1.55960655327e-05,1.55967655476e-05,0.00092196976766,2.2058601031e-05,1,0,0,0.00465624615402,0.0216356623704
BPF,12,70,0.001,1.6157854476e-05,1.61585778654e-05,0.0009219814674,2.28531807129e-05,1,0,0,0.00482384872857,0.0232224267223
BPF,12,71,0.001,1.67489206399e-05,1.67496686724e-05,0.000921993050724,2.36891692468e-05,1,0,0,0.0050001863501,0.0249524953654
BPF,12,72,0.001,1.7371410693e-05,1.73721847185e-05,0.000922004401218,2.45696028205e-05,1,0,0,0.00518589748041,0.0268417373238
BPF,12,73,0.001,1.80276748612e-05,1.80284763482e-05,0.000922015635297,2.54978055277e-05,1,0,0,0.00538168321837,0.0289081292047
BPF,12,74,0.001,1.87202909452e-05,1.87211214676e-05,0.000922026636545,2.64774233377e-05,1,0,0,0.00558831312459,0.0311720844632
BPF,12,75,0.001,1.94520916148e-05,1.94529528591e-05,0.000922037521377,2.75124626989e-05,1,0,0,0.00580662687715,0.0336568422217
BPF,12,76,0.001,2.02261957848e-05,2.02270895703e-05,0.000922048173379,2.86073349174e-05,1,0,0,0.00603756278242,0.0363889279544
BPF,12,77,0.001,2.1046044507e-05,2.10469727898e-05,0.000922058708966,2.97669069197e-05,1,0,0,0.00628213392019,0.0393987012289
BPF,12,78,0.001,2.19154423878e-05,2.19164073199e-05,0.000922069069929,3.09965598347e-05,1,0,0,0.00654148573414,0.0427210093264
BPF,12,79,0.001,2.28386053258e-05,2.28396092123e-05,0.000922079198062,3.2302256511e-05,1,0,0,0.00681686673534,0.0463959701745
BPF,12,80,0.001,2.38202158874e-05,2.38212612556e-05,0.00092208920978,3.36906198385e-05,1,0,0,0.00710966714964,0.0504699138935
BPF,12,81,0.001,2.48654876181e-05,2.48665771953e-05,0.000922099046875,3.51690237099e-05,1,0,0,0.00742145037583,0.0549965197798
BPF,12,82,0.001,2.59802400621e-05,2.59813768286e-05,0.000922108651139,3.67456991246e-05,1,0,0,0.00775394284688,0.0600381952236
BPF,12,83,0.001,2.71709866072e-05,2.71721738442e-05,0.000922118138988,3.84298584352e-05,1,0,0,0.00810907818214,0.0656677562368
BPF,12,84,0.001,2.84450376804e-05,2.84462789326e-05,0.000922127452213,4.02318413043e-05,1,0,0,0.00848903162274,0.0719704889989
BPF,12,85,0.001,2.98106224283e-05,2.98119216423e-05,0.000922136590816,4.21632868051e-05,1,0,0,0.00889625076748,0.0790466698396
BPF,12,86,0.001,3.12770331671e-05,3.12783946627e-05,0.000922145496588,4.42373377284e-05,1,0,0,0.00933349815612,0.0870147049001
BPF,12,87,0.001,3.28547969383e-05,3.28562255114e-05,0.000922154285945,4.64688832253e-05,1,0,0,0.00980390153541,0.096015021183
BPF,12,88,0.001,3.45558809323e-05,3.45573818584e-05,0.000922162900679,4.88748493533e-05,1,0,0,0.0103112166043,0.106214937838
BPF,12,89,0.001,3.63939392209e-05,3.6395518356e-05,0.000922171282582,5.14745480473e-05,1,0,0,0.0108596560373,0.11781479833
BPF,12,90,0.001,3.83846109618e-05,3.83862748912e-05,0.00092217954807,5.42900988917e-05,1,0,0,0.0114536322132,0.131055740509
BPF,12,91,0.001,4.05458825065e-05,4.05476385352e-05,0.000922187580727,5.73469412759e-05,1,0,0,0.0120985118799,0.146229610499
BPF,12,92,0.001,4.28985300029e-05,4.29003862794e-05,0.000922195438761,6.06744603988e-05,1,0,0,0.0128004941887,0.16369170524
BPF,12,93,0.001,4.54666637463e-05,4.54686295613e-05,0.000922203122173,6.43067571832e-05,1,0,0,0.0135667730562,0.18387727925
BPF,12,94,0.001,4.8278402069e-05,4.8280487853e-05,0.000922210630961,6.82836014068e-05,1,0,0,0.0144057381016,0.207323106338
BPF,12,95,0.001,5.13667114429e-05,5.13689290238e-05,0.000922217965126,7.26516199196e-05,1,0,0,0.0153272250122,0.234695895637
BPF,12,96,0.001,5.47704621998e-05,5.47728250785e-05,0.000922225124668,7.74657898246e-05,1,0,0,0.0163428296683,0.266830098586
BPF,12,97,0.001,5.85357659825e-05,5.8538289673e-05,0.00092223205138,8.27913301309e-05,1,0,0,0.0174663049944,0.304778725728
BPF,12,98,0.001,6.27176844468e-05,6.27203867738e-05,0.000922238803469,8.87061184949e-05,1,0,0,0.0187140713018,0.349882402791
BPF,12,99,0.001,6.73824345501e-05,6.73853361865e-05,0.000922245380934,9.53038103166e-05,1,0,0,0.0201058535083,0.403864327737
BPF,12,100,0.001,7.26102622571e-05,7.26133872917e-05,0.000922251783777,0.000102697903229,1,0,0,0.0216655185887,0.46896252214
BPF,12,101,0.001,7.84992304749e-05,7.85026072594e-05,0.000922257953789,0.000111027094648,1,0,0,0.0234226628365,0.548116594338
BPF,12,102,0.001,8.51702723123e-05,8.51739342564e-05,0.000922263949178,0.000120462428958,1,0,0,0.0254131649524,0.645235491863
BPF,12,103,0.001,9.27740223833e-05,9.27780094894e-05,0.000922269769944,0.000131216959515,1,0,0,0.0276819608398,0.765587744123
BPF,12,104,0.001,0.000101500185572,0.000101504545864,0.00092227535788,0.000143558999567,1,0,0,0.0302856341774,0.916380614531
BPF,12,105,0.001,0.000111590594657,0.000111595386526,0.000922280712985,0.000157830590588,1,0,0,0.0332963958267,1.10763692486
BPF,12,106,0.001,0.000123357732433,0.000123363027628,0.000922285893466,0.000174473699445,1,0,0,0.0368074672709,1.35355221852
BPF,12,107,0.001,0.000137211528546,0.000137217416426,0.000922290899325,0.000194068119088,1,0,0,0.0409411558316,1.67464779693
BPF,12,108,0.001,0.000153698995804,0.00015370558911,0.000922295672353,0.000217387529033,1,0,0,0.0458606846035,2.10128206828
BPF,12,109,0.001,0.000173564336883,0.000173571780161,0.000922300212551,0.000245484508593,1,0,0,0.0517881028306,2.67955882458
BPF,12,110,0.001,0.000197842719581,0.00019785120176,0.000922304519918,0.000279823169959,1,0,0,0.0590322842887,3.48162882984
BPF,12,111,0.001,0.000228011437962,0.000228021211055,0.000922308594454,0.000322492956263,1,0,0,0.0680340234593,4.62440224042
BPF,12,112,0.001,0.000266242983051,0.00026625439216,0.000922312494367,0.000376566577648,1,0,0,0.0794415480126,6.30519741964
BPF,12,113,0.001,0.000315848066064,0.000315861597945,0.000922316103242,0.000446726610854,1,0,14159,0.0942427076768,8.06754850396
BPF,12,114,0.001,0.000382093625955,0.000382109992633,0.000922319479287,0.000540422466055,1,0,20184,0.114009051145,8.13225550611
BPF,12,115,0.001,0.000473814498681,0.000473834775778,0.0009223226225,0.000670149886501,1,0,23347,0.141376720254,8.17741271085
BPF,12,116,0.001,0.000606856044644,0.000606881430647,0.000922325474676,0.000858320103847,1,0,25902,0.181073818504,8.21932275959
BPF,12,117,0.001,0.000812220729796,0.000812236790422,0.00114882655907,0.00114878213207,1,0,28346,0.242356061462,8.26570918588
BPF,12,118,0.001,0.00115791587396,0.00115751669414,0.00163841748144,0.00163772331123,1,0,31038,0.345644553828,8.32490223784
BPF,12,119,0.001,0.00181465457211,0.00180683880204,0.00258019799367,0.00256655263136,1,0,34358,0.544351169305,8.41061625816
BPF,12,120,0.001,0.00324484699333,0.00315171934241,0.0047804848291,0.0045866858096,1,0,38895,1.0085864116,8.55948184834
BPF,12,121,0.001,0.00640645466333,0.00576647316076,0.0105592114851,0.00900447960115,1,0,45006,2.22827607797,8.83130413763
BPF,12,122,0.001,0.010488918553,0.00865069805525,0.0193904656917,0.0145705403877,1,0,50078,4.09392356775,9.13002201372
BPF,12,123,0.001,0.027304520335,0.0273026815551,0.0386130549014,0.0385343294126,1,20170,75078,8.15661071185,9.62455576017
BPF,12,124,0.001,0.0274819331217,0.027477983015,0.0388473346829,0.0376107621271,1,24995,77400,8.2144310439,9.64104236282
BPF,12,125,0.001,0.0276132680423,0.0276157159062,0.0390165932477,0.0308967583278,1,27798,78426,8.25754944716,9.65618020145
BPF,12,126,0.001,0.0277235667659,0.0277227317343,0.0391569361091,0.017317866429,1,29980,79158,8.29410537535,9.67062229401
BPF,12,127,0.001,0.0278254262523,0.0278282497566,0.0392826795578,0.00381693734317,1,31779,79749,8.32605876589,9.68467677836
BPF,12,0,1.000,0.00167749654267,0.00167776012947,0.91905772686,0.00237227822263,1,0,0,0.590668706109,0.436721499522
BPF,12,1,1.000,0.00195240057951,0.00195265079335,0.919185638428,0.00276114064502,1,0,0,0.647629396301,0.496494819294
BPF,12,2,1.000,0.00208840115176,0.00208864719739,0.919242560863,0.0029535142599,1,0,0,0.673488530319,0.526556637623
BPF,12,3,1.000,0.00220353788357,0.00220378136422,0.919287800789,0.00311637408862,1,0,0,0.694298869512,0.555808602952
BPF,12,4,1.000,0.00230884878559,0.00230909057455,0.919327020645,0.0032653341781,1,0,0,0.712521733283,0.582311280605
BPF,12,5,1.000,0.00240858608947,0.00240882677628,0.919362425804,0.00340640961574,1,0,0,0.734081205335,0.607172707535
BPF,12,6,1.000,0.0025049302857,0.0025051703148,0.919395029545,0.00354268486228,1,0,0,0.763002314851,0.630956331894
BPF,12,7,1.000,0.00259918413398,0.00259942386181,0.919425606728,0.00367600276374,1,0,0,0.790796150704,0.653994314898
BPF,12,8,1.000,0.00269220706597,0.00269244679503,0.91945451498,0.00380757904503,1,0,0,0.817744717222,0.676501586927
BPF,12,9,1.000,0.00278460805255,0.00278484804478,0.919482052326,0.00393827513491,1,0,0,0.844042256092,0.698626507192
BPF,12,10,1.000,0.00287684311844,0.00287708361156,0.919508397579,0.00406873610735,1,0,0,0.869828946753,0.740181821262
BPF,12,11,1.000,0.00296926946092,0.00296951066913,0.919533848763,0.00419946723677,1,0,0,0.895209616169,0.788058285669
BPF,12,12,1.000,0.00306217764705,0.00306241977356,0.919558405876,0.00433087954319,1,0,0,0.92026487328,0.837831121456
BPF,12,13,1.000,0.00315581187131,0.00315605510192,0.919582188129,0.00446331844831,1,0,0,0.947046667047,0.889249814089
BPF,12,14,1.000,0.00325038328051,0.00325062779944,0.919605314732,0.00459708262465,1,0,0,0.975363079049,0.942408082891
BPF,12,15,1.000,0.00334607909345,0.00334632507336,0.919627845287,0.00473243689588,1,0,0,1.00398277325,0.997950229371
BPF,12,16,1.000,0.00344306903381,0.00344331664508,0.919649779797,0.00486962133668,1,0,0,1.03294591098,1.05646847068
BPF,12,17,1.000,0.00354151000072,0.00354175940833,0.919671237469,0.00500885787965,1,0,0,1.06228785703,1.11740285256
BPF,12,18,1.000,0.00364154956665,0.00364180093267,0.919692218304,0.00515035526325,1,0,0,1.09204015477,1.18087610995
BPF,12,19,1.000,0.00374332864665,0.0037435821353,0.919712781906,0.0052943128077,1,0,0,1.12223125219,1.24701108597
BPF,12,20,1.000,0.00384698358193,0.00384723935085,0.919732928276,0.00544092336229,1,0,0,1.15288705085,1.31690998207
BPF,12,21,1.000,0.00395264782927,0.00395290604021,0.919752717018,0.00559037569511,1,0,0,1.18403132606,1.39026121563
BPF,12,22,1.000,0.00406045331396,0.00406071412714,0.919772148132,0.00574285640699,1,0,0,1.21587359164,1.46710543434
BPF,12,23,1.000,0.00417053159141,0.00417079517204,0.919791221619,0.00589855157448,1,0,0,1.24871365715,1.54764370753
BPF,12,24,1.000,0.00428301483072,0.00428328133886,0.919809937477,0.00605764814123,1,0,0,1.28225679318,1.63208551249
BPF,12,25,1.000,0.00439803667128,0.00439830627493,0.919828414917,0.00622033512975,1,0,0,1.31653773246,1.72064917029
BPF,12,26,1.000,0.00451573300486,0.00451600587198,0.919846534729,0.00638680474746,1,0,0,1.35159094003,1.81391104132
BPF,12,27,1.000,0.00463624267808,0.00463651898161,0.919864416122,0.00655725338058,1,0,0,1.38745071642,1.91201047059
BPF,12,28,1.000,0.00475970815555,0.00475998806896,0.919882059097,0.00673188253191,1,0,0,1.42415127788,2.01516764269
BPF,12,29,1.000,0.00488627615966,0.00488655986018,0.919899404049,0.00691089972602,1,0,0,1.46186731845,2.12369080104
BPF,12,30,1.000,0.00501609826264,0.00501638593261,0.919916510582,0.00709451934647,1,0,0,1.50057916991,2.23799415907
BPF,12,31,1.000,0.00514933152474,0.00514962335276,0.919933378696,0.00728296353862,1,0,0,1.54029892831,2.3584642392
BPF,12,32,1.000,0.00528613905786,0.00528643523902,0.919950008392,0.0074764630068,1,0,0,1.58107180682,2.48545230321
BPF,12,33,1.000,0.00542669068088,0.00542699141078,0.91996639967,0.00767525794126,1,0,0,1.62294422377,2.61938325437
BPF,12,34,1.000,0.0055711635174,0.00557146900038,0.919982552528,0.00787959886359,1,0,0,1.66599977717,2.7607134912
BPF,12,35,1.000,0.00571974266355,0.00572005310883,0.919998526573,0.00808974757124,1,0,0,1.7103074487,2.90993369266
BPF,12,36,1.000,0.00587262185793,0.00587293748561,0.920014321804,0.00830597808521,1,0,0,1.75589178835,3.06757187302
BPF,12,37,1.000,0.00603000419323,0.00603032522687,0.920029878616,0.00852857765642,1,0,0,1.80281108169,3.23419673778
BPF,12,38,1.000,0.00619210286714,0.00619242953731,0.920045256615,0.00875784782789,1,0,0,1.85112600723,3.41042137523
BPF,12,39,1.000,0.00635914199051,0.0063594745408,0.920060396194,0.00899410557772,1,0,0,1.90093831762,3.59690732313
BPF,12,40,1.000,0.00653135741762,0.00653169609867,0.92007535696,0.00923768449357,1,0,0,1.95229557907,3.7943690542
BPF,12,41,1.000,0.00670899766486,0.00670934273765,0.920090138912,0.00948893607172,1,0,0,2.00526554817,4.00357893028
BPF,12,42,1.000,0.00689232488832,0.00689267661689,0.92010474205,0.00974823110014,1,0,0,2.05992434695,4.22537268127
BPF,12,43,1.000,0.00708161591155,0.00708197458337,0.920119166374,0.0100159611118,1,0,0,2.11637481179,4.46065547201
BPF,12,44,1.000,0.00727716337603,0.00727752927912,0.920133411884,0.0102925400121,1,0,0,2.17469402561,4.71040862944
BPF,12,45,1.000,0.00747927695103,0.00747965039272,0.92014747858,0.0105784057899,1,0,0,2.23496717711,4.97569711134
BPF,12,46,1.000,0.00768828465032,0.00768866594707,0.920161426067,0.0108740223801,1,0,0,2.29729315752,5.25767780987
BPF,12,47,1.000,0.00790453426395,0.00790492375562,0.920175135136,0.0111798816882,1,0,0,2.36179202939,5.55760879561
BPF,12,48,1.000,0.00812839491225,0.00812879294229,0.92018866539,0.011496505789,1,0,0,2.42855775428,5.87685962312
BPF,12,49,1.000,0.00836025876439,0.00836066569494,0.920202076435,0.0118244493565,1,0,0,2.49770584993,6.21692283603
BPF,12,50,1.000,0.008600542827,0.00860095904783,0.920215308666,0.0121643021944,1,0,0,2.56937619771,6.57942683024
BPF,12,51,1.000,0.00884969102449,0.00885011692367,0.920228362083,0.0125166921776,1,0,0,2.6436887714,6.9661502568
BPF,12,52,1.000,0.00910817636421,0.00910861236851,0.920241236687,0.0128822883156,1,0,0,2.7207832681,7.37903817338
BPF,12,53,1.000,0.00937650333999,0.00937694988729,0.920253992081,0.0132618041511,1,0,0,2.8008225619,7.82022018508
BPF,12,54,1.000,0.00965521061486,0.0096556681703,0.920266568661,0.0136560015547,1,0,22408,2.8839552892,8.14657424263
BPF,12,55,1.000,0.00994487389138,0.00994534294119,0.920278966427,0.0140656947849,1,0,29110,2.97035814568,8.25249014073
BPF,12,56,1.000,0.0102461091202,0.0102465901766,0.920291244984,0.0144917550256,1,0,33073,3.06021629624,8.32620968077
BPF,12,57,1.000,0.010559576041,0.0105600696517,0.920303344727,0.0149351153947,1,0,36116,3.15372110139,8.38900723585
BPF,12,58,1.000,0.0108859820327,0.0108864887593,0.920315265656,0.01539677639,1,0,38709,3.25109226492,8.44516071067
BPF,12,59,1.000,0.0112260864199,0.0112266068693,0.920327067375,0.0158778119794,1,0,41025,3.35254689523,8.49650519089
BPF,12,60,1.000,0.0115807052627,0.0115812400767,0.920338690281,0.0163793763759,1,0,43142,3.45833699864,8.54426017979
BPF,12,61,1.000,0.0119507165451,0.0119512663937,0.920350193977,0.0169027113761,1,0,45109,3.56871743705,8.58958973604
BPF,12,62,1.000,0.0123370661294,0.0123376317226,0.92036151886,0.0174491547815,1,0,46981,3.6839755164,8.633042963
BPF,12,63,1.000,0.0127407741499,0.0127413562597,0.920372724533,0.0180201494418,1,0,48762,3.80441193241,8.67467823477
BPF,12,64,1.000,0.013162942388,0.013163541814,0.920383751392,0.0186172536865,1,0,50451,3.93035776979,8.71505884226
BPF,12,65,1.000,0.0136047622631,0.0136053798505,0.920394599438,0.0192421526257,1,0,52096,4.06216691581,8.75463131776
BPF,12,66,1.000,0.0140675239886,0.0140681606591,0.920405328274,0.0198966711019,1,0,53681,4.20022478532,8.79340779658
BPF,12,67,1.000,0.0145526266426,0.0145532833697,0.920415878296,0.0205827879317,1,0,55218,4.34494877875,8.83144338505
BPF,12,68,1.000,0.0150615896383,0.0150622674507,0.920426309109,0.0213026521313,1,0,56710,4.49679118287,8.8690765507
BPF,12,69,1.000,0.0155960655348,0.0155967655487,0.920436620712,0.0220586010339,1,0,58175,4.65624616487,8.90650628513
BPF,12,70,1.000,0.0161578544792,0.0161585778697,0.920446753502,0.0228531807174,1,0,59609,4.82384874117,8.94386697735
BPF,12,71,1.000,0.0167489206463,0.016749668677,0.920456707478,0.0236891692558,1,0,60997,5.00018636312,8.98106387014
BPF,12,72,1.000,0.0173714106938,0.0173721847251,0.920466542244,0.0245696028215,1,0,62379,5.18589749939,9.01829008837
BPF,12,73,1.000,0.0180276748665,0.0180284763583,0.920476198196,0.0254978055352,1,0,63719,5.38168323806,9.05575732823
BPF,12,74,1.000,0.0187202909378,0.0187211214538,0.92048573494,0.0264774233272,1,0,65058,5.58831312196,9.09364407229
BPF,12,75,1.000,0.0194520916215,0.0194529528607,0.920495092869,0.0275124627084,1,0,66374,5.80662687504,9.13190841442
BPF,12,76,1.000,0.020226195795,0.0202270895737,0.920504331589,0.0286073349318,1,0,67689,6.03756280969,9.17059214151
BPF,12,77,1.000,0.0210460445018,0.0210469727951,0.920513391495,0.0297669069124,1,0,68974,6.28213395993,9.20989807423
BPF,12,78,1.000,0.0219154423864,0.021916407322,0.920522332191,0.0309965598327,1,0,70253,6.54148577467,9.24994789548
BPF,12,79,1.000,0.0228386053206,0.0228396092122,0.920531094074,0.0323022565035,1,0,71533,6.8168667626,9.29095603627
BPF,12,80,1.000,0.0238202158895,0.023821261256,0.920539736748,0.0336906198415,1,0,72815,7.10966715529,9.33298161388
BPF,12,81,1.000,0.0248654876157,0.0248665771891,0.920548200607,0.0351690237065,1,0,74082,7.42145038248,9.37597757482
BPF,12,82,1.000,0.025980240062,0.0259813768388,0.920556545258,0.0367456991244,1,0,75346,7.75394284447,9.42020792406
BPF,12,83,1.000,0.0270036162558,0.0270047977471,0.920564711094,0.0381931339923,1,14448,76461,8.06187581329,9.46061759912
BPF,12,84,1.000,0.0272322604698,0.0272334569315,0.920572757721,0.0385165043881,1,21345,76831,8.13641300095,9.47543121198
BPF,12,85,1.000,0.027364025509,0.027365222846,0.920580625534,0.0387028225597,1,24393,77096,8.17861741827,9.48702386824
BPF,12,86,1.000,0.0274655581499,0.0274667573145,0.920588314533,0.0388463523041,1,26466,77336,8.20912577895,9.49747643233
BPF,12,87,1.000,0.0275511246726,0.0275523170392,0.920595884323,0.0389672723799,1,28086,77546,8.23679664637,9.50730222216
BPF,12,88,1.000,0.027626478584,0.0276276553336,0.920603275299,0.0390737215244,1,29426,77744,8.26111523174,9.51669859113
BPF,12,89,1.000,0.0276945786208,0.0276957373266,0.920610547066,0.0391698858337,1,30561,77930,8.28311272741,9.52574015808
BPF,12,90,1.000,0.0277571513658,0.0277582913526,0.920617640018,0.0392582086255,1,31562,78117,8.30309273052,9.53446324918
BPF,12,91,1.000,0.0278152931632,0.0278164127315,0.920624613762,0.0393402419745,1,32453,78301,8.32130996015,9.54290327092
BPF,12,92,1.000,0.0278697474105,0.0278708422175,0.920631408691,0.0394170388724,1,33264,78465,8.33811975436,9.55108950821
BPF,12,93,1.000,0.0279210419214,0.0279221064197,0.920638024807,0.0394893474653,1,34020,78627,8.35376278529,9.55903951784
BPF,12,94,1.000,0.0279695655124,0.0279705970235,0.920644521713,0.0395577193379,1,34714,78784,8.36840508736,9.56675864728
BPF,12,95,1.000,0.0280156124987,0.028016611691,0.920650839806,0.0396225723833,1,35352,78930,8.38216724445,9.57425878509
BPF,12,96,1.000,0.0280594098407,0.0280603786115,0.920656979084,0.0396842292858,1,35951,79075,8.39515066484,9.58153903137
BPF,12,97,1.000,0.028101136607,0.0281020751065,0.920662999153,0.039742945032,1,36498,79206,8.40744288136,9.58873059533
BPF,12,98,1.000,0.0281409369367,0.0281418427949,0.920668780804,0.0397989251943,1,37013,79334,8.41910145697,9.59564794678
BPF,12,99,1.000,0.0281789284541,0.0281797991744,0.920674443245,0.039852337833,1,37501,79471,8.43017253332,9.60228640775
BPF,12,100,1.000,0.0282152078862,0.0282160423841,0.920679986477,0.03990332144,1,37966,79603,8.44069481839,9.60869583029
BPF,12,101,1.000,0.0282498554715,0.0282506543049,0.92068529129,0.0399519911849,1,38401,79719,8.45069156099,9.61488742571
BPF,12,102,1.000,0.0282829382963,0.0282837020926,0.920690476894,0.0399984436048,1,38799,79837,8.46013668764,9.62087208694
BPF,12,103,1.000,0.0283145128469,0.0283152414983,0.920695483685,0.0400427602234,1,39184,79939,8.46907428256,9.62660956769
BPF,12,104,1.000,0.0283446264527,0.0283453197575,0.920700311661,0.0400850095949,1,39554,80047,8.47752323558,9.63208549662
BPF,12,105,1.000,0.0283733186103,0.0283739770123,0.920704901218,0.0401252491783,1,39900,80149,8.48551690705,9.63730743641
BPF,12,106,1.000,0.028400622098,0.0284012466766,0.920709371567,0.0401635269047,1,40223,80246,8.49307169496,9.64228099653
BPF,12,107,1.000,0.0284265636016,0.0284271557256,0.920713663101,0.0401998820761,1,40525,80336,8.50020573259,9.64701001749
BPF,12,108,1.000,0.0284511643233,0.0284517245249,0.920717775822,0.0402343462248,1,40811,80427,8.50693540593,9.6514967842
BPF,12,109,1.000,0.0284744402528,0.0284749685661,0.920721709728,0.0402669434999,1,41085,80509,8.51327765422,9.65574443995
BPF,12,110,1.000,0.0284964021527,0.0284968985682,0.920725405216,0.0402976906486,1,41337,80596,8.51923821126,9.65975961436
BPF,12,111,1.000,0.0285170554942,0.0285175205802,0.920728981495,0.040326596935,1,41586,80667,8.52482315949,9.66353171561
BPF,12,112,1.000,0.0285363999872,0.0285368353899,0.920732319355,0.0403536634929,1,41813,80736,8.53003708166,9.66707232453
BPF,12,113,1.000,0.0285544290902,0.0285548371592,0.920735418797,0.0403788826474,1,42017,80800,8.53488204464,9.67036931972
BPF,12,114,1.000,0.0285711290706,0.0285715122764,0.920738339424,0.0404022366031,1,42204,80854,8.53936002915,9.67342402191
BPF,12,115,1.000,0.0285864775769,0.0285868383677,0.920741021633,0.0404236954512,1,42374,80905,8.54346767672,9.67624556613
BPF,12,116,1.000,0.0286004414103,0.0286007818029,0.920743465424,0.0404432140584,1,42527,80955,8.54719552597,9.67890093879
BPF,12,117,1.000,0.0286129730244,0.0286132947688,0.920745670795,0.0404607271838,1,42660,81004,8.55053308022,9.68123489428
BPF,12,118,1.000,0.0286240044126,0.0286243092656,0.920747637749,0.0404761409391,1,42776,81048,8.55347165761,9.68327002258
BPF,12,119,1.000,0.0286334361929,0.0286337261196,0.920749366283,0.0404893175439,1,42876,81086,8.55597607991,9.68500385557
BPF,12,120,1.000,0.0286411146556,0.028641392072,0.92075073719,0.0405000432668,1,42955,81119,8.55801805341,9.68641129579
BPF,12,121,1.000,0.0286467712107,0.0286470391615,0.920751750469,0.0405079438531,1,43020,81139,8.55951860669,9.68744689098
BPF,12,122,1.000,0.0286497285567,0.0286499915188,0.920752286911,0.0405120741407,1,43051,81153,8.56030185771,9.68798731097
BPF,12,123,1.000,0.028716728167,0.0287168748247,0.920764446259,0.0406055954202,1,43785,81381,8.57802050907,9.70025375237
BPF,12,124,1.000,0.0287870975915,0.0287871276122,0.92077755928,0.0407037113149,1,44525,81658,8.59653682816,9.71317506932
BPF,12,125,1.000,0.0288559693026,0.0288558624035,0.920790672302,0.0407996271653,1,45274,81888,8.61448733616,9.72586888614
BPF,12,126,1.000,0.028923400015,0.0289231603767,0.920803844929,0.0408934258501,1,45969,82159,8.63185531898,9.73830323704
BPF,12,127,1.000,0.0289894390684,0.0289890555142,0.920817017555,0.0409851796278,1,46667,82390,8.64871268126,9.75049496855
BPF,24,0,0.001,1.39800161004e-06,1.39828911256e-06,0.000919458456337,1.97690296435e-06,1,0,0,0.000590668706776,0.000436721497595
BPF,24,1,0.001,1.62707639545e-06,1.62734352893e-06,0.000919508922379,2.30095498299e-06,1,0,0,0.000647629397138,0.000496494817181
BPF,24,2,0.001,1.74040547162e-06,1.74066546457e-06,0.000919531041291,2.46126632891e-06,1,0,0,0.000673488531236,0.000526556635201
BPF,24,3,0.001,1.83634919768e-06,1.83660430251e-06,0.000919548445381,2.59698285418e-06,1,0,0,0.000694298870495,0.000555808600391
BPF,24,4,0.001,1.92410534352e-06,1.92435676317e-06,0.000919563462958,2.72111626088e-06,1,0,0,0.000712521734326,0.000582311277918
BPF,24,5,0.001,2.00721721854e-06,2.00746574767e-06,0.000919576967135,2.83867912723e-06,1,0,0,0.000734081200426,0.000607172704731
BPF,24,6,0.001,2.08750178163e-06,2.08774800552e-06,0.000919589307159,2.95224183258e-06,1,0,0,0.000763002309823,0.000630956328979
BPF,24,7,0.001,2.16604460018e-06,2.16628898051e-06,0.000919600832276,3.06334008419e-06,1,0,0,0.000790796145562,0.000653994311875
BPF,24,8,0.001,2.24356182222e-06,2.24380474092e-06,0.000919611717109,3.17298698455e-06,1,0,0,0.000817744711972,0.000676501583799
BPF,24,9,0.001,2.32056089491e-06,2.32080267878e-06,0.000919622019865,3.28190039359e-06,1,0,0,0.00084404225074,0.000698626503962
BPF,24,10,0.001,2.46711793486e-06,2.46735832012e-06,0.000919640588108,3.48920054467e-06,1,0,0,0.000869828941301,0.00074018181784
BPF,24,11,0.001,2.6281851414e-06,2.62842497766e-06,0.000919659738429,3.71702305171e-06,1,0,0,0.000895209610621,0.000788058285858
BPF,24,12,0.001,2.79522603851e-06,2.79546621163e-06,0.00091967836488,3.95329342829e-06,1,0,0,0.000920264867639,0.000837831121536
BPF,24,13,0.001,2.96878002667e-06,2.96902136154e-06,0.000919696525671,4.19877473993e-06,1,0,0,0.000947046671006,0.000889249814051
BPF,24,14,0.001,3.1493777981e-06,3.14962107523e-06,0.000919714279007,4.45421770598e-06,1,0,0,0.000975363083005,0.000942408082727
BPF,24,15,0.001,3.3375512905e-06,3.33779725774e-06,0.00091973162489,4.72037478533e-06,1,0,0,0.0010039827772,0.000997950232005
BPF,24,16,0.001,3.53384130075e-06,3.53409068263e-06,0.000919748679735,4.99801095013e-06,1,0,0,0.00103294591492,0.00105646847338
BPF,24,17,0.001,3.73880357277e-06,3.7390570796e-06,0.000919765443541,5.28791229993e-06,1,0,0,0.00106228786096,0.00111740285534
BPF,24,18,0.001,3.95301394432e-06,3.95327227737e-06,0.000919781858101,5.59089334385e-06,1,0,0,0.00109204015868,0.00118087611279
BPF,24,19,0.001,4.17707291656e-06,4.17733677267e-06,0.000919798039831,5.90780346582e-06,1,0,0,0.00112223125608,0.00124701108886
BPF,24,20,0.001,4.41160984574e-06,4.41187992587e-06,0.00091981398873,6.23953285462e-06,1,0,0,0.00115288705472,0.00131690996831
BPF,24,21,0.001,4.65728697874e-06,4.65756399014e-06,0.000919829704799,6.58701821288e-06,1,0,0,0.0011840313299,0.00139026120141
BPF,24,22,0.001,4.91480342551e-06,4.91508808767e-06,0.000919845188037,6.95124837656e-06,1,0,0,0.001215873578,0.00146710541967
BPF,24,23,0.001,5.18489915699e-06,5.1851922052e-06,0.000919860438444,7.33326997027e-06,1,0,0,0.00124871364337,0.0015476436924
BPF,24,24,0.001,5.46835914389e-06,5.46866132915e-06,0.000919875514228,7.73419326158e-06,1,0,0,0.00128225677926,0.00163208549689
BPF,24,25,0.001,5.76601764819e-06,5.7663297444e-06,0.000919890415389,8.15519823142e-06,1,0,0,0.00131653771841,0.00172064915422
BPF,24,26,0.001,6.07876280025e-06,6.07908560727e-06,0.00091990508372,8.59754104812e-06,1,0,0,0.00135159092585,0.00181391102289
BPF,24,27,0.001,6.40754139039e-06,6.40787573711e-06,0.000919919635635,9.0625608448e-06,1,0,0,0.00138745070211,0.00191201045116
BPF,24,28,0.001,6.75336410841e-06,6.75371086262e-06,0.000919933954719,9.55168713042e-06,1,0,0,0.00142415126344,0.00201516762223
BPF,24,29,0.001,7.11731111634e-06,7.11767118062e-06,0.000919948157389,1.00664476718e-05,1,0,0,0.00146186729753,0.00212369077953
BPF,24,30,0.001,7.50053807791e-06,7.5009123913e-06,0.000919962185435,1.06084770219e-05,1,0,0,0.0015005791486,0.00223799416271
BPF,24,31,0.001,7.90428275806e-06,7.90467231239e-06,0.000919976097066,1.11795258539e-05,1,0,0,0.00154029890659,0.00235846424275
BPF,24,32,0.001,8.32987215791e-06,8.33027798661e-06,0.000919989834074,1.17814710531e-05,1,0,0,0.00158107178469,0.00248545230667
BPF,24,33,0.001,8.77873029697e-06,8.77915349904e-06,0.000920003396459,1.24163267238e-05,1,0,0,0.00162294420123,0.00261938325772
BPF,24,34,0.001,9.25238675822e-06,9.25282848649e-06,0.000920016842429,1.30862562757e-05,1,0,0,0.00166599976678,0.00276071349442
BPF,24,35,0.001,9.75248600772e-06,9.75294747526e-06,0.000920030171983,1.37935856046e-05,1,0,0,0.00171030743796,0.00290993369572
BPF,24,36,0.001,1.02807976566e-05,1.02812801592e-05,0.000920043326914,1.45408176078e-05,1,0,0,0.00175589177725,0.0030675718759
BPF,24,37,0.001,1.08392276702e-05,1.08397325696e-05,0.00092005636543,1.53306480368e-05,1,0,0,0.00180281107022,0.00323419674045
BPF,24,38,0.001,1.14298307644e-05,1.14303595118e-05,0.000920069229323,1.6165983032e-05,1,0,0,0.00185112599537,0.00341042137768
BPF,24,39,0.001,1.20548240296e-05,1.20553781651e-05,0.000920082035009,1.70499583904e-05,1,0,0,0.00190093831446,0.00359690732532
BPF,24,40,0.001,1.27166019813e-05,1.27171831522e-05,0.000920094666071,1.79859608541e-05,1,0,0,0.00195229557563,0.0037943690561
BPF,24,41,0.001,1.34177531172e-05,1.34183630595e-05,0.000920107180718,1.89776515274e-05,1,0,0,0.00200526554444,0.00400357893187
BPF,24,42,0.001,1.4161078334e-05,1.41617189195e-05,0.000920119520742,2.00289919256e-05,1,0,0,0.0020599243429,0.0042253726825
BPF,24,43,0.001,1.49496112302e-05,1.49502844469e-05,0.000920131802559,2.11442726904e-05,1,0,0,0.00211637481642,0.00446065547286
BPF,24,44,0.001,1.57866406403e-05,1.57873486186e-05,0.00092014396796,2.23281454619e-05,1,0,0,0.0021746940301,0.00471040862985
BPF,24,45,0.001,1.66757357117e-05,1.66764807275e-05,0.000920155958738,2.35856583462e-05,1,0,0,0.00223496718145,0.00497569711128
BPF,24,46,0.001,1.76207736849e-05,1.76215581783e-05,0.000920167833101,2.49222952078e-05,1,0,0,0.00229729314625,0.00525767780928
BPF,24,47,0.001,1.86259708767e-05,1.86267974724e-05,0.000920179591049,2.63440194906e-05,1,0,0,0.00236179201807,0.00555760879446
BPF,24,48,0.001,1.96959172595e-05,1.96967887749e-05,0.000920191232581,2.78573231264e-05,1,0,0,0.00242855774289,0.00587685962135
BPF,24,49,0.001,2.08356150087e-05,2.08365344848e-05,0.000920202757698,2.9469281055e-05,1,0,0,0.00249770583847,0.00621692283357
BPF,24,50,0.001,2.20505215705e-05,2.20514922327e-05,0.000920214166399,3.1187612138e-05,1,0,0,0.00256937621035,0.00657942682703
BPF,24,51,0.001,2.33465979528e-05,2.33476233318e-05,0.000920225458685,3.30207474607e-05,1,0,0,0.00264368878416,0.00696615025276
BPF,24,52,0.001,2.47303629069e-05,2.47314467907e-05,0.000920236634556,3.49779069647e-05,1,0,0,0.0027207832753,0.00737903816843
BPF,24,53,0.001,2.62089536328e-05,2.62101001164e-05,0.000920247694012,3.70691853075e-05,1,0,0,0.00280082256936,0.00782022017914
BPF,24,54,0.001,2.77901942828e-05,2.77914077846e-05,0.000920258578844,3.93056487528e-05,1,0,0,0.00288395529693,0.00829203084536
BPF,24,55,0.001,2.94826729264e-05,2.94839582374e-05,0.000920269405469,4.1699444027e-05,1,0,0,0.00297035817046,0.00879703267924
BPF,24,56,0.001,3.12958285849e-05,3.12971909216e-05,0.000920280115679,4.42639214186e-05,1,0,0,0.00306021632137,0.00933804210171
BPF,24,57,0.001,3.32400496649e-05,3.32414946529e-05,0.000920290651266,4.7013774e-05,1,0,0,0.00315372108768,0.00991815879275
BPF,24,58,0.001,3.53267852568e-05,3.53283190249e-05,0.000920301128644,4.99651950445e-05,1,0,0,0.00325109225142,0.0105407989382
BPF,24,59,0.001,3.75686716329e-05,3.7570300838e-05,0.0009203114314,5.31360569423e-05,1,0,0,0.00335254688195,0.0112097329601
BPF,24,60,0.001,3.99796761598e-05,3.99814080638e-05,0.000920321675949,5.65461147455e-05,1,0,0,0.0034583369787,0.0119291284179
BPF,24,61,0.001,4.25752608791e-05,4.25771034153e-05,0.000920331745874,6.02172375325e-05,1,0,0,0.00356871741671,0.0127035988833
BPF,24,62,0.001,4.53725696085e-05,4.53745314278e-05,0.000920341757592,6.41736730382e-05,1,0,0,0.00368397552174,0.0135382597366
BPF,24,63,0.001,4.83906419305e-05,4.83927324934e-05,0.000920351594687,6.84423503139e-05,1,0,0,0.00380441193728,0.0144387919963
BPF,24,64,0.001,5.16506583318e-05,5.1652888053e-05,0.000920361315366,7.30532264455e-05,1,0,0,0.00393035776471,0.0154115154973
BPF,24,65,0.001,5.51762221024e-05,5.51786023262e-05,0.000920370977838,7.80396852636e-05,1,0,0,0.0040621669104,0.0164634729758
BPF,24,66,0.001,5.89936837318e-05,5.89962269753e-05,0.000920380465686,8.34389961604e-05,1,0,0,0.00420022477614,0.0176025269095
BPF,24,67,0.001,6.31325157907e-05,6.3135235816e-05,0.00092038983712,8.92928443114e-05,1,0,0,0.0043449487693,0.0188374713155
BPF,24,68,0.001,6.76257464996e-05,6.76286585158e-05,0.000920399092138,9.56479439034e-05,1,0,0,0.00449679117237,0.020178161137
BPF,24,69,0.001,7.25104627249e-05,7.25135835429e-05,0.000920408230741,0.000102556749558,1,0,0,0.00465624615402,0.0216356623704
BPF,24,70,0.001,7.78283956279e-05,7.78317437192e-05,0.000920417252928,0.000110078284655,1,0,0,0.00482384872857,0.0232224267223
BPF,24,71,0.001,8.36266030699e-05,8.36301990476e-05,0.0009204261587,0.000118279106511,1,0,0,0.0050001863501,0.0249524953654
BPF,24,72,0.001,8.99582691991e-05,8.99621358693e-05,0.000920434889849,0.000127234437289,1,0,0,0.00518589748041,0.0268417373238
BPF,24,73,0.001,9.68836413126e-05,9.6887804171e-05,0.000920443562791,0.000137029489071,1,0,0,0.00538168321837,0.0289081292047
BPF,24,74,0.001,0.000104471133645,0.000104475621008,0.000920452061109,0.000147761025025,1,0,0,0.00558831312459,0.0311720844632
BPF,24,75,0.001,0.000112798630635,0.000112803474179,0.00092046050122,0.00015953920271,1,0,0,0.00580662687715,0.0336568422217
BPF,24,76,0.001,0.000121955030614,0.000121960265852,0.000920468766708,0.000172489757423,1,0,0,0.00603756278242,0.0363889279544
BPF,24,77,0.001,0.000132042081664,0.000132047748425,0.00092047691578,0.000186756598792,1,0,0,0.00628213392019,0.0393987012289
BPF,24,78,0.001,0.000143176571982,0.000143182715116,0.000920484948438,0.00020250490875,1,0,0,0.00654148573414,0.0427210093264
BPF,24,79,0.001,0.000155492954268,0.000155499624329,0.000920492806472,0.000219924853414,1,0,0,0.00681686673534,0.0463959701745
BPF,24,80,0.001,0.000169146501027,0.000169153755281,0.000920500606298,0.000239236045847,1,0,0,0.00710966714964,0.0504699138935
BPF,24,81,0.001,0.000184317115308,0.000184325018673,0.000920508231502,0.000260692935854,1,0,0,0.00742145037583,0.0549965197798
BPF,24,82,0.001,0.000201213953091,0.000201222579458,0.00092051574029,0.000284591347767,1,0,0,0.00775394284688,0.0600381952236
BPF,24,83,0.001,0.000220081053687,0.000220090487324,0.000920523132663,0.000311276443918,1,0,0,0.00810907818214,0.0656677562368
BPF,24,84,0.001,0.0002412042351,0.00024121457273,0.000920530408621,0.000341152477245,1,0,0,0.00848903162274,0.0719704889989
BPF,24,85,0.001,0.000264919575294,0.000264930927803,0.000920537509955,0.000374694786962,1,0,0,0.00889625076748,0.0790466698396
BPF,24,86,0.001,0.000291623904559,0.000291636399769,0.000920544494875,0.000412464638657,1,0,0,0.00933349815612,0.0870147049001
BPF,24,87,0.001,0.000321787854295,0.00032180164043,0.000920551363379,0.000455127680135,1,0,0,0.00980390153541,0.096015021183
BPF,24,88,0.001,0.000355972183589,0.000355987432608,0.000920558115467,0.00050347703326,1,0,0,0.0103112166043,0.106214937838
BPF,24,89,0.001,0.000394848329499,0.000394865242193,0.000920564692933,0.000558462359709,1,0,0,0.0108596560373,0.11781479833
BPF,24,90,0.001,0.000439224449526,0.000439243261426,0.000920571153983,0.000621226694695,1,0,0,0.0114536322132,0.131055740509
BPF,24,91,0.001,0.000490078645998,0.000490099634414,0.000920577440411,0.000693153438618,1,0,0,0.0120985118799,0.146229610499
BPF,24,92,0.001,0.000548601672632,0.000548625165506,0.000920583668631,0.000775926760011,1,0,0,0.0128004941887,0.16369170524
BPF,24,93,0.001,0.000616252255615,0.000616278643842,0.00092058966402,0.000871609840128,1,0,0,0.0135667730562,0.18387727925
BPF,24,94,0.001,0.000694829355443,0.00069485910646,0.000983116333373,0.000982747078046,1,0,0,0.0144057381016,0.207323106338
BPF,24,95,0.001,0.000786567403007,0.000786601079873,0.00111283035949,0.00111249878991,1,0,0,0.0153272250122,0.234695895637
BPF,24,96,0.001,0.000894263005985,0.000894301292066,0.00126513652503,0.0012648204189,1,0,0,0.0163428296683,0.266830098586
BPF,24,97,0.001,0.00102144525713,0.00102148898708,0.00144501950126,0.00144470341443,1,0,0,0.0174663049944,0.304778725728
BPF,24,98,0.001,0.00117260717313,0.00117265737193,0.00165881845169,0.00165850257284,1,0,0,0.0187140713018,0.349882402791
BPF,24,99,0.001,0.00135352393503,0.0013535818763,0.00191470130812,0.00191438614759,1,0,0,0.0201058535083,0.403864327737
BPF,24,100,0.001,0.00157169612091,0.00157176339958,0.00222327490337,0.00222296274516,1,0,0,0.0216655185887,0.46896252214
BPF,24,101,0.001,0.00183697562724,0.00183705425846,0.00259846821427,0.00259816661057,1,0,0,0.0234226628365,0.548116594338
BPF,24,102,0.001,0.00216246302837,0.00216255559021,0.00305879418738,0.00305852682733,1,0,0,0.0254131649524,0.645235491863
BPF,24,103,0.001,0.00256581544358,0.00256592526663,0.00362928421237,0.00362901712788,1,0,0,0.0276819608398,0.765587744123
BPF,24,104,0.001,0.00307118752652,0.00307131897819,0.00434406520799,0.00434380117431,1,0,0,0.0302856341774,0.916380614531
BPF,24,105,0.001,0.00371217008275,0.00371232896931,0.00525063928217,0.00525038885631,1,0,0,0.0332963958267,1.10763692486
BPF,24,106,0.001,0.00453633851885,0.00453653267837,0.00641629425809,0.00641606948957,1,0,0,0.0368074672709,1.35355221852
BPF,24,107,0.001,0.0056124685824,0.00561270879584,0.00793833471835,0.00793811755523,1,0,0,0.0409411558316,1.67464779693
BPF,24,108,0.001,0.00704230442219,0.00704260582894,0.00996062718332,0.00996043711293,1,0,0,0.0458606846035,2.10128206828
BPF,24,109,0.001,0.00898035976975,0.0089807441232,0.0127017414197,0.0127015680345,1,0,0,0.0517881028306,2.67955882458
BPF,24,110,0.001,0.0116684430124,0.0116689424107,0.0165036655962,0.0165035172954,1,0,0,0.0590322842887,3.48162882984
BPF,24,111,0.001,0.0154983706393,0.0154990339497,0.0219205822796,0.0219204591072,1,0,0,0.0680340234593,4.62440224042
BPF,24,112,0.001,0.0211314417553,0.0211323461465,0.0298878103495,0.029887716306,1,0,0,0.0794415480126,6.30519741964
BPF,24,113,0.001,0.0270307952388,0.0270319517105,0.038231510669,0.0382315957686,1,0,14159,0.0942427076768,8.06754850396
BPF,24,114,0.001,0.0272316315041,0.0272327650828,0.0385115966201,0.0385156461352,1,0,20184,0.114009051145,8.13225550611
BPF,24,115,0.001,0.0273668973562,0.0273679738617,0.0386983118951,0.0387069302032,1,0,23347,0.141376720254,8.17741271085
BPF,24,116,0.001,0.0274948590308,0.0274958514202,0.0388664007187,0.0388878275516,1,0,25902,0.181073818504,8.21932275959
BPF,24,117,0.001,0.0276377554956,0.0276386396152,0.03904812783,0.0390897213326,1,0,28346,0.242356061462,8.26570918588
BPF,24,118,0.001,0.0278226727924,0.0278232242921,0.0392710641026,0.0393507154457,1,0,31038,0.345644553828,8.32490223784
BPF,24,119,0.001,0.0281037945178,0.0281013516379,0.0395833402872,0.0397466939836,1,0,34358,0.544351169305,8.41061625816
BPF,24,120,0.001,0.0286053854652,0.0285760093244,0.0400950536132,0.0404498744407,1,0,38895,1.0085864116,8.55948184834
BPF,24,121,0.001,0.0295065998396,0.0293442193828,0.0409608744085,0.0416971168208,1,0,45006,2.22827607797,8.83130413763
BPF,24,122,0.001,0.0304406472682,0.0300608971537,0.0418500714004,0.0429624885315,1,0,50078,4.09392356775,9.13002201372
BPF,24,123,0.001,0.0334047908401,0.0334014663398,0.0432477407157,0.046775319716,1,20170,75078,8.15661071185,9.62455576017
BPF,24,124,0.001,0.0334645875904,0.0334636278273,0.0432948283851,0.0454343639974,1,24995,77400,8.2144310439,9.64104236282
BPF,24,125,0.001,0.0335172041747,0.0335170463685,0.0433354377747,0.0372013329184,1,27798,78426,8.25754944716,9.65618020145
BPF,24,126,0.001,0.033562889266,0.0335626079915,0.0433757938445,0.0207994706769,1,29980,79158,8.29410537535,9.67062229401
BPF,24,127,0.001,0.0336085417261,0.0336111395352,0.0434209555387,0.00458034923688,1,31779,79749,8.32605876589,9.68467677836
BPF,24,0,1.000,0.00139800160961,0.00139828911237,0.918249189854,0.00197690296373,1,0,0,0.590668706109,0.436721499522
BPF,24,1,1.000,0.00162707639531,0.00162734352885,0.918293476105,0.00230095498276,1,0,0,0.647629396301,0.496494819294
BPF,24,2,1.000,0.00174040547169,0.00174066546519,0.918312907219,0.00246126632899,1,0,0,0.673488530319,0.526556637623
BPF,24,3,1.000,0.00183634919691,0.00183660430153,0.918328225613,0.00259698285307,1,0,0,0.694298869512,0.555808602952
BPF,24,4,1.000,0.00192410534342,0.00192435676273,0.918341398239,0.00272111626072,1,0,0,0.712521733283,0.582311280605
BPF,24,5,1.000,0.0020072172188,0.00200746574797,0.918353199959,0.00283867912758,1,0,0,0.734081205335,0.607172707535
BPF,24,6,1.000,0.00208750178156,0.00208774800548,0.918364107609,0.00295224183248,1,0,0,0.763002314851,0.630956331894
BPF,24,7,1.000,0.0021660445993,0.00216628897996,0.918374180794,0.00306334008292,1,0,0,0.790796150704,0.653994314898
BPF,24,8,1.000,0.00224356182222,0.00224380474079,0.918383717537,0.00317298698452,1,0,0,0.817744717222,0.676501586927
BPF,24,9,1.000,0.00232056089371,0.00232080267834,0.918392777443,0.00328190039188,1,0,0,0.844042256092,0.698626507192
BPF,24,10,1.000,0.00246711793555,0.00246735832225,0.918409049511,0.00348920054563,1,0,0,0.869828946753,0.740181821262
BPF,24,11,1.000,0.00262818514299,0.00262842497969,0.918425858021,0.00371702305396,1,0,0,0.895209616169,0.788058285669
BPF,24,12,1.000,0.00279522603799,0.00279546621201,0.918442189693,0.00395329342756,1,0,0,0.92026487328,0.837831121456
BPF,24,13,1.000,0.00296878002914,0.00296902136437,0.918458104134,0.00419877474343,1,0,0,0.947046667047,0.889249814089
BPF,24,14,1.000,0.00314937779753,0.00314962107463,0.918473660946,0.00445421770516,1,0,0,0.975363079049,0.942408082891
BPF,24,15,1.000,0.0033375512908,0.00333779725961,0.918488919735,0.00472037478576,1,0,0,1.00398277325,0.997950229371
BPF,24,16,1.000,0.0035338413004,0.00353409068351,0.918503880501,0.00499801094963,1,0,0,1.03294591098,1.05646847068
BPF,24,17,1.000,0.00373880357117,0.00373905707981,0.918518543243,0.00528791229766,1,0,0,1.06228785703,1.11740285256
BPF,24,18,1.000,0.00395301394386,0.00395327227649,0.918532967567,0.00559089334321,1,0,0,1.09204015477,1.18087610995
BPF,24,19,1.000,0.00417707291368,0.00417733676861,0.918547153473,0.00590780346176,1,0,0,1.12223125219,1.24701108597
BPF,24,20,1.000,0.00441160984729,0.00441187992684,0.91856110096,0.00623953285684,1,0,0,1.15288705085,1.31690998207
BPF,24,21,1.000,0.00465728697936,0.00465756399154,0.918574869633,0.00658701821377,1,0,0,1.18403132606,1.39026121563
BPF,24,22,1.000,0.00491480342583,0.00491508808821,0.918588399887,0.00695124837701,1,0,0,1.21587359164,1.46710543434
BPF,24,23,1.000,0.00518489915572,0.00518519220232,0.918601810932,0.00733326996847,1,0,0,1.24871365715,1.54764370753
BPF,24,24,1.000,0.00546835914227,0.00546866132528,0.918614983559,0.0077341932593,1,0,0,1.28225679318,1.63208551249
BPF,24,25,1.000,0.00576601765102,0.00576632974465,0.918628036976,0.00815519823542,1,0,0,1.31653773246,1.72064917029
BPF,24,26,1.000,0.00607876280087,0.00607908560828,0.918640911579,0.00859754104899,1,0,0,1.35159094003,1.81391104132
BPF,24,27,1.000,0.00640754139216,0.00640787573932,0.918653607368,0.00906256084731,1,0,0,1.38745071642,1.91201047059
BPF,24,28,1.000,0.00675336411164,0.00675371086513,0.918666183949,0.00955168713497,1,0,0,1.42415127788,2.01516764269
BPF,24,29,1.000,0.0071173111146,0.00711767117765,0.918678641319,0.0100664476693,1,0,0,1.46186731845,2.12369080104
BPF,24,30,1.000,0.00750053807686,0.00750091238996,0.918690919876,0.0106084770204,1,0,0,1.50057916991,2.23799415907
BPF,24,31,1.000,0.00790428276091,0.00790467231153,0.918703079224,0.0111795258579,1,0,0,1.54029892831,2.3584642392
BPF,24,32,1.000,0.0083298721561,0.00833027798616,0.918715059757,0.0117814710505,1,0,0,1.58107180682,2.48545230321
BPF,24,33,1.000,0.0087787302955,0.0087791534981,0.918726980686,0.0124163267218,1,0,0,1.62294422377,2.61938325437
BPF,24,34,1.000,0.00925238675533,0.00925282848836,0.918738722801,0.0130862562716,1,0,0,1.66599977717,2.7607134912
BPF,24,35,1.000,0.00975248600802,0.00975294747785,0.918750405312,0.0137935856051,1,0,0,1.7103074487,2.90993369266
BPF,24,36,1.000,0.0102807976567,0.0102812801592,0.918761909008,0.0145408176078,1,0,0,1.75589178835,3.06757187302
BPF,24,37,1.000,0.010839227667,0.0108397325669,0.918773293495,0.0153306480323,1,0,0,1.80281108169,3.23419673778
BPF,24,38,1.000,0.0114298307609,0.0114303595108,0.918784558773,0.016165983027,1,0,0,1.85112600723,3.41042137523
BPF,24,39,1.000,0.0120548240272,0.0120553781636,0.918795764446,0.017049958387,1,0,0,1.90093831762,3.59690732313
BPF,24,40,1.000,0.012716601971,0.0127171831422,0.918806791306,0.0179859608396,1,0,0,1.95229557907,3.7943690542
BPF,24,41,1.000,0.0134177531134,0.013418363063,0.91881775856,0.018977651522,1,0,0,2.00526554817,4.00357893028
BPF,24,42,1.000,0.0141610783283,0.0141617189192,0.918828547001,0.0200289919176,1,0,0,2.05992434695,4.22537268127
BPF,24,43,1.000,0.0149496112319,0.014950284451,0.918839275837,0.0211442726928,1,0,0,2.11637481179,4.46065547201
BPF,24,44,1.000,0.0157866406422,0.0157873486236,0.918849885464,0.0223281454645,1,0,0,2.17469402561,4.71040862944
BPF,24,45,1.000,0.0166757357111,0.0166764807256,0.918860375881,0.0235856583454,1,0,0,2.23496717711,4.97569711134
BPF,24,46,1.000,0.0176207736703,0.0176215581725,0.918870806694,0.0249222951871,1,0,0,2.29729315752,5.25767780987
BPF,24,47,1.000,0.018625970869,0.0186267974691,0.918881058693,0.0263440194797,1,0,0,2.36179202939,5.55760879561
BPF,24,48,1.000,0.0196959172666,0.0196967887883,0.918891251087,0.0278573231365,1,0,0,2.42855775428,5.87685962312
BPF,24,49,1.000,0.0208356150016,0.0208365344759,0.918901324272,0.029469281045,1,0,0,2.49770584993,6.21692283603
BPF,24,50,1.000,0.0220505215682,0.0220514922358,0.918911278248,0.0311876121347,1,0,0,2.56937619771,6.57942683024
BPF,24,51,1.000,0.0233465979506,0.023347623336,0.918921172619,0.0330207474576,1,0,0,2.6436887714,6.9661502568
BPF,24,52,1.000,0.0247303628999,0.0247314467937,0.918930888176,0.0349779069547,1,0,0,2.7207832681,7.37903817338
BPF,24,53,1.000,0.0262089536472,0.0262101001328,0.918940544128,0.0370691853279,1,0,0,2.8008225619,7.82022018508
BPF,24,54,1.000,0.0272746646109,0.0272758668417,0.918950140476,0.0385764691117,1,0,22408,2.8839552892,8.14657424263
BPF,24,55,1.000,0.0276087777207,0.0276100034664,0.91895955801,0.0390487326523,1,0,29110,2.97035814568,8.25249014073
BPF,24,56,1.000,0.0278567953283,0.0278580150725,0.918968915939,0.0393988395755,1,0,33073,3.06021629624,8.32620968077
BPF,24,57,1.000,0.0280746857602,0.0280758937956,0.918978154659,0.0397058992447,1,0,36116,3.15372110139,8.38900723585
BPF,24,58,1.000,0.0282774375863,0.0282786168984,0.91898727417,0.0399910716672,1,0,38709,3.25109226492,8.44516071067
BPF,24,59,1.000,0.0284711705354,0.0284723070951,0.918996274471,0.0402629802546,1,0,41025,3.35254689523,8.49650519089
BPF,24,60,1.000,0.0286589151239,0.0286600045352,0.919005215168,0.0405258846206,1,0,43142,3.45833699864,8.54426017979
BPF,24,61,1.000,0.0288423909285,0.0288434315391,0.919014036655,0.0407821931622,1,0,45109,3.56871743705,8.58958973604
BPF,24,62,1.000,0.0290226718518,0.0290236535146,0.919022738934,0.0410334028313,1,0,46981,3.6839755164,8.633042963
BPF,24,63,1.000,0.0292004820916,0.0292014037181,0.919031322002,0.0412805176238,1,0,48762,3.80441193241,8.67467823477
BPF,24,64,1.000,0.0293763646609,0.0293772318673,0.919039845467,0.0415242853613,1,0,50451,3.93035776979,8.71505884226
BPF,24,65,1.000,0.029550762593,0.0295515648784,0.919048249722,0.0417653112994,1,0,52096,4.06216691581,8.75463131776
BPF,24,66,1.000,0.0297240467507,0.0297247868981,0.919056534767,0.0420040980198,1,0,53681,4.20022478532,8.79340779658
BPF,24,67,1.000,0.0298965486222,0.0298972246995,0.919064700603,0.0422410916802,1,0,55218,4.34494877875,8.83144338505
BPF,24,68,1.000,0.030068587026,0.0300692053874,0.919072806835,0.0424767177408,1,0,56710,4.49679118287,8.8690765507
BPF,24,69,1.000,0.0302404746199,0.0302410341687,0.919080793858,0.0427113896233,1,0,58175,4.65624616487,8.90650628513
BPF,24,70,1.000,0.0304125145816,0.0304130233726,0.919088661671,0.0429455052198,1,0,59609,4.82384874117,8.94386697735
BPF,24,71,1.000,0.030585005603,0.0305854656637,0.919096410275,0.0431794532651,1,0,60997,5.00018636312,8.98106387014
BPF,24,72,1.000,0.0307582518242,0.0307586581454,0.919104039669,0.0434136259611,1,0,62379,5.18589749939,9.01829008837
BPF,24,73,1.000,0.0309325703847,0.0309329320092,0.919111609459,0.0436484291578,1,0,63719,5.38168323806,9.05575732823
BPF,24,74,1.000,0.0311082881973,0.0311086027518,0.91911906004,0.0438842771486,1,0,65058,5.58831312196,9.09364407229
BPF,24,75,1.000,0.0312857385866,0.0312860127818,0.919126391411,0.0441215882386,1,0,66374,5.80662687504,9.13190841442
BPF,24,76,1.000,0.0314652653461,0.0314654970639,0.919133603573,0.0443607914517,1,0,67689,6.03756280969,9.17059214151
BPF,24,77,1.000,0.0316472318774,0.0316474372931,0.919140696526,0.0446023359266,1,0,68974,6.28213395993,9.20989807423
BPF,24,78,1.000,0.0318320260227,0.031832203837,0.919147670269,0.044846695961,1,0,70253,6.54148577467,9.24994789548
BPF,24,79,1.000,0.032020056881,0.0320202136326,0.919154584408,0.0450943697665,1,0,71533,6.8168667626,9.29095603627
BPF,24,80,1.000,0.0322117578163,0.0322118910993,0.919161379337,0.045345880847,1,0,72815,7.10966715529,9.33298161388
BPF,24,81,1.000,0.0324075892647,0.0324077051609,0.919168055058,0.0456017794946,1,0,74082,7.42145038248,9.37597757482
BPF,24,82,1.000,0.0326080430084,0.0326081365927,0.919174611568,0.0458626525367,1,0,75346,7.75394284447,9.42020792406
BPF,24,83,1.000,0.0327886997382,0.0327887771874,0.91918104887,0.0460967686624,1,14448,76461,8.06187581329,9.46061759912
BPF,24,84,1.000,0.0328476148667,0.0328476745065,0.919187366962,0.0461724575478,1,21345,76831,8.13641300095,9.47543121198
BPF,24,85,1.000,0.0328913201236,0.0328913592378,0.919193565845,0.0462283600445,1,24393,77096,8.17861741827,9.48702386824
BPF,24,86,1.000,0.0329298441242,0.0329298637857,0.919199645519,0.0462775035748,1,26466,77336,8.20912577895,9.49747643233
BPF,24,87,1.000,0.0329653435098,0.0329653431233,0.919205665588,0.0463226923122,1,28086,77546,8.23679664637,9.50730222216
BPF,24,88,1.000,0.0329986944964,0.0329986696251,0.919211506844,0.0463650678371,1,29426,77744,8.26111523174,9.51669859113
BPF,24,89,1.000,0.0330303513494,0.0330302950827,0.919217288494,0.0464052238802,1,30561,77930,8.28311272741,9.52574015808
BPF,24,90,1.000,0.033060586082,0.0330604915222,0.919222891331,0.0464435166938,1,31562,78117,8.30309273052,9.53446324918
BPF,24,91,1.000,0.0330895722598,0.0330894357521,0.919228374958,0.0464801749533,1,32453,78301,8.32130996015,9.54290327092
BPF,24,92,1.000,0.0331174293588,0.0331172496749,0.919233798981,0.0465153570478,1,33264,78465,8.33811975436,9.55108950821
BPF,24,93,1.000,0.0331442456562,0.0331440222414,0.919239044189,0.0465491803167,1,34020,78627,8.35376278529,9.55903951784
BPF,24,94,1.000,0.0331700873481,0.0331698220023,0.919244229794,0.04658173346,1,34714,78784,8.36840508736,9.56675864728
BPF,24,95,1.000,0.0331950044996,0.0331947007402,0.919249236584,0.0466130844134,1,35352,78930,8.38216724445,9.57425878509
BPF,24,96,1.000,0.0332190357082,0.0332186956582,0.919254124165,0.0466432862292,1,35951,79075,8.39515066484,9.58153903137
BPF,24,97,1.000,0.0332422122986,0.033241833158,0.919258892536,0.046672382195,1,36498,79206,8.40744288136,9.58873059533
BPF,24,98,1.000,0.033264561198,0.0332641350612,0.919263541698,0.0467004095495,1,37013,79334,8.41910145697,9.59564794678
BPF,24,99,1.000,0.033286104613,0.0332856263831,0.919268071651,0.0467273992789,1,37501,79471,8.43017253332,9.60228640775
BPF,24,100,1.000,0.033306859901,0.0333063308216,0.919272482395,0.0467533762243,1,37966,79603,8.44069481839,9.60869583029
BPF,24,101,1.000,0.0333268407194,0.0333262681287,0.919276714325,0.0467783604977,1,38401,79719,8.45069156099,9.61488742571
BPF,24,102,1.000,0.033346058135,0.0333454487818,0.919280827045,0.04680236876,1,38799,79837,8.46013668764,9.62087208694
BPF,24,103,1.000,0.0333645222409,0.0333638773206,0.919284820557,0.0468254161437,1,39184,79939,8.46907428256,9.62660956769
BPF,24,104,1.000,0.0333822411504,0.0333815581551,0.919288694859,0.0468475151284,1,39554,80047,8.47752323558,9.63208549662
BPF,24,105,1.000,0.0333992206085,0.0333984957493,0.919292390347,0.0468686750739,1,39900,80149,8.48551690705,9.63730743641
BPF,24,106,1.000,0.033415464459,0.033414695693,0.919295966625,0.0468889028567,1,40223,80246,8.49307169496,9.64228099653
BPF,24,107,1.000,0.0334309742281,0.0334301619044,0.919299423695,0.0469082024732,1,40525,80336,8.50020573259,9.64701001749
BPF,24,108,1.000,0.0334457498541,0.0334448948262,0.91930270195,0.0469265758804,1,40811,80427,8.50693540593,9.6514967842
BPF,24,109,1.000,0.0334597893677,0.0334588946133,0.919305860996,0.046944022542,1,41085,80509,8.51327765422,9.65574443995
BPF,24,110,1.000,0.0334730887185,0.0334721581031,0.919308841228,0.0469605392379,1,41337,80596,8.51923821126,9.65975961436
BPF,24,111,1.000,0.0334856415838,0.033484678684,0.919311642647,0.0469761198161,1,41586,80667,8.52482315949,9.66353171561
BPF,24,112,1.000,0.0334974389303,0.0334964464344,0.919314324856,0.0469907546675,1,41813,80736,8.53003708166,9.66707232453
BPF,24,113,1.000,0.033508468377,0.0335074471236,0.919316828251,0.0470044299454,1,42017,80800,8.53488204464,9.67036931972
BPF,24,114,1.000,0.0335187139968,0.0335176629993,0.919319152832,0.0470171273191,1,42204,80854,8.53936002915,9.67342402191
BPF,24,115,1.000,0.0335281552416,0.0335270740317,0.919321358204,0.0470288226663,1,42374,80905,8.54346767672,9.67624556613
BPF,24,116,1.000,0.0335367652999,0.0335356542531,0.919323325157,0.0470394840764,1,42527,80955,8.54719552597,9.67890093879
BPF,24,117,1.000,0.0335445088855,0.0335433695159,0.919325113297,0.0470490690522,1,42660,81004,8.55053308022,9.68123489428
BPF,24,118,1.000,0.0335513385344,0.0335501737052,0.919326663017,0.0470575200025,1,42776,81048,8.55347165761,9.68327002258
BPF,24,119,1.000,0.0335571875772,0.0335560012088,0.919328033924,0.0470647554888,1,42876,81086,8.55597607991,9.68500385557
BPF,24,120,1.000,0.0335619559432,0.033560752656,0.919329106808,0.0470706527338,1,42955,81119,8.55801805341,9.68641129579
BPF,24,121,1.000,0.0335654725137,0.0335642573452,0.919329941273,0.0470750010171,1,43020,81139,8.55951860669,9.68744689098
BPF,24,122,1.000,0.0335673123428,0.0335660911677,0.919330358505,0.0470772757166,1,43051,81153,8.56030185771,9.68798731097
BPF,24,123,1.000,0.0336092305593,0.0336078994065,0.919340193272,0.047129050955,1,43785,81381,8.57802050907,9.70025375237
BPF,24,124,1.000,0.0336537408698,0.033652244829,0.919350743294,0.0471839219095,1,44525,81658,8.59653682816,9.71317506932
BPF,24,125,1.000,0.0336977856358,0.033696142715,0.919361293316,0.0472381124726,1,45274,81888,8.61448733616,9.72586888614
BPF,24,126,1.000,0.0337413808761,0.033739561212,0.919371902943,0.0472916463956,1,45969,82159,8.63185531898,9.73830323704
BPF,24,127,1.000,0.0337845398151,0.0337825610037,0.919382572174,0.0473445434452,1,46667,82390,8.64871268126,9.75049496855
