series,source,x,y
envelope,Roland hardware demo,0.025,0.03413604504074021
envelope,Roland hardware demo,0.035,0.04360654610075167
envelope,Roland hardware demo,0.045,0.0765591910472903
envelope,Roland hardware demo,0.055,0.09052878641472446
envelope,Roland hardware demo,0.065,0.09726523178217034
envelope,Roland hardware demo,0.075,0.10835711205562559
envelope,Roland hardware demo,0.085,0.11211369436200355
envelope,Roland hardware demo,0.095,0.10859358007927845
envelope,Roland hardware demo,0.105,0.10975750562381974
envelope,Roland hardware demo,0.115,0.10766423838366918
envelope,Roland hardware demo,0.125,0.1067554865574943
envelope,Roland hardware demo,0.135,0.11026368741220913
envelope,Roland hardware demo,0.145,0.1083214891503226
envelope,Roland hardware demo,0.155,0.1074357824490609
envelope,Roland hardware demo,0.165,0.10768649273240216
envelope,Roland hardware demo,0.175,0.10635854147806516
envelope,Roland hardware demo,0.185,0.10878735303937179
envelope,Roland hardware demo,0.195,0.10375987327262112
envelope,Roland hardware demo,0.205,0.10496419162840519
envelope,Roland hardware demo,0.215,0.10806504966258715
envelope,Roland hardware demo,0.225,0.1082679718991299
envelope,Roland hardware demo,0.235,0.10666663260734488
envelope,Roland hardware demo,0.245,0.1017380308950869
envelope,Roland hardware demo,0.255,0.10484526040841859
envelope,Roland hardware demo,0.265,0.10732736455432575
envelope,Roland hardware demo,0.275,0.10711838779192032
envelope,Roland hardware demo,0.285,0.10474069060797343
envelope,Roland hardware demo,0.295,0.10560450447526154
envelope,Roland hardware demo,0.305,0.10496413747325319
envelope,Roland hardware demo,0.315,0.10711768110878354
envelope,Roland hardware demo,0.325,0.10000803891808868
envelope,Roland hardware demo,0.335,0.10462022544463453
envelope,Roland hardware demo,0.345,0.10757336145897847
envelope,Roland hardware demo,0.355,0.10802180101739742
envelope,Roland hardware demo,0.365,0.10807103789777049
envelope,Roland hardware demo,0.375,0.10447805708801305
envelope,Roland hardware demo,0.385,0.10409989242819553
envelope,Roland hardware demo,0.395,0.10952850194845558
envelope,Roland hardware demo,0.405,0.10267682767149491
envelope,Roland hardware demo,0.415,0.10097247097015544
envelope,Roland hardware demo,0.425,0.1040097812456093
envelope,Roland hardware demo,0.435,0.10245656988317066
envelope,Roland hardware demo,0.445,0.10090246121528777
envelope,Roland hardware demo,0.455,0.10063825287848129
envelope,Roland hardware demo,0.465,0.09761441442955475
envelope,Roland hardware demo,0.475,0.10800858438499099
envelope,Roland hardware demo,0.485,0.10828198008736202
envelope,Roland hardware demo,0.495,0.10757092336233971
envelope,Roland hardware demo,0.505,0.10298295882084935
envelope,Roland hardware demo,0.515,0.10925937949893644
envelope,Roland hardware demo,0.525,0.10405659365690996
envelope,Roland hardware demo,0.535,0.10239147906416807
envelope,Roland hardware demo,0.545,0.10306758539230172
envelope,Roland hardware demo,0.555,0.10423776571814027
envelope,Roland hardware demo,0.565,0.10436234045524236
envelope,Roland hardware demo,0.575,0.10470945644430953
envelope,Roland hardware demo,0.585,0.09732751341634534
envelope,Roland hardware demo,0.595,0.10119539204463356
envelope,Roland hardware demo,0.605,0.10482569243676708
envelope,Roland hardware demo,0.615,0.10355672352999058
envelope,Roland hardware demo,0.625,0.10274940125612599
envelope,Roland hardware demo,0.635,0.10224704845262877
envelope,Roland hardware demo,0.645,0.10030959352547246
envelope,Roland hardware demo,0.655,0.1034126901357472
envelope,Roland hardware demo,0.665,0.10160894542152095
envelope,Roland hardware demo,0.675,0.10000087103521328
envelope,Roland hardware demo,0.685,0.10170884406742642
envelope,Roland hardware demo,0.695,0.10203126738417827
envelope,Roland hardware demo,0.705,0.10196951930319195
envelope,Roland hardware demo,0.715,0.09469705870542473
envelope,Roland hardware demo,0.725,0.09713642427206995
envelope,Roland hardware demo,0.735,0.1026162604909581
envelope,Roland hardware demo,0.745,0.1021174710235518
envelope,Roland hardware demo,0.755,0.10184072166745745
envelope,Roland hardware demo,0.765,0.10601594150184813
envelope,Roland hardware demo,0.775,0.10327732038773921
envelope,Roland hardware demo,0.785,0.10304320055515546
envelope,Roland hardware demo,0.795,0.10282036459229396
envelope,Roland hardware demo,0.805,0.10094389392102145
envelope,Roland hardware demo,0.815,0.10301692098926978
envelope,Roland hardware demo,0.825,0.09999937336597552
envelope,Roland hardware demo,0.835,0.10262892476249283
envelope,Roland hardware demo,0.845,0.10085459595274687
envelope,Roland hardware demo,0.855,0.10047680099915184
envelope,Roland hardware demo,0.865,0.09600319026863507
envelope,Roland hardware demo,0.875,0.1015898960832242
envelope,Roland hardware demo,0.885,0.10063330297060818
envelope,Roland hardware demo,0.895,0.09778702317387841
envelope,Roland hardware demo,0.905,0.09806616617993115
envelope,Roland hardware demo,0.915,0.09913928957547573
envelope,Roland hardware demo,0.925,0.09937465726026365
envelope,Roland hardware demo,0.935,0.09673493360518634
envelope,Roland hardware demo,0.945,0.10307386854269321
envelope,Roland hardware demo,0.955,0.10633420250448565
envelope,Roland hardware demo,0.965,0.10382677514549757
envelope,Roland hardware demo,0.975,0.1048692002041139
envelope,Roland hardware demo,0.985,0.10772130820317803
envelope,Roland hardware demo,0.995,0.10405124764093578
envelope,Roland hardware demo,1.005,0.10274103366977444
envelope,Roland hardware demo,1.015,0.1028612800357252
envelope,Roland hardware demo,1.025,0.10496764435467962
envelope,Roland hardware demo,1.035,0.10413657849573167
envelope,Roland hardware demo,1.045,0.09739645230014564
envelope,Roland hardware demo,1.055,0.1010817148331841
envelope,Roland hardware demo,1.065,0.10451921191667404
envelope,Roland hardware demo,1.075,0.10303007194742661
envelope,Roland hardware demo,1.085,0.10260914087726912
envelope,Roland hardware demo,1.095,0.10207522341303145
envelope,Roland hardware demo,1.105,0.09994975513569435
envelope,Roland hardware demo,1.115,0.10352366952065006
envelope,Roland hardware demo,1.125,0.101237705770176
envelope,Roland hardware demo,1.135,0.10021079508443242
envelope,Roland hardware demo,1.145,0.10168220591703477
envelope,Roland hardware demo,1.155,0.10185611723687407
envelope,Roland hardware demo,1.165,0.10179190212285184
envelope,Roland hardware demo,1.175,0.09454005839842984
envelope,Roland hardware demo,1.185,0.09901885034542801
envelope,Roland hardware demo,1.195,0.10169808381968014
envelope,Roland hardware demo,1.205,0.10200173785807745
envelope,Roland hardware demo,1.215,0.10002605721098719
envelope,Roland hardware demo,1.225,0.09879275555823314
envelope,Roland hardware demo,1.235,0.09824069195441976
envelope,Roland hardware demo,1.245,0.10193338619013878
envelope,Roland hardware demo,1.255,0.0984494735623412
envelope,Roland hardware demo,1.265,0.09996088839823568
envelope,Roland hardware demo,1.275,0.10199161801218735
envelope,Roland hardware demo,1.285,0.10261039099390545
envelope,Roland hardware demo,1.295,0.10399242241071982
envelope,Roland hardware demo,1.305,0.10225436595962716
envelope,Roland hardware demo,1.315,0.10376495788372558
envelope,Roland hardware demo,1.325,0.1085634797640743
envelope,Roland hardware demo,1.335,0.1052260316634467
envelope,Roland hardware demo,1.345,0.09868211373040474
envelope,Roland hardware demo,1.355,0.10323881998742487
envelope,Roland hardware demo,1.365,0.10147950127953445
envelope,Roland hardware demo,1.375,0.10065015704878719
envelope,Roland hardware demo,1.385,0.09677826809035596
envelope,Roland hardware demo,1.395,0.1113379726886056
envelope,Roland hardware demo,1.405,0.10345960497494834
envelope,Roland hardware demo,1.415,0.10651788461043
envelope,Roland hardware demo,1.425,0.10864640498495073
envelope,Roland hardware demo,1.435,0.10646694549889774
envelope,Roland hardware demo,1.445,0.10048212555982503
envelope,Roland hardware demo,1.455,0.10307314491688685
envelope,Roland hardware demo,1.465,0.10211723702706564
envelope,Roland hardware demo,1.475,0.10192502364732789
envelope,Roland hardware demo,1.485,0.10072886451486006
envelope,Roland hardware demo,1.495,0.09957644144912495
envelope,Roland hardware demo,1.505,0.10272723857183846
envelope,Roland hardware demo,1.515,0.10104337028419
envelope,Roland hardware demo,1.525,0.1001087563945628
envelope,Roland hardware demo,1.535,0.1003720786653046
envelope,Roland hardware demo,1.545,0.09931977688628846
envelope,Roland hardware demo,1.555,0.10127454927486382
envelope,Roland hardware demo,1.565,0.09620712681994842
envelope,Roland hardware demo,1.575,0.09767062190728303
envelope,Roland hardware demo,1.585,0.10056100926166388
envelope,Roland hardware demo,1.595,0.100812685137445
envelope,Roland hardware demo,1.605,0.09930084738261774
envelope,Roland hardware demo,1.615,0.09527034458887185
envelope,Roland hardware demo,1.625,0.09757775595781025
envelope,Roland hardware demo,1.635,0.10001095748767815
envelope,Roland hardware demo,1.645,0.09994227668962372
envelope,Roland hardware demo,1.655,0.09690453164729718
envelope,Roland hardware demo,1.665,0.10257483983177404
envelope,Roland hardware demo,1.675,0.1002473276541592
envelope,Roland hardware demo,1.685,0.10011850792545221
envelope,Roland hardware demo,1.695,0.096763770257477
envelope,Roland hardware demo,1.705,0.0945832062492275
envelope,Roland hardware demo,1.715,0.0976870080756215
envelope,Roland hardware demo,1.725,0.09679720170853966
envelope,Roland hardware demo,1.735,0.09566929094120409
envelope,Roland hardware demo,1.745,0.09391846274212957
envelope,Roland hardware demo,1.755,0.09682966120471133
envelope,Roland hardware demo,1.765,0.09670858225862598
envelope,Roland hardware demo,1.775,0.09441239540709213
envelope,Roland hardware demo,1.785,0.09592811708630386
envelope,Roland hardware demo,1.795,0.09297558831765011
envelope,Roland hardware demo,1.805,0.09588487128181845
envelope,Roland hardware demo,1.815,0.09398933927617147
envelope,Roland hardware demo,1.825,0.0932674373115938
envelope,Roland hardware demo,1.835,0.08861505529209858
envelope,Roland hardware demo,1.845,0.09410167315857494
envelope,Roland hardware demo,1.855,0.09276031126545904
envelope,Roland hardware demo,1.865,0.08988145493323431
envelope,Roland hardware demo,1.875,0.0857058133809799
envelope,Roland hardware demo,1.885,0.08781772285429619
envelope,Roland hardware demo,1.895,0.09514780832276416
envelope,Roland hardware demo,1.905,0.09575756173794053
envelope,Roland hardware demo,1.915,0.09249918419626424
envelope,Roland hardware demo,1.925,0.10343823701734237
envelope,Roland hardware demo,1.935,0.10767471559298553
envelope,Roland hardware demo,1.945,0.10360981102308055
envelope,Roland hardware demo,1.955,0.10427529502100398
envelope,Roland hardware demo,1.965,0.10478526128754036
envelope,Roland hardware demo,1.975,0.10387426187361157
envelope,Roland hardware demo,1.985,0.1059026192951414
envelope,Roland hardware demo,1.995,0.0995583901959818
envelope,Roland hardware demo,2.005,0.10248779456176829
envelope,Roland hardware demo,2.015,0.10552739583366864
envelope,Roland hardware demo,2.025,0.105184740598063
envelope,Roland hardware demo,2.035,0.1038112652129029
envelope,Roland hardware demo,2.045,0.10129196249046446
envelope,Roland hardware demo,2.055,0.10168830367446709
envelope,Roland hardware demo,2.065,0.1041536992343463
envelope,Roland hardware demo,2.075,0.10338217436266245
envelope,Roland hardware demo,2.085,0.10154899014422374
envelope,Roland hardware demo,2.095,0.10171295451507467
envelope,Roland hardware demo,2.105,0.10113135941538326
envelope,Roland hardware demo,2.115,0.10299445829470102
envelope,Roland hardware demo,2.125,0.09718004817218265
envelope,Roland hardware demo,2.135,0.1001714947715097
envelope,Roland hardware demo,2.145,0.10280707777577261
envelope,Roland hardware demo,2.155,0.10340838229487057
envelope,Roland hardware demo,2.165,0.10210565490237851
envelope,Roland hardware demo,2.175,0.09799522934750235
envelope,Roland hardware demo,2.185,0.09952615785488467
envelope,Roland hardware demo,2.195,0.10372300155203594
envelope,Roland hardware demo,2.205,0.10162439918684286
envelope,Roland hardware demo,2.215,0.10236465249766874
envelope,Roland hardware demo,2.225,0.11002115987155858
envelope,Roland hardware demo,2.235,0.10577628863126055
envelope,Roland hardware demo,2.245,0.1076819266250828
envelope,Roland hardware demo,2.255,0.10505461671235268
envelope,Roland hardware demo,2.265,0.10388036568746158
envelope,Roland hardware demo,2.275,0.09859522167826883
envelope,Roland hardware demo,2.285,0.10083771890210956
envelope,Roland hardware demo,2.295,0.09863687696723021
envelope,Roland hardware demo,2.305,0.09742802363996743
envelope,Roland hardware demo,2.315,0.0930368320625384
envelope,Roland hardware demo,2.325,0.09597475405015675
envelope,Roland hardware demo,2.335,0.09482129877715538
envelope,Roland hardware demo,2.345,0.08934278463403614
envelope,Roland hardware demo,2.355,0.09402483208519294
envelope,Roland hardware demo,2.365,0.10024778291598711
envelope,Roland hardware demo,2.375,0.09598769334042521
envelope,Roland hardware demo,2.385,0.09929883068544046
envelope,Roland hardware demo,2.395,0.10103198372895388
envelope,Roland hardware demo,2.405,0.10136251174129741
envelope,Roland hardware demo,2.415,0.10018705159386439
envelope,Roland hardware demo,2.425,0.09923443294197824
envelope,Roland hardware demo,2.435,0.0983791350969975
envelope,Roland hardware demo,2.445,0.10108362487754229
envelope,Roland hardware demo,2.455,0.09952860584305359
envelope,Roland hardware demo,2.465,0.09856030414619772
envelope,Roland hardware demo,2.475,0.09880290067678815
envelope,Roland hardware demo,2.485,0.09787865588762978
envelope,Roland hardware demo,2.495,0.099750310197044
envelope,Roland hardware demo,2.505,0.0942371859333792
envelope,Roland hardware demo,2.515,0.09634305144126483
envelope,Roland hardware demo,2.525,0.09924759247878141
envelope,Roland hardware demo,2.535,0.09951689230360598
envelope,Roland hardware demo,2.545,0.09803461750944782
envelope,Roland hardware demo,2.555,0.09363480838748789
envelope,Roland hardware demo,2.565,0.10335605958817552
envelope,Roland hardware demo,2.575,0.10443391610967252
envelope,Roland hardware demo,2.585,0.1024644204209717
envelope,Roland hardware demo,2.595,0.0995152635573908
envelope,Roland hardware demo,2.605,0.10939073278248182
envelope,Roland hardware demo,2.615,0.09839589326246445
envelope,Roland hardware demo,2.625,0.1003788516491467
envelope,Roland hardware demo,2.635,0.0952613089322443
envelope,Roland hardware demo,2.645,0.09966729090307741
envelope,Roland hardware demo,2.655,0.09890167255379345
envelope,Roland hardware demo,2.665,0.09664243801179699
envelope,Roland hardware demo,2.675,0.0964728351619207
envelope,Roland hardware demo,2.685,0.09814187311743822
envelope,Roland hardware demo,2.695,0.09837973084711522
envelope,Roland hardware demo,2.705,0.09596842555066355
envelope,Roland hardware demo,2.715,0.09747624847009968
envelope,Roland hardware demo,2.725,0.09309844422340972
envelope,Roland hardware demo,2.735,0.09728289601446448
envelope,Roland hardware demo,2.745,0.09552421432137229
envelope,Roland hardware demo,2.755,0.09507557658713929
envelope,Roland hardware demo,2.765,0.08626246872746476
envelope,Roland hardware demo,2.775,0.08764901065115618
envelope,Roland hardware demo,2.785,0.09126546961785187
envelope,Roland hardware demo,2.795,0.08979580507422978
envelope,Roland hardware demo,2.805,0.09213882545523883
envelope,Roland hardware demo,2.815,0.09538202842986063
envelope,Roland hardware demo,2.825,0.10423391821905381
envelope,Roland hardware demo,2.835,0.0937744210676179
envelope,Roland hardware demo,2.845,0.09973726729682324
envelope,Roland hardware demo,2.855,0.09444727839803638
envelope,Roland hardware demo,2.865,0.10328561543504788
envelope,Roland hardware demo,2.875,0.09629925356105234
envelope,Roland hardware demo,2.885,0.1040981618802762
envelope,Roland hardware demo,2.895,0.09874948965074432
envelope,Roland hardware demo,2.905,0.10422181204921949
envelope,Roland hardware demo,2.915,0.10043937602071762
envelope,Roland hardware demo,2.925,0.1009774624920024
envelope,Roland hardware demo,2.935,0.09932888184813748
envelope,Roland hardware demo,2.945,0.09364555314524765
envelope,Roland hardware demo,2.955,0.09686116337557127
envelope,Roland hardware demo,2.965,0.09202207879112247
envelope,Roland hardware demo,2.975,0.09708428954230486
envelope,Roland hardware demo,2.985,0.09305857269039779
envelope,Roland hardware demo,2.995,0.10311553501181901
envelope,Roland hardware demo,3.005,0.10433369192691826
envelope,Roland hardware demo,3.015,0.10922754899225438
envelope,Roland hardware demo,3.025,0.10391416779702138
envelope,Roland hardware demo,3.035,0.10623251570280984
envelope,Roland hardware demo,3.045,0.10283115537368256
envelope,Roland hardware demo,3.055,0.09718212952742672
envelope,Roland hardware demo,3.065,0.09730283837425335
envelope,Roland hardware demo,3.075,0.09927791998679354
envelope,Roland hardware demo,3.085,0.09982570537934352
envelope,Roland hardware demo,3.095,0.09879841983465913
envelope,Roland hardware demo,3.105,0.09744869559072482
envelope,Roland hardware demo,3.115,0.09544662118344877
envelope,Roland hardware demo,3.125,0.09499050276896209
envelope,Roland hardware demo,3.135,0.09448831979668326
envelope,Roland hardware demo,3.145,0.09242499700266299
envelope,Roland hardware demo,3.155,0.09072318649266257
envelope,Roland hardware demo,3.165,0.09171696077173251
envelope,Roland hardware demo,3.175,0.09122006550285312
envelope,Roland hardware demo,3.185,0.09085451764079637
envelope,Roland hardware demo,3.195,0.09267801430523562
envelope,Roland hardware demo,3.205,0.09390299641464059
envelope,Roland hardware demo,3.215,0.09250957286682407
envelope,Roland hardware demo,3.225,0.08977704621705788
envelope,Roland hardware demo,3.235,0.09129242316298558
envelope,Roland hardware demo,3.245,0.09508633779181601
envelope,Roland hardware demo,3.255,0.10028831743626551
envelope,Roland hardware demo,3.265,0.09924627620822436
envelope,Roland hardware demo,3.275,0.10668960711595345
envelope,Roland hardware demo,3.285,0.10260498047337205
envelope,Roland hardware demo,3.295,0.10540827089693312
envelope,Roland hardware demo,3.305,0.09761279947113996
envelope,Roland hardware demo,3.315,0.10618137749257366
envelope,Roland hardware demo,3.325,0.09702272807006856
envelope,Roland hardware demo,3.335,0.10634398462169387
envelope,Roland hardware demo,3.345,0.09590358054548931
envelope,Roland hardware demo,3.355,0.1058762776013479
envelope,Roland hardware demo,3.365,0.09626506455443373
envelope,Roland hardware demo,3.375,0.10535887720512019
envelope,Roland hardware demo,3.385,0.09782627050457067
envelope,Roland hardware demo,3.395,0.10477228163520697
envelope,Roland hardware demo,3.405,0.09872631427679833
envelope,Roland hardware demo,3.415,0.1028531534778565
envelope,Roland hardware demo,3.425,0.09881073524089061
envelope,Roland hardware demo,3.435,0.09987933582717405
envelope,Roland hardware demo,3.445,0.09863529179645171
envelope,Roland hardware demo,3.455,0.10144992076275777
envelope,Roland hardware demo,3.465,0.10352548765662134
envelope,Roland hardware demo,3.475,0.10413717767490274
envelope,Roland hardware demo,3.485,0.10570140175053079
envelope,Roland hardware demo,3.495,0.10571852719430125
envelope,Roland hardware demo,3.505,0.10386475372408588
envelope,Roland hardware demo,3.515,0.10211501849356926
envelope,Roland hardware demo,3.525,0.10159848881267552
envelope,Roland hardware demo,3.535,0.10119174896756995
envelope,Roland hardware demo,3.545,0.10076048849635566
envelope,Roland hardware demo,3.555,0.1003474587223635
envelope,Roland hardware demo,3.565,0.10000785631857777
envelope,Roland hardware demo,3.575,0.09961166564568559
envelope,Roland hardware demo,3.585,0.09913349439632366
envelope,Roland hardware demo,3.595,0.09880725551754986
envelope,Roland hardware demo,3.605,0.09881547464031866
envelope,Roland hardware demo,3.615,0.0988898759186094
envelope,Roland hardware demo,3.625,0.09891462377841072
envelope,Roland hardware demo,3.635,0.09878106320188913
envelope,Roland hardware demo,3.645,0.09813437389698967
envelope,Roland hardware demo,3.655,0.09682997330900918
envelope,Roland hardware demo,3.665,0.09498317851496575
envelope,Roland hardware demo,3.675,0.0927456567325748
envelope,Septum / reconstructed MIDI,0.025,0.08061125457004888
envelope,Septum / reconstructed MIDI,0.035,0.09795518142346508
envelope,Septum / reconstructed MIDI,0.045,0.11352678234203098
envelope,Septum / reconstructed MIDI,0.055,0.12059793837100893
envelope,Septum / reconstructed MIDI,0.065,0.11892709286339258
envelope,Septum / reconstructed MIDI,0.075,0.12191103189549295
envelope,Septum / reconstructed MIDI,0.085,0.11820544353495381
envelope,Septum / reconstructed MIDI,0.095,0.11506533547972528
envelope,Septum / reconstructed MIDI,0.105,0.11806426930622212
envelope,Septum / reconstructed MIDI,0.115,0.11835188052022079
envelope,Septum / reconstructed MIDI,0.125,0.1176274025595363
envelope,Septum / reconstructed MIDI,0.135,0.11513170675080095
envelope,Septum / reconstructed MIDI,0.145,0.1150380094275873
envelope,Septum / reconstructed MIDI,0.155,0.11803911111866205
envelope,Septum / reconstructed MIDI,0.165,0.11845610360583192
envelope,Septum / reconstructed MIDI,0.175,0.11636466391922572
envelope,Septum / reconstructed MIDI,0.185,0.114867547218575
envelope,Septum / reconstructed MIDI,0.195,0.11550550175151404
envelope,Septum / reconstructed MIDI,0.205,0.11773584447457937
envelope,Septum / reconstructed MIDI,0.215,0.11761998636357793
envelope,Septum / reconstructed MIDI,0.225,0.11460683391818816
envelope,Septum / reconstructed MIDI,0.235,0.11570037741932382
envelope,Septum / reconstructed MIDI,0.245,0.11633467618983971
envelope,Septum / reconstructed MIDI,0.255,0.1172685300281555
envelope,Septum / reconstructed MIDI,0.265,0.11578518094552354
envelope,Septum / reconstructed MIDI,0.275,0.11403969982858878
envelope,Septum / reconstructed MIDI,0.285,0.11662386934942054
envelope,Septum / reconstructed MIDI,0.295,0.11717439585043332
envelope,Septum / reconstructed MIDI,0.305,0.11668398343522304
envelope,Septum / reconstructed MIDI,0.315,0.11371338163487679
envelope,Septum / reconstructed MIDI,0.325,0.11421707393748368
envelope,Septum / reconstructed MIDI,0.335,0.11706688460088543
envelope,Septum / reconstructed MIDI,0.345,0.117430570361049
envelope,Septum / reconstructed MIDI,0.355,0.11566284367500954
envelope,Septum / reconstructed MIDI,0.365,0.11371250894325309
envelope,Septum / reconstructed MIDI,0.375,0.1148088264292691
envelope,Septum / reconstructed MIDI,0.385,0.11750594886663704
envelope,Septum / reconstructed MIDI,0.395,0.11540924829318916
envelope,Septum / reconstructed MIDI,0.405,0.10798103945106641
envelope,Septum / reconstructed MIDI,0.415,0.10759427889664454
envelope,Septum / reconstructed MIDI,0.425,0.09955214546659663
envelope,Septum / reconstructed MIDI,0.435,0.08675523737243408
envelope,Septum / reconstructed MIDI,0.445,0.0775515069832034
envelope,Septum / reconstructed MIDI,0.455,0.0714528542514737
envelope,Septum / reconstructed MIDI,0.465,0.0712557632041341
envelope,Septum / reconstructed MIDI,0.475,0.07749744099770672
envelope,Septum / reconstructed MIDI,0.485,0.08956852930086208
envelope,Septum / reconstructed MIDI,0.495,0.10137836209332672
envelope,Septum / reconstructed MIDI,0.505,0.11372647924037778
envelope,Septum / reconstructed MIDI,0.515,0.11928898141703125
envelope,Septum / reconstructed MIDI,0.525,0.11743382229881967
envelope,Septum / reconstructed MIDI,0.535,0.11800403261873595
envelope,Septum / reconstructed MIDI,0.545,0.11859622419535684
envelope,Septum / reconstructed MIDI,0.555,0.1138752218600331
envelope,Septum / reconstructed MIDI,0.565,0.11364033923206945
envelope,Septum / reconstructed MIDI,0.575,0.11629807199272017
envelope,Septum / reconstructed MIDI,0.585,0.11675094439615807
envelope,Septum / reconstructed MIDI,0.595,0.11584806821712504
envelope,Septum / reconstructed MIDI,0.605,0.11255157249150652
envelope,Septum / reconstructed MIDI,0.615,0.11405731173793936
envelope,Septum / reconstructed MIDI,0.625,0.11658165380924235
envelope,Septum / reconstructed MIDI,0.635,0.11656785174680867
envelope,Septum / reconstructed MIDI,0.645,0.11459259861056534
envelope,Septum / reconstructed MIDI,0.655,0.11349791197559968
envelope,Septum / reconstructed MIDI,0.665,0.11486870833927236
envelope,Septum / reconstructed MIDI,0.675,0.1165243123506605
envelope,Septum / reconstructed MIDI,0.685,0.11537594975122194
envelope,Septum / reconstructed MIDI,0.695,0.11349419566934917
envelope,Septum / reconstructed MIDI,0.705,0.11490709171271996
envelope,Septum / reconstructed MIDI,0.715,0.11585566832715943
envelope,Septum / reconstructed MIDI,0.725,0.11470221268094713
envelope,Septum / reconstructed MIDI,0.735,0.1123772734040309
envelope,Septum / reconstructed MIDI,0.745,0.10830938210878939
envelope,Septum / reconstructed MIDI,0.755,0.1064930986020769
envelope,Septum / reconstructed MIDI,0.765,0.09537482393976371
envelope,Septum / reconstructed MIDI,0.775,0.08446080559616348
envelope,Septum / reconstructed MIDI,0.785,0.07542194114797883
envelope,Septum / reconstructed MIDI,0.795,0.07053834290710409
envelope,Septum / reconstructed MIDI,0.805,0.0701963245694833
envelope,Septum / reconstructed MIDI,0.815,0.06840117601778081
envelope,Septum / reconstructed MIDI,0.825,0.06961714071902922
envelope,Septum / reconstructed MIDI,0.835,0.06779430971254626
envelope,Septum / reconstructed MIDI,0.845,0.06966830106238016
envelope,Septum / reconstructed MIDI,0.855,0.06831334489826121
envelope,Septum / reconstructed MIDI,0.865,0.06942617804237791
envelope,Septum / reconstructed MIDI,0.875,0.06868896324026008
envelope,Septum / reconstructed MIDI,0.885,0.06830276961488717
envelope,Septum / reconstructed MIDI,0.895,0.06933273278730784
envelope,Septum / reconstructed MIDI,0.905,0.06805973711550463
envelope,Septum / reconstructed MIDI,0.915,0.0694840128587715
envelope,Septum / reconstructed MIDI,0.925,0.0774620481988266
envelope,Septum / reconstructed MIDI,0.935,0.09389654489815036
envelope,Septum / reconstructed MIDI,0.945,0.10195569667781061
envelope,Septum / reconstructed MIDI,0.955,0.11034017438940598
envelope,Septum / reconstructed MIDI,0.965,0.11510126570979345
envelope,Septum / reconstructed MIDI,0.975,0.12087522035373846
envelope,Septum / reconstructed MIDI,0.985,0.11817580773239102
envelope,Septum / reconstructed MIDI,0.995,0.11250861921187143
envelope,Septum / reconstructed MIDI,1.005,0.11422965375256923
envelope,Septum / reconstructed MIDI,1.015,0.11655381951783747
envelope,Septum / reconstructed MIDI,1.025,0.1160184388436451
envelope,Septum / reconstructed MIDI,1.035,0.11414071564880451
envelope,Septum / reconstructed MIDI,1.045,0.11352699209002451
envelope,Septum / reconstructed MIDI,1.055,0.11502938479236363
envelope,Septum / reconstructed MIDI,1.065,0.11635938591461156
envelope,Septum / reconstructed MIDI,1.075,0.11450683275891613
envelope,Septum / reconstructed MIDI,1.085,0.11343738425120815
envelope,Septum / reconstructed MIDI,1.095,0.11503664166950696
envelope,Septum / reconstructed MIDI,1.105,0.11596694755894751
envelope,Septum / reconstructed MIDI,1.115,0.11610488730270105
envelope,Septum / reconstructed MIDI,1.125,0.11240643981595441
envelope,Septum / reconstructed MIDI,1.135,0.11360986745880523
envelope,Septum / reconstructed MIDI,1.145,0.11605631037128684
envelope,Septum / reconstructed MIDI,1.155,0.11643344979228157
envelope,Septum / reconstructed MIDI,1.165,0.11549305708088389
envelope,Septum / reconstructed MIDI,1.175,0.11214363533903117
envelope,Septum / reconstructed MIDI,1.185,0.11415407507041872
envelope,Septum / reconstructed MIDI,1.195,0.11640201052975768
envelope,Septum / reconstructed MIDI,1.205,0.11595865469297971
envelope,Septum / reconstructed MIDI,1.215,0.1141614152143144
envelope,Septum / reconstructed MIDI,1.225,0.11347106266744131
envelope,Septum / reconstructed MIDI,1.235,0.11502141908983148
envelope,Septum / reconstructed MIDI,1.245,0.11635835660952774
envelope,Septum / reconstructed MIDI,1.255,0.11447434806632532
envelope,Septum / reconstructed MIDI,1.265,0.11345430897065695
envelope,Septum / reconstructed MIDI,1.275,0.11500118494848341
envelope,Septum / reconstructed MIDI,1.285,0.11595204235737108
envelope,Septum / reconstructed MIDI,1.295,0.1143439715810892
envelope,Septum / reconstructed MIDI,1.305,0.11752571872443528
envelope,Septum / reconstructed MIDI,1.315,0.1167982192972921
envelope,Septum / reconstructed MIDI,1.325,0.11510907508762953
envelope,Septum / reconstructed MIDI,1.335,0.10468162736230154
envelope,Septum / reconstructed MIDI,1.345,0.09632812684200749
envelope,Septum / reconstructed MIDI,1.355,0.079956066455934
envelope,Septum / reconstructed MIDI,1.365,0.07324620660455358
envelope,Septum / reconstructed MIDI,1.375,0.07034463114448532
envelope,Septum / reconstructed MIDI,1.385,0.06945198644901636
envelope,Septum / reconstructed MIDI,1.395,0.07565596871453704
envelope,Septum / reconstructed MIDI,1.405,0.09141661191190242
envelope,Septum / reconstructed MIDI,1.415,0.09820144640941611
envelope,Septum / reconstructed MIDI,1.425,0.10812718400887647
envelope,Septum / reconstructed MIDI,1.435,0.11377914369847046
envelope,Septum / reconstructed MIDI,1.445,0.12160576972356915
envelope,Septum / reconstructed MIDI,1.455,0.11768299212858202
envelope,Septum / reconstructed MIDI,1.465,0.11309783022549966
envelope,Septum / reconstructed MIDI,1.475,0.11471212103482195
envelope,Septum / reconstructed MIDI,1.485,0.11657327730715134
envelope,Septum / reconstructed MIDI,1.495,0.1152869452767324
envelope,Septum / reconstructed MIDI,1.505,0.11370480310524693
envelope,Septum / reconstructed MIDI,1.515,0.1141879332261297
envelope,Septum / reconstructed MIDI,1.525,0.11551104603593242
envelope,Septum / reconstructed MIDI,1.535,0.11628573870434965
envelope,Septum / reconstructed MIDI,1.545,0.11330515824076592
envelope,Septum / reconstructed MIDI,1.555,0.1135488516119046
envelope,Septum / reconstructed MIDI,1.565,0.11557432866704254
envelope,Septum / reconstructed MIDI,1.575,0.11626098616178647
envelope,Septum / reconstructed MIDI,1.585,0.11592058553801367
envelope,Septum / reconstructed MIDI,1.595,0.11179260436581609
envelope,Septum / reconstructed MIDI,1.605,0.11388374523332342
envelope,Septum / reconstructed MIDI,1.615,0.11628419655759183
envelope,Septum / reconstructed MIDI,1.625,0.11626985652010022
envelope,Septum / reconstructed MIDI,1.635,0.11496484613439287
envelope,Septum / reconstructed MIDI,1.645,0.12073334942350065
envelope,Septum / reconstructed MIDI,1.655,0.11793345851073413
envelope,Septum / reconstructed MIDI,1.665,0.11781405353839895
envelope,Septum / reconstructed MIDI,1.675,0.10596159864206893
envelope,Septum / reconstructed MIDI,1.685,0.09920942822975626
envelope,Septum / reconstructed MIDI,1.695,0.08659698965125923
envelope,Septum / reconstructed MIDI,1.705,0.08018531979609857
envelope,Septum / reconstructed MIDI,1.715,0.07109423488294013
envelope,Septum / reconstructed MIDI,1.725,0.06999494437658939
envelope,Septum / reconstructed MIDI,1.735,0.0687564775375245
envelope,Septum / reconstructed MIDI,1.745,0.06834845376729894
envelope,Septum / reconstructed MIDI,1.755,0.06914548662813702
envelope,Septum / reconstructed MIDI,1.765,0.06770702782084626
envelope,Septum / reconstructed MIDI,1.775,0.06940906554342917
envelope,Septum / reconstructed MIDI,1.785,0.06748756276584203
envelope,Septum / reconstructed MIDI,1.795,0.06944245440070339
envelope,Septum / reconstructed MIDI,1.805,0.06825408538302785
envelope,Septum / reconstructed MIDI,1.815,0.06890047527203563
envelope,Septum / reconstructed MIDI,1.825,0.0684816060376712
envelope,Septum / reconstructed MIDI,1.835,0.06824994323221187
envelope,Septum / reconstructed MIDI,1.845,0.06912045899283252
envelope,Septum / reconstructed MIDI,1.855,0.0676983811834719
envelope,Septum / reconstructed MIDI,1.865,0.0694106071248517
envelope,Septum / reconstructed MIDI,1.875,0.06749240583153754
envelope,Septum / reconstructed MIDI,1.885,0.07497191495292845
envelope,Septum / reconstructed MIDI,1.895,0.0909346575334465
envelope,Septum / reconstructed MIDI,1.905,0.10113305646382717
envelope,Septum / reconstructed MIDI,1.915,0.10710925996186624
envelope,Septum / reconstructed MIDI,1.925,0.12020942787112175
envelope,Septum / reconstructed MIDI,1.935,0.12362464014368443
envelope,Septum / reconstructed MIDI,1.945,0.11293898787116813
envelope,Septum / reconstructed MIDI,1.955,0.11492470754219179
envelope,Septum / reconstructed MIDI,1.965,0.11697838810676026
envelope,Septum / reconstructed MIDI,1.975,0.11541368183981215
envelope,Septum / reconstructed MIDI,1.985,0.11370922442444795
envelope,Septum / reconstructed MIDI,1.995,0.11417298417899865
envelope,Septum / reconstructed MIDI,2.005,0.11548216644945601
envelope,Septum / reconstructed MIDI,2.015,0.11628058323524738
envelope,Septum / reconstructed MIDI,2.025,0.11339091942187686
envelope,Septum / reconstructed MIDI,2.035,0.11352319851909906
envelope,Septum / reconstructed MIDI,2.045,0.11555277115879507
envelope,Septum / reconstructed MIDI,2.055,0.11625079796899032
envelope,Septum / reconstructed MIDI,2.065,0.11592154545053586
envelope,Septum / reconstructed MIDI,2.075,0.11182653039773598
envelope,Septum / reconstructed MIDI,2.085,0.11385410038886624
envelope,Septum / reconstructed MIDI,2.095,0.11627346282376846
envelope,Septum / reconstructed MIDI,2.105,0.11629176644117817
envelope,Septum / reconstructed MIDI,2.115,0.11498402433130696
envelope,Septum / reconstructed MIDI,2.125,0.11259669890184931
envelope,Septum / reconstructed MIDI,2.135,0.11454642467135355
envelope,Septum / reconstructed MIDI,2.145,0.11641681358191427
envelope,Septum / reconstructed MIDI,2.155,0.11533028393143284
envelope,Septum / reconstructed MIDI,2.165,0.11370261335884876
envelope,Septum / reconstructed MIDI,2.175,0.11414771261651789
envelope,Septum / reconstructed MIDI,2.185,0.11547528514592655
envelope,Septum / reconstructed MIDI,2.195,0.11628362535548993
envelope,Septum / reconstructed MIDI,2.205,0.113400854417257
envelope,Septum / reconstructed MIDI,2.215,0.11352553001121804
envelope,Septum / reconstructed MIDI,2.225,0.12111775404525738
envelope,Septum / reconstructed MIDI,2.235,0.11859574762740036
envelope,Septum / reconstructed MIDI,2.245,0.11390021958348931
envelope,Septum / reconstructed MIDI,2.255,0.10919217114143666
envelope,Septum / reconstructed MIDI,2.265,0.1023465181860399
envelope,Septum / reconstructed MIDI,2.275,0.09219114576213493
envelope,Septum / reconstructed MIDI,2.285,0.08065882734250959
envelope,Septum / reconstructed MIDI,2.295,0.07461242059475867
envelope,Septum / reconstructed MIDI,2.305,0.06943639874864548
envelope,Septum / reconstructed MIDI,2.315,0.07762229646732599
envelope,Septum / reconstructed MIDI,2.325,0.0959770305665223
envelope,Septum / reconstructed MIDI,2.335,0.10898239210747103
envelope,Septum / reconstructed MIDI,2.345,0.11400339633141231
envelope,Septum / reconstructed MIDI,2.355,0.12184310484262463
envelope,Septum / reconstructed MIDI,2.365,0.12319760605990228
envelope,Septum / reconstructed MIDI,2.375,0.12042509979677393
envelope,Septum / reconstructed MIDI,2.385,0.11652217386529973
envelope,Septum / reconstructed MIDI,2.395,0.11289371386595315
envelope,Septum / reconstructed MIDI,2.405,0.11460271061711942
envelope,Septum / reconstructed MIDI,2.415,0.11649799582187143
envelope,Septum / reconstructed MIDI,2.425,0.11535790709895043
envelope,Septum / reconstructed MIDI,2.435,0.11371319703438255
envelope,Septum / reconstructed MIDI,2.445,0.11412626794707047
envelope,Septum / reconstructed MIDI,2.455,0.11546347709755163
envelope,Septum / reconstructed MIDI,2.465,0.11628712184340309
envelope,Septum / reconstructed MIDI,2.475,0.11342833662300639
envelope,Septum / reconstructed MIDI,2.485,0.11352483842783946
envelope,Septum / reconstructed MIDI,2.495,0.11552985283895649
envelope,Septum / reconstructed MIDI,2.505,0.11624048773677131
envelope,Septum / reconstructed MIDI,2.515,0.11593469239015325
envelope,Septum / reconstructed MIDI,2.525,0.11182650364575927
envelope,Septum / reconstructed MIDI,2.535,0.11384758584086682
envelope,Septum / reconstructed MIDI,2.545,0.11626612456501578
envelope,Septum / reconstructed MIDI,2.555,0.11611931401583436
envelope,Septum / reconstructed MIDI,2.565,0.11480589510026937
envelope,Septum / reconstructed MIDI,2.575,0.11939829608464678
envelope,Septum / reconstructed MIDI,2.585,0.1129337400724234
envelope,Septum / reconstructed MIDI,2.595,0.10827135643044858
envelope,Septum / reconstructed MIDI,2.605,0.09449495076539673
envelope,Septum / reconstructed MIDI,2.615,0.08583513936160943
envelope,Septum / reconstructed MIDI,2.625,0.07363863049369308
envelope,Septum / reconstructed MIDI,2.635,0.0711852738098679
envelope,Septum / reconstructed MIDI,2.645,0.06900446977601883
envelope,Septum / reconstructed MIDI,2.655,0.0686310595768962
envelope,Septum / reconstructed MIDI,2.665,0.06908295333419702
envelope,Septum / reconstructed MIDI,2.675,0.06770307043825631
envelope,Septum / reconstructed MIDI,2.685,0.06939182205011155
envelope,Septum / reconstructed MIDI,2.695,0.06751331804010742
envelope,Septum / reconstructed MIDI,2.705,0.06945872427310194
envelope,Septum / reconstructed MIDI,2.715,0.06813404872495378
envelope,Septum / reconstructed MIDI,2.725,0.06898998627146714
envelope,Septum / reconstructed MIDI,2.735,0.068421591950843
envelope,Septum / reconstructed MIDI,2.745,0.06841653558289544
envelope,Septum / reconstructed MIDI,2.755,0.06903330580498246
envelope,Septum / reconstructed MIDI,2.765,0.06817813830671565
envelope,Septum / reconstructed MIDI,2.775,0.08325186772081428
envelope,Septum / reconstructed MIDI,2.785,0.09491138997650835
envelope,Septum / reconstructed MIDI,2.795,0.10045298309697848
envelope,Septum / reconstructed MIDI,2.805,0.10887800679220414
envelope,Septum / reconstructed MIDI,2.815,0.11541281638845513
envelope,Septum / reconstructed MIDI,2.825,0.11304472630567627
envelope,Septum / reconstructed MIDI,2.835,0.10983187321313401
envelope,Septum / reconstructed MIDI,2.845,0.11311996293546431
envelope,Septum / reconstructed MIDI,2.855,0.11064128048465238
envelope,Septum / reconstructed MIDI,2.865,0.11116116146592464
envelope,Septum / reconstructed MIDI,2.875,0.1098483022683659
envelope,Septum / reconstructed MIDI,2.885,0.1076590630391081
envelope,Septum / reconstructed MIDI,2.895,0.10692008047257177
envelope,Septum / reconstructed MIDI,2.905,0.10353213737388711
envelope,Septum / reconstructed MIDI,2.915,0.10468518088421923
envelope,Septum / reconstructed MIDI,2.925,0.10229114190909648
envelope,Septum / reconstructed MIDI,2.935,0.10588768447895065
envelope,Septum / reconstructed MIDI,2.945,0.10476400286626458
envelope,Septum / reconstructed MIDI,2.955,0.10941011712404893
envelope,Septum / reconstructed MIDI,2.965,0.10812211097050284
envelope,Septum / reconstructed MIDI,2.975,0.11166315080574009
envelope,Septum / reconstructed MIDI,2.985,0.11015162353358673
envelope,Septum / reconstructed MIDI,2.995,0.10961000445041373
envelope,Septum / reconstructed MIDI,3.005,0.10768084729059232
envelope,Septum / reconstructed MIDI,3.015,0.10361702396965292
envelope,Septum / reconstructed MIDI,3.025,0.0940033327482606
envelope,Septum / reconstructed MIDI,3.035,0.08382821874289247
envelope,Septum / reconstructed MIDI,3.045,0.07371356572766101
envelope,Septum / reconstructed MIDI,3.055,0.06117695160872638
envelope,Septum / reconstructed MIDI,3.065,0.052570406808997557
envelope,Septum / reconstructed MIDI,3.075,0.050708741966199136
envelope,Septum / reconstructed MIDI,3.085,0.05045543669777696
envelope,Septum / reconstructed MIDI,3.095,0.05035822291374511
envelope,Septum / reconstructed MIDI,3.105,0.04984453098368586
envelope,Septum / reconstructed MIDI,3.115,0.04921464606834571
envelope,Septum / reconstructed MIDI,3.125,0.04910855765845021
envelope,Septum / reconstructed MIDI,3.135,0.04944437631540764
envelope,Septum / reconstructed MIDI,3.145,0.049851171297712826
envelope,Septum / reconstructed MIDI,3.155,0.05010694112694501
envelope,Septum / reconstructed MIDI,3.165,0.04998766861850595
envelope,Septum / reconstructed MIDI,3.175,0.04941240273974709
envelope,Septum / reconstructed MIDI,3.185,0.0489671298793474
envelope,Septum / reconstructed MIDI,3.195,0.049075098857758494
envelope,Septum / reconstructed MIDI,3.205,0.04950822486137512
envelope,Septum / reconstructed MIDI,3.215,0.04998727616380146
envelope,Septum / reconstructed MIDI,3.225,0.05026607174260516
envelope,Septum / reconstructed MIDI,3.235,0.06168593816477792
envelope,Septum / reconstructed MIDI,3.245,0.07267179724821562
envelope,Septum / reconstructed MIDI,3.255,0.08956656795253132
envelope,Septum / reconstructed MIDI,3.265,0.09733424020149233
envelope,Septum / reconstructed MIDI,3.275,0.1067812739750128
envelope,Septum / reconstructed MIDI,3.285,0.10684944636413014
envelope,Septum / reconstructed MIDI,3.295,0.1087251082942052
envelope,Septum / reconstructed MIDI,3.305,0.1015296063783316
envelope,Septum / reconstructed MIDI,3.315,0.1040142602843165
envelope,Septum / reconstructed MIDI,3.325,0.10096622094975169
envelope,Septum / reconstructed MIDI,3.335,0.10437588737592393
envelope,Septum / reconstructed MIDI,3.345,0.10173433204387158
envelope,Septum / reconstructed MIDI,3.355,0.10484084805842242
envelope,Septum / reconstructed MIDI,3.365,0.1023333734611089
envelope,Septum / reconstructed MIDI,3.375,0.1045102118993589
envelope,Septum / reconstructed MIDI,3.385,0.1023361979108953
envelope,Septum / reconstructed MIDI,3.395,0.10334584422444892
envelope,Septum / reconstructed MIDI,3.405,0.10187378914167264
envelope,Septum / reconstructed MIDI,3.415,0.10185039943723939
envelope,Septum / reconstructed MIDI,3.425,0.10132358299405501
envelope,Septum / reconstructed MIDI,3.435,0.10053806642417552
envelope,Septum / reconstructed MIDI,3.445,0.10084565766452952
envelope,Septum / reconstructed MIDI,3.455,0.10118439367647614
envelope,Septum / reconstructed MIDI,3.465,0.10494493428367893
envelope,Septum / reconstructed MIDI,3.475,0.10345724540221102
envelope,Septum / reconstructed MIDI,3.485,0.09759577581892794
envelope,Septum / reconstructed MIDI,3.495,0.08813168161148015
envelope,Septum / reconstructed MIDI,3.505,0.07683143065856253
envelope,Septum / reconstructed MIDI,3.515,0.05888728306038545
envelope,Septum / reconstructed MIDI,3.525,0.04396799621771194
envelope,Septum / reconstructed MIDI,3.535,0.039073396728094206
envelope,Septum / reconstructed MIDI,3.545,0.03797126370847239
envelope,Septum / reconstructed MIDI,3.555,0.03782721303485327
envelope,Septum / reconstructed MIDI,3.565,0.037855148758502204
envelope,Septum / reconstructed MIDI,3.575,0.037837196792807073
envelope,Septum / reconstructed MIDI,3.585,0.037728257277075725
envelope,Septum / reconstructed MIDI,3.595,0.037543319470333826
envelope,Septum / reconstructed MIDI,3.605,0.03731004910839093
envelope,Septum / reconstructed MIDI,3.615,0.03706795397824047
envelope,Septum / reconstructed MIDI,3.625,0.036861794989332335
envelope,Septum / reconstructed MIDI,3.635,0.036741572990940934
envelope,Septum / reconstructed MIDI,3.645,0.03674703815836704
envelope,Septum / reconstructed MIDI,3.655,0.03687971223725996
envelope,Septum / reconstructed MIDI,3.665,0.03709870883665409
envelope,Septum / reconstructed MIDI,3.675,0.03734039831394983
spectrum,Roland hardware demo,0.0,1.053799223882379e-06
spectrum,Roland hardware demo,5.38330078125,1.819058979890542e-06
spectrum,Roland hardware demo,10.7666015625,1.7224355133294011e-06
spectrum,Roland hardware demo,16.14990234375,2.2101223748904886e-06
spectrum,Roland hardware demo,21.533203125,3.5020332234125817e-06
spectrum,Roland hardware demo,26.91650390625,8.055559192143846e-06
spectrum,Roland hardware demo,32.2998046875,0.00010698080586735159
spectrum,Roland hardware demo,37.68310546875,0.0005036462098360062
spectrum,Roland hardware demo,43.06640625,0.00027405685978010297
spectrum,Roland hardware demo,48.44970703125,0.00010084787936648354
spectrum,Roland hardware demo,53.8330078125,5.9846155636478215e-05
spectrum,Roland hardware demo,59.21630859375,1.292913657380268e-05
spectrum,Roland hardware demo,64.599609375,9.136871085502207e-06
spectrum,Roland hardware demo,69.98291015625,4.186696241958998e-05
spectrum,Roland hardware demo,75.3662109375,0.00020082268747501075
spectrum,Roland hardware demo,80.74951171875,0.00016476208111271262
spectrum,Roland hardware demo,86.1328125,4.255409658071585e-05
spectrum,Roland hardware demo,91.51611328125,6.429434142773971e-05
spectrum,Roland hardware demo,96.8994140625,3.065929195145145e-05
spectrum,Roland hardware demo,102.28271484375,2.9293336410773918e-05
spectrum,Roland hardware demo,107.666015625,1.9040233382838778e-05
spectrum,Roland hardware demo,113.04931640625,4.361471837910358e-06
spectrum,Roland hardware demo,118.4326171875,2.9024431569268927e-06
spectrum,Roland hardware demo,123.81591796875,1.3394133020483423e-06
spectrum,Roland hardware demo,129.19921875,1.0107821708515985e-06
spectrum,Roland hardware demo,134.58251953125,1.2291849316170556e-06
spectrum,Roland hardware demo,139.9658203125,1.5154763559621642e-06
spectrum,Roland hardware demo,145.34912109375,4.452462690096581e-06
spectrum,Roland hardware demo,150.732421875,2.4685707103344612e-05
spectrum,Roland hardware demo,156.11572265625,3.584620571928099e-05
spectrum,Roland hardware demo,161.4990234375,9.514469638816081e-06
spectrum,Roland hardware demo,166.88232421875,1.283802475882112e-06
spectrum,Roland hardware demo,172.265625,9.140574661614664e-07
spectrum,Roland hardware demo,177.64892578125,3.4429683637426933e-06
spectrum,Roland hardware demo,183.0322265625,1.2657823390327394e-05
spectrum,Roland hardware demo,188.41552734375,9.35640673560556e-06
spectrum,Roland hardware demo,193.798828125,6.587477400898933e-06
spectrum,Roland hardware demo,199.18212890625,2.244106099169585e-06
spectrum,Roland hardware demo,204.5654296875,4.526735665422166e-06
spectrum,Roland hardware demo,209.94873046875,4.424047801876441e-06
spectrum,Roland hardware demo,215.33203125,5.121913773109554e-07
spectrum,Roland hardware demo,220.71533203125,6.462914257099328e-07
spectrum,Roland hardware demo,226.0986328125,3.957333774451399e-06
spectrum,Roland hardware demo,231.48193359375,1.1068220373999793e-05
spectrum,Roland hardware demo,236.865234375,4.118231572647346e-06
spectrum,Roland hardware demo,242.24853515625,4.097955184079183e-07
spectrum,Roland hardware demo,247.6318359375,2.632904738675279e-07
spectrum,Roland hardware demo,253.01513671875,4.5458125441655284e-07
spectrum,Roland hardware demo,258.3984375,8.073758976934187e-07
spectrum,Roland hardware demo,263.78173828125,6.177248224048526e-07
spectrum,Roland hardware demo,269.1650390625,1.1993527095910395e-06
spectrum,Roland hardware demo,274.54833984375,1.9915623852284625e-06
spectrum,Roland hardware demo,279.931640625,9.781052767721121e-07
spectrum,Roland hardware demo,285.31494140625,1.4984158269726322e-07
spectrum,Roland hardware demo,290.6982421875,1.2619908318356465e-07
spectrum,Roland hardware demo,296.08154296875,1.564600609071931e-07
spectrum,Roland hardware demo,301.46484375,8.529104320587066e-07
spectrum,Roland hardware demo,306.84814453125,4.44274610345019e-06
spectrum,Roland hardware demo,312.2314453125,3.7094519029778894e-06
spectrum,Roland hardware demo,317.61474609375,6.575273800990544e-07
spectrum,Roland hardware demo,322.998046875,1.9734912370950042e-07
spectrum,Roland hardware demo,328.38134765625,8.866869194434912e-08
spectrum,Roland hardware demo,333.7646484375,7.212707942017005e-08
spectrum,Roland hardware demo,339.14794921875,4.1325182564833085e-07
spectrum,Roland hardware demo,344.53125,3.2361083412979497e-06
spectrum,Roland hardware demo,349.91455078125,3.1836934795137495e-06
spectrum,Roland hardware demo,355.2978515625,3.9345002278423635e-07
spectrum,Roland hardware demo,360.68115234375,2.2776023911319498e-07
spectrum,Roland hardware demo,366.064453125,6.010754987073597e-07
spectrum,Roland hardware demo,371.44775390625,4.1651719584478997e-07
spectrum,Roland hardware demo,376.8310546875,2.3654344261103688e-07
spectrum,Roland hardware demo,382.21435546875,1.3080777989671333e-06
spectrum,Roland hardware demo,387.59765625,2.151019543816801e-06
spectrum,Roland hardware demo,392.98095703125,6.589174290638766e-07
spectrum,Roland hardware demo,398.3642578125,1.0566105856923969e-07
spectrum,Roland hardware demo,403.74755859375,7.759580000765709e-08
spectrum,Roland hardware demo,409.130859375,5.729923486796906e-07
spectrum,Roland hardware demo,414.51416015625,9.605674904378247e-07
spectrum,Roland hardware demo,419.8974609375,4.0835226400304236e-07
spectrum,Roland hardware demo,425.28076171875,3.9948463381733745e-07
spectrum,Roland hardware demo,430.6640625,1.0338080613792044e-07
spectrum,Roland hardware demo,436.04736328125,3.0638645398539666e-08
spectrum,Roland hardware demo,441.4306640625,2.6064803648750967e-08
spectrum,Roland hardware demo,446.81396484375,3.9168810417322675e-08
spectrum,Roland hardware demo,452.197265625,1.737235066912035e-07
spectrum,Roland hardware demo,457.58056640625,1.1529364201123826e-06
spectrum,Roland hardware demo,462.9638671875,3.0357041396200657e-06
spectrum,Roland hardware demo,468.34716796875,1.6950752979028039e-06
spectrum,Roland hardware demo,473.73046875,2.089627884060974e-07
spectrum,Roland hardware demo,479.11376953125,5.248065093610421e-08
spectrum,Roland hardware demo,484.4970703125,3.0533890083006554e-08
spectrum,Roland hardware demo,489.88037109375,2.9065294171459755e-08
spectrum,Roland hardware demo,495.263671875,1.2229938306518306e-07
spectrum,Roland hardware demo,500.64697265625,7.205704832813353e-07
spectrum,Roland hardware demo,506.0302734375,6.287877454269619e-07
spectrum,Roland hardware demo,511.41357421875,2.824930618317012e-07
spectrum,Roland hardware demo,516.796875,4.7279138470912585e-07
spectrum,Roland hardware demo,522.18017578125,1.5348574322615605e-07
spectrum,Roland hardware demo,527.5634765625,3.1754275653383957e-08
spectrum,Roland hardware demo,532.94677734375,9.103091258566565e-08
spectrum,Roland hardware demo,538.330078125,2.8420166131581936e-07
spectrum,Roland hardware demo,543.71337890625,2.591823999864573e-07
spectrum,Roland hardware demo,549.0966796875,2.9321930128389795e-07
spectrum,Roland hardware demo,554.47998046875,2.844912216914963e-07
spectrum,Roland hardware demo,559.86328125,6.459083579102298e-08
spectrum,Roland hardware demo,565.24658203125,7.036814508865064e-08
spectrum,Roland hardware demo,570.6298828125,6.689839437967748e-08
spectrum,Roland hardware demo,576.01318359375,2.623142449920124e-07
spectrum,Roland hardware demo,581.396484375,4.0688917124498403e-07
spectrum,Roland hardware demo,586.77978515625,1.0612703249535116e-07
spectrum,Roland hardware demo,592.1630859375,2.839401247456408e-08
spectrum,Roland hardware demo,597.54638671875,4.9259142542723566e-08
spectrum,Roland hardware demo,602.9296875,3.169090589949519e-08
spectrum,Roland hardware demo,608.31298828125,3.853019592270357e-08
spectrum,Roland hardware demo,613.6962890625,3.504209473703668e-07
spectrum,Roland hardware demo,619.07958984375,9.595977417120594e-07
spectrum,Roland hardware demo,624.462890625,4.183515898148471e-07
spectrum,Roland hardware demo,629.84619140625,5.6118189206699753e-08
spectrum,Roland hardware demo,635.2294921875,2.5724990138087378e-08
spectrum,Roland hardware demo,640.61279296875,4.534806663514246e-08
spectrum,Roland hardware demo,645.99609375,4.638913964072344e-08
spectrum,Roland hardware demo,651.37939453125,3.406013604489999e-08
spectrum,Roland hardware demo,656.7626953125,2.8909793670095496e-08
spectrum,Roland hardware demo,662.14599609375,1.3948729282731165e-08
spectrum,Roland hardware demo,667.529296875,2.4382480035001208e-08
spectrum,Roland hardware demo,672.91259765625,4.2761300278471026e-08
spectrum,Roland hardware demo,678.2958984375,3.266333337137439e-08
spectrum,Roland hardware demo,683.67919921875,4.4404025345556875e-08
spectrum,Roland hardware demo,689.0625,2.743085190104466e-07
spectrum,Roland hardware demo,694.44580078125,8.142863521243271e-07
spectrum,Roland hardware demo,699.8291015625,7.158497510317829e-07
spectrum,Roland hardware demo,705.21240234375,2.061480159909479e-07
spectrum,Roland hardware demo,710.595703125,4.341479353797695e-08
spectrum,Roland hardware demo,715.97900390625,3.3369339291766664e-08
spectrum,Roland hardware demo,721.3623046875,4.937680486705176e-08
spectrum,Roland hardware demo,726.74560546875,4.1397200334358786e-08
spectrum,Roland hardware demo,732.12890625,8.865150391557108e-08
spectrum,Roland hardware demo,737.51220703125,1.1810860200967e-07
spectrum,Roland hardware demo,742.8955078125,3.6809975512142046e-08
spectrum,Roland hardware demo,748.27880859375,1.075535482897294e-08
spectrum,Roland hardware demo,753.662109375,8.369791082429856e-09
spectrum,Roland hardware demo,759.04541015625,9.96715243672952e-09
spectrum,Roland hardware demo,764.4287109375,2.333374737872873e-08
spectrum,Roland hardware demo,769.81201171875,1.1395830767924053e-07
spectrum,Roland hardware demo,775.1953125,1.499259667525621e-07
spectrum,Roland hardware demo,780.57861328125,6.088188797548355e-08
spectrum,Roland hardware demo,785.9619140625,1.7645657379716795e-08
spectrum,Roland hardware demo,791.34521484375,6.1372693593853e-09
spectrum,Roland hardware demo,796.728515625,4.408605924766107e-09
spectrum,Roland hardware demo,802.11181640625,7.549929570416225e-09
spectrum,Roland hardware demo,807.4951171875,2.512684105226981e-08
spectrum,Roland hardware demo,812.87841796875,3.976747109390999e-08
spectrum,Roland hardware demo,818.26171875,2.6329983526807155e-08
spectrum,Roland hardware demo,823.64501953125,8.780128268881526e-08
spectrum,Roland hardware demo,829.0283203125,1.3819742150644743e-07
spectrum,Roland hardware demo,834.41162109375,5.321204454844519e-08
spectrum,Roland hardware demo,839.794921875,2.1144417772234192e-08
spectrum,Roland hardware demo,845.17822265625,6.911396610576048e-08
spectrum,Roland hardware demo,850.5615234375,1.461152550064071e-07
spectrum,Roland hardware demo,855.94482421875,1.0571032760253729e-07
spectrum,Roland hardware demo,861.328125,2.697099432680261e-08
spectrum,Roland hardware demo,866.71142578125,1.3518498320763683e-08
spectrum,Roland hardware demo,872.0947265625,2.1832915919617335e-08
spectrum,Roland hardware demo,877.47802734375,2.5867205266649762e-08
spectrum,Roland hardware demo,882.861328125,4.4684306033104804e-08
spectrum,Roland hardware demo,888.24462890625,1.1222900297980232e-07
spectrum,Roland hardware demo,893.6279296875,7.633016707586648e-08
spectrum,Roland hardware demo,899.01123046875,1.505661373357725e-08
spectrum,Roland hardware demo,904.39453125,6.440094235671268e-09
spectrum,Roland hardware demo,909.77783203125,5.387710722004613e-09
spectrum,Roland hardware demo,915.1611328125,1.2925292836030167e-08
spectrum,Roland hardware demo,920.54443359375,4.11748466433437e-08
spectrum,Roland hardware demo,925.927734375,1.11380003886552e-07
spectrum,Roland hardware demo,931.31103515625,1.4827509176029707e-07
spectrum,Roland hardware demo,936.6943359375,6.321974410639086e-08
spectrum,Roland hardware demo,942.07763671875,1.6408238323606383e-08
spectrum,Roland hardware demo,947.4609375,9.069879070011666e-09
spectrum,Roland hardware demo,952.84423828125,8.016455943504752e-09
spectrum,Roland hardware demo,958.2275390625,1.2535610771635675e-08
spectrum,Roland hardware demo,963.61083984375,2.6812415399035672e-08
spectrum,Roland hardware demo,968.994140625,2.5512600032584487e-08
spectrum,Roland hardware demo,974.37744140625,1.1799050625427299e-08
spectrum,Roland hardware demo,979.7607421875,1.0651984183596142e-08
spectrum,Roland hardware demo,985.14404296875,7.738160334724853e-09
spectrum,Roland hardware demo,990.52734375,4.628948335749783e-09
spectrum,Roland hardware demo,995.91064453125,1.275817496093623e-08
spectrum,Roland hardware demo,1001.2939453125,7.466482543350139e-08
spectrum,Roland hardware demo,1006.67724609375,1.1168226876634435e-07
spectrum,Roland hardware demo,1012.060546875,5.2050616261567484e-08
spectrum,Roland hardware demo,1017.44384765625,1.7972130450516488e-08
spectrum,Roland hardware demo,1022.8271484375,6.7767631506399084e-09
spectrum,Roland hardware demo,1028.21044921875,8.038169241331161e-09
spectrum,Roland hardware demo,1033.59375,1.232053481459161e-08
spectrum,Roland hardware demo,1038.97705078125,1.1351000139825373e-08
spectrum,Roland hardware demo,1044.3603515625,1.6857867990438535e-08
spectrum,Roland hardware demo,1049.74365234375,1.583631714652256e-08
spectrum,Roland hardware demo,1055.126953125,1.1044775760638004e-08
spectrum,Roland hardware demo,1060.51025390625,1.1359534646260272e-08
spectrum,Roland hardware demo,1065.8935546875,6.23435791879956e-09
spectrum,Roland hardware demo,1071.27685546875,3.0969875552955273e-09
spectrum,Roland hardware demo,1076.66015625,2.563699030844191e-09
spectrum,Roland hardware demo,1082.04345703125,3.5572882417511664e-09
spectrum,Roland hardware demo,1087.4267578125,4.3211203504256446e-09
spectrum,Roland hardware demo,1092.81005859375,3.73119668495292e-09
spectrum,Roland hardware demo,1098.193359375,6.568337429513349e-09
spectrum,Roland hardware demo,1103.57666015625,1.517361347680435e-08
spectrum,Roland hardware demo,1108.9599609375,1.3635510498488657e-08
spectrum,Roland hardware demo,1114.34326171875,6.231378968379886e-09
spectrum,Roland hardware demo,1119.7265625,9.30423738054742e-09
spectrum,Roland hardware demo,1125.10986328125,1.2232202806217174e-08
spectrum,Roland hardware demo,1130.4931640625,7.178370786675714e-09
spectrum,Roland hardware demo,1135.87646484375,5.3899538166035654e-09
spectrum,Roland hardware demo,1141.259765625,4.5757344580010795e-09
spectrum,Roland hardware demo,1146.64306640625,5.529547930649414e-09
spectrum,Roland hardware demo,1152.0263671875,1.4227220290763398e-08
spectrum,Roland hardware demo,1157.40966796875,4.057796942902314e-08
spectrum,Roland hardware demo,1162.79296875,5.012662995795836e-08
spectrum,Roland hardware demo,1168.17626953125,2.099769247365657e-08
spectrum,Roland hardware demo,1173.5595703125,6.324876622443298e-09
spectrum,Roland hardware demo,1178.94287109375,4.20215640062338e-09
spectrum,Roland hardware demo,1184.326171875,6.770446425719001e-09
spectrum,Roland hardware demo,1189.70947265625,1.3828282519057211e-08
spectrum,Roland hardware demo,1195.0927734375,2.4413889576635484e-08
spectrum,Roland hardware demo,1200.47607421875,2.3087670442123454e-08
spectrum,Roland hardware demo,1205.859375,8.283938868203222e-09
spectrum,Roland hardware demo,1211.24267578125,2.7784605727276812e-09
spectrum,Roland hardware demo,1216.6259765625,1.6966309468458007e-09
spectrum,Roland hardware demo,1222.00927734375,1.5131802477696965e-09
spectrum,Roland hardware demo,1227.392578125,3.0824804930773553e-09
spectrum,Roland hardware demo,1232.77587890625,1.472649024947259e-08
spectrum,Roland hardware demo,1238.1591796875,3.853465813108414e-08
spectrum,Roland hardware demo,1243.54248046875,3.710963625280783e-08
spectrum,Roland hardware demo,1248.92578125,1.4421734917391404e-08
spectrum,Roland hardware demo,1254.30908203125,4.793766272825906e-09
spectrum,Roland hardware demo,1259.6923828125,2.7209887676349354e-09
spectrum,Roland hardware demo,1265.07568359375,2.2456800863324133e-09
spectrum,Roland hardware demo,1270.458984375,3.793494407489106e-09
spectrum,Roland hardware demo,1275.84228515625,6.555456621981648e-09
spectrum,Roland hardware demo,1281.2255859375,5.685677262334821e-09
spectrum,Roland hardware demo,1286.60888671875,2.588140368686709e-09
spectrum,Roland hardware demo,1291.9921875,2.3159127948702007e-09
spectrum,Roland hardware demo,1297.37548828125,2.081063099623748e-09
spectrum,Roland hardware demo,1302.7587890625,2.5730086949948827e-09
spectrum,Roland hardware demo,1308.14208984375,4.852590329562645e-09
spectrum,Roland hardware demo,1313.525390625,1.0547255513415621e-08
spectrum,Roland hardware demo,1318.90869140625,1.3456225467223248e-08
spectrum,Roland hardware demo,1324.2919921875,9.537380663005024e-09
spectrum,Roland hardware demo,1329.67529296875,3.509426083070366e-09
spectrum,Roland hardware demo,1335.05859375,3.707913975858901e-09
spectrum,Roland hardware demo,1340.44189453125,8.668606277240087e-09
spectrum,Roland hardware demo,1345.8251953125,1.3801853882000614e-08
spectrum,Roland hardware demo,1351.20849609375,8.84056383654297e-09
spectrum,Roland hardware demo,1356.591796875,4.3102388325166885e-09
spectrum,Roland hardware demo,1361.97509765625,2.5291750915812372e-09
spectrum,Roland hardware demo,1367.3583984375,1.5607708458986735e-09
spectrum,Roland hardware demo,1372.74169921875,2.27317542567107e-09
spectrum,Roland hardware demo,1378.125,4.986322021949263e-09
spectrum,Roland hardware demo,1383.50830078125,7.1958501379754125e-09
spectrum,Roland hardware demo,1388.8916015625,5.624765986311786e-09
spectrum,Roland hardware demo,1394.27490234375,4.590532398651703e-09
spectrum,Roland hardware demo,1399.658203125,4.0262673195456955e-09
spectrum,Roland hardware demo,1405.04150390625,1.897280776930188e-09
spectrum,Roland hardware demo,1410.4248046875,1.1137273325800834e-09
spectrum,Roland hardware demo,1415.80810546875,1.3718510771809633e-09
spectrum,Roland hardware demo,1421.19140625,2.2117341291760795e-09
spectrum,Roland hardware demo,1426.57470703125,4.533600161948925e-09
spectrum,Roland hardware demo,1431.9580078125,7.999467754871148e-09
spectrum,Roland hardware demo,1437.34130859375,7.274970403869929e-09
spectrum,Roland hardware demo,1442.724609375,2.9612898799769027e-09
spectrum,Roland hardware demo,1448.10791015625,1.4368486400684333e-09
spectrum,Roland hardware demo,1453.4912109375,1.2328064125100013e-09
spectrum,Roland hardware demo,1458.87451171875,1.6121846080352498e-09
spectrum,Roland hardware demo,1464.2578125,3.78199249695399e-09
spectrum,Roland hardware demo,1469.64111328125,9.236755360575444e-09
spectrum,Roland hardware demo,1475.0244140625,1.3416750377359676e-08
spectrum,Roland hardware demo,1480.40771484375,9.189604632808823e-09
spectrum,Roland hardware demo,1485.791015625,3.2213693934579624e-09
spectrum,Roland hardware demo,1491.17431640625,1.7693407849961318e-09
spectrum,Roland hardware demo,1496.5576171875,1.2784615588401493e-09
spectrum,Roland hardware demo,1501.94091796875,1.2859978637536074e-09
spectrum,Roland hardware demo,1507.32421875,1.7386605488667328e-09
spectrum,Roland hardware demo,1512.70751953125,2.4229125372698945e-09
spectrum,Roland hardware demo,1518.0908203125,2.38551756126526e-09
spectrum,Roland hardware demo,1523.47412109375,2.1247803516644126e-09
spectrum,Roland hardware demo,1528.857421875,1.5090628746605717e-09
spectrum,Roland hardware demo,1534.24072265625,1.2823018202823278e-09
spectrum,Roland hardware demo,1539.6240234375,2.4053228298015483e-09
spectrum,Roland hardware demo,1545.00732421875,5.8423079707381476e-09
spectrum,Roland hardware demo,1550.390625,1.0325521770937485e-08
spectrum,Roland hardware demo,1555.77392578125,9.224513597416717e-09
spectrum,Roland hardware demo,1561.1572265625,3.52700757488833e-09
spectrum,Roland hardware demo,1566.54052734375,1.642036062676766e-09
spectrum,Roland hardware demo,1571.923828125,9.342381313004466e-10
spectrum,Roland hardware demo,1577.30712890625,5.913930456458161e-10
spectrum,Roland hardware demo,1582.6904296875,4.4096401530246965e-10
spectrum,Roland hardware demo,1588.07373046875,5.835771310636062e-10
spectrum,Roland hardware demo,1593.45703125,6.521201356690653e-10
spectrum,Roland hardware demo,1598.84033203125,5.78070091794558e-10
spectrum,Roland hardware demo,1604.2236328125,6.990718004473706e-10
spectrum,Roland hardware demo,1609.60693359375,7.88410503549386e-10
spectrum,Roland hardware demo,1614.990234375,8.409027918432344e-10
spectrum,Roland hardware demo,1620.37353515625,1.4285908012112714e-09
spectrum,Roland hardware demo,1625.7568359375,1.985496655976249e-09
spectrum,Roland hardware demo,1631.14013671875,2.0972499292781777e-09
spectrum,Roland hardware demo,1636.5234375,1.530700899365911e-09
spectrum,Roland hardware demo,1641.90673828125,7.973491866763993e-10
spectrum,Roland hardware demo,1647.2900390625,8.371111581695345e-10
spectrum,Roland hardware demo,1652.67333984375,1.5064633984707143e-09
spectrum,Roland hardware demo,1658.056640625,2.1557635676572318e-09
spectrum,Roland hardware demo,1663.43994140625,1.4210999044195205e-09
spectrum,Roland hardware demo,1668.8232421875,8.324611000531945e-10
spectrum,Roland hardware demo,1674.20654296875,5.884337461736777e-10
spectrum,Roland hardware demo,1679.58984375,3.856137631430556e-10
spectrum,Roland hardware demo,1684.97314453125,3.398925585429424e-10
spectrum,Roland hardware demo,1690.3564453125,4.465305347700621e-10
spectrum,Roland hardware demo,1695.73974609375,9.154104141373409e-10
spectrum,Roland hardware demo,1701.123046875,2.419522360241899e-09
spectrum,Roland hardware demo,1706.50634765625,3.723904296037972e-09
spectrum,Roland hardware demo,1711.8896484375,3.3086189343833894e-09
spectrum,Roland hardware demo,1717.27294921875,1.606209609761322e-09
spectrum,Roland hardware demo,1722.65625,8.440201870740793e-10
spectrum,Roland hardware demo,1728.03955078125,5.80847592246414e-10
spectrum,Roland hardware demo,1733.4228515625,5.796367275046066e-10
spectrum,Roland hardware demo,1738.80615234375,7.83090259304231e-10
spectrum,Roland hardware demo,1744.189453125,1.0927625471168767e-09
spectrum,Roland hardware demo,1749.57275390625,1.1841114755384297e-09
spectrum,Roland hardware demo,1754.9560546875,1.0479852541322998e-09
spectrum,Roland hardware demo,1760.33935546875,1.1540720601388443e-09
spectrum,Roland hardware demo,1765.72265625,1.040210140246245e-09
spectrum,Roland hardware demo,1771.10595703125,1.3638592477605016e-09
spectrum,Roland hardware demo,1776.4892578125,2.710268010019945e-09
spectrum,Roland hardware demo,1781.87255859375,4.3439238872622354e-09
spectrum,Roland hardware demo,1787.255859375,5.002692482491966e-09
spectrum,Roland hardware demo,1792.63916015625,2.8852107369914393e-09
spectrum,Roland hardware demo,1798.0224609375,1.3456433745062668e-09
spectrum,Roland hardware demo,1803.40576171875,8.436038534398449e-10
spectrum,Roland hardware demo,1808.7890625,6.335290625436585e-10
spectrum,Roland hardware demo,1814.17236328125,6.11550143858608e-10
spectrum,Roland hardware demo,1819.5556640625,8.687841557275533e-10
spectrum,Roland hardware demo,1824.93896484375,9.039097803587026e-10
spectrum,Roland hardware demo,1830.322265625,5.820020576585705e-10
spectrum,Roland hardware demo,1835.70556640625,4.398341413303086e-10
spectrum,Roland hardware demo,1841.0888671875,6.027316423740103e-10
spectrum,Roland hardware demo,1846.47216796875,8.217538871591046e-10
spectrum,Roland hardware demo,1851.85546875,7.327786155642002e-10
spectrum,Roland hardware demo,1857.23876953125,9.200973316580985e-10
spectrum,Roland hardware demo,1862.6220703125,1.1278555867022533e-09
spectrum,Roland hardware demo,1868.00537109375,7.656890677054662e-10
spectrum,Roland hardware demo,1873.388671875,3.194376985149461e-10
spectrum,Roland hardware demo,1878.77197265625,2.1732292354581517e-10
spectrum,Roland hardware demo,1884.1552734375,2.3304644325428114e-10
spectrum,Roland hardware demo,1889.53857421875,3.008677196270071e-10
spectrum,Roland hardware demo,1894.921875,3.4647446023328143e-10
spectrum,Roland hardware demo,1900.30517578125,3.2449509745902105e-10
spectrum,Roland hardware demo,1905.6884765625,2.558754041981359e-10
spectrum,Roland hardware demo,1911.07177734375,1.4989205709969866e-10
spectrum,Roland hardware demo,1916.455078125,1.500150004218881e-10
spectrum,Roland hardware demo,1921.83837890625,1.6506021549567151e-10
spectrum,Roland hardware demo,1927.2216796875,3.1603569761173844e-10
spectrum,Roland hardware demo,1932.60498046875,5.901608646219358e-10
spectrum,Roland hardware demo,1937.98828125,1.0188502264085741e-09
spectrum,Roland hardware demo,1943.37158203125,1.1200862459759264e-09
spectrum,Roland hardware demo,1948.7548828125,6.288176646052079e-10
spectrum,Roland hardware demo,1954.13818359375,4.0823061597805577e-10
spectrum,Roland hardware demo,1959.521484375,4.2497155794407604e-10
spectrum,Roland hardware demo,1964.90478515625,6.816844311252623e-10
spectrum,Roland hardware demo,1970.2880859375,8.743470947258913e-10
spectrum,Roland hardware demo,1975.67138671875,7.59632579061531e-10
spectrum,Roland hardware demo,1981.0546875,6.740777935831943e-10
spectrum,Roland hardware demo,1986.43798828125,4.206753556612597e-10
spectrum,Roland hardware demo,1991.8212890625,2.668626153390363e-10
spectrum,Roland hardware demo,1997.20458984375,1.864773335746861e-10
spectrum,Roland hardware demo,2002.587890625,2.6863322677428414e-10
spectrum,Roland hardware demo,2007.97119140625,3.5510538953786863e-10
spectrum,Roland hardware demo,2013.3544921875,7.673045532285983e-10
spectrum,Roland hardware demo,2018.73779296875,1.0254507243345756e-09
spectrum,Roland hardware demo,2024.12109375,7.071076502107587e-10
spectrum,Roland hardware demo,2029.50439453125,5.14646436577948e-10
spectrum,Roland hardware demo,2034.8876953125,3.4174735263903244e-10
spectrum,Roland hardware demo,2040.27099609375,2.0761720120887617e-10
spectrum,Roland hardware demo,2045.654296875,1.3795883879730297e-10
spectrum,Roland hardware demo,2051.03759765625,1.38520417358734e-10
spectrum,Roland hardware demo,2056.4208984375,1.5868292790877092e-10
spectrum,Roland hardware demo,2061.80419921875,1.8225179698738714e-10
spectrum,Roland hardware demo,2067.1875,2.3159807405193078e-10
spectrum,Roland hardware demo,2072.57080078125,3.357650824042935e-10
spectrum,Roland hardware demo,2077.9541015625,2.8346267000323166e-10
spectrum,Roland hardware demo,2083.33740234375,1.9231269354769154e-10
spectrum,Roland hardware demo,2088.720703125,2.6428351174168085e-10
spectrum,Roland hardware demo,2094.10400390625,4.2012049394912765e-10
spectrum,Roland hardware demo,2099.4873046875,3.8953587577772453e-10
spectrum,Roland hardware demo,2104.87060546875,2.7768509713865797e-10
spectrum,Roland hardware demo,2110.25390625,1.4590852137619237e-10
spectrum,Roland hardware demo,2115.63720703125,1.9191229161386048e-10
spectrum,Roland hardware demo,2121.0205078125,3.410929871883184e-10
spectrum,Roland hardware demo,2126.40380859375,4.1640033088263806e-10
spectrum,Roland hardware demo,2131.787109375,2.8606811364184637e-10
spectrum,Roland hardware demo,2137.17041015625,1.8521628675216562e-10
spectrum,Roland hardware demo,2142.5537109375,1.0986761500575426e-10
spectrum,Roland hardware demo,2147.93701171875,6.996395129910127e-11
spectrum,Roland hardware demo,2153.3203125,5.7197871439207404e-11
spectrum,Roland hardware demo,2158.70361328125,5.574463460278345e-11
spectrum,Roland hardware demo,2164.0869140625,6.622825898805473e-11
spectrum,Roland hardware demo,2169.47021484375,8.015048347242981e-11
spectrum,Roland hardware demo,2174.853515625,8.718937377638625e-11
spectrum,Roland hardware demo,2180.23681640625,7.076117469750898e-11
spectrum,Roland hardware demo,2185.6201171875,3.9767508730470524e-11
spectrum,Roland hardware demo,2191.00341796875,2.6006086173424592e-11
spectrum,Roland hardware demo,2196.38671875,2.4519244273824015e-11
spectrum,Roland hardware demo,2201.77001953125,3.155727762438332e-11
spectrum,Roland hardware demo,2207.1533203125,5.0076498503415223e-11
spectrum,Roland hardware demo,2212.53662109375,7.987027705880223e-11
spectrum,Roland hardware demo,2217.919921875,9.105131926201437e-11
spectrum,Roland hardware demo,2223.30322265625,7.297464021949196e-11
spectrum,Roland hardware demo,2228.6865234375,5.864340263395107e-11
spectrum,Roland hardware demo,2234.06982421875,4.710513923367188e-11
spectrum,Roland hardware demo,2239.453125,4.9038162419634546e-11
spectrum,Roland hardware demo,2244.83642578125,8.863484252108478e-11
spectrum,Roland hardware demo,2250.2197265625,1.529145698953016e-10
spectrum,Roland hardware demo,2255.60302734375,1.4988710272945127e-10
spectrum,Roland hardware demo,2260.986328125,8.759381414646938e-11
spectrum,Roland hardware demo,2266.36962890625,5.3343898742674867e-11
spectrum,Roland hardware demo,2271.7529296875,5.742333344938011e-11
spectrum,Roland hardware demo,2277.13623046875,9.279853274701821e-11
spectrum,Roland hardware demo,2282.51953125,1.2416373484924748e-10
spectrum,Roland hardware demo,2287.90283203125,1.197685700615736e-10
spectrum,Roland hardware demo,2293.2861328125,1.0150419393895049e-10
spectrum,Roland hardware demo,2298.66943359375,6.21347209794898e-11
spectrum,Roland hardware demo,2304.052734375,4.6014386745341085e-11
spectrum,Roland hardware demo,2309.43603515625,5.961816457178415e-11
spectrum,Roland hardware demo,2314.8193359375,6.927031170889109e-11
spectrum,Roland hardware demo,2320.20263671875,1.1586716308631395e-10
spectrum,Roland hardware demo,2325.5859375,2.0790091870281913e-10
spectrum,Roland hardware demo,2330.96923828125,2.96916879971576e-10
spectrum,Roland hardware demo,2336.3525390625,2.338915172650502e-10
spectrum,Roland hardware demo,2341.73583984375,1.1475000116778489e-10
spectrum,Roland hardware demo,2347.119140625,7.797359979910823e-11
spectrum,Roland hardware demo,2352.50244140625,6.244574302094463e-11
spectrum,Roland hardware demo,2357.8857421875,7.513371869105612e-11
spectrum,Roland hardware demo,2363.26904296875,8.436314147264312e-11
spectrum,Roland hardware demo,2368.65234375,1.0234443154066852e-10
spectrum,Roland hardware demo,2374.03564453125,7.923026124068144e-11
spectrum,Roland hardware demo,2379.4189453125,5.806118433260288e-11
spectrum,Roland hardware demo,2384.80224609375,6.757705506288403e-11
spectrum,Roland hardware demo,2390.185546875,6.991442147441518e-11
spectrum,Roland hardware demo,2395.56884765625,1.0659018112590957e-10
spectrum,Roland hardware demo,2400.9521484375,1.8678211755052132e-10
spectrum,Roland hardware demo,2406.33544921875,2.6983412726444556e-10
spectrum,Roland hardware demo,2411.71875,2.133804521964322e-10
spectrum,Roland hardware demo,2417.10205078125,1.2666925841564591e-10
spectrum,Roland hardware demo,2422.4853515625,6.43668590649682e-11
spectrum,Roland hardware demo,2427.86865234375,4.332322001143751e-11
spectrum,Roland hardware demo,2433.251953125,3.3705399582473206e-11
spectrum,Roland hardware demo,2438.63525390625,2.9279596108766626e-11
spectrum,Roland hardware demo,2444.0185546875,2.2219795448030766e-11
spectrum,Roland hardware demo,2449.40185546875,1.6921108611511748e-11
spectrum,Roland hardware demo,2454.78515625,1.1065167879187321e-11
spectrum,Roland hardware demo,2460.16845703125,7.805442923947137e-12
spectrum,Roland hardware demo,2465.5517578125,6.902026693234031e-12
spectrum,Roland hardware demo,2470.93505859375,9.81380428310974e-12
spectrum,Roland hardware demo,2476.318359375,1.5933589517236335e-11
spectrum,Roland hardware demo,2481.70166015625,3.982212476438818e-11
spectrum,Roland hardware demo,2487.0849609375,6.398435947740921e-11
spectrum,Roland hardware demo,2492.46826171875,7.342429442225296e-11
spectrum,Roland hardware demo,2497.8515625,5.587362170156318e-11
spectrum,Roland hardware demo,2503.23486328125,3.250974489610314e-11
spectrum,Roland hardware demo,2508.6181640625,2.218483383109593e-11
spectrum,Roland hardware demo,2514.00146484375,1.9983400351142322e-11
spectrum,Roland hardware demo,2519.384765625,2.5487896515574704e-11
spectrum,Roland hardware demo,2524.76806640625,3.673675252890973e-11
spectrum,Roland hardware demo,2530.1513671875,3.514682295202576e-11
spectrum,Roland hardware demo,2535.53466796875,2.6288960591758226e-11
spectrum,Roland hardware demo,2540.91796875,3.058223119190018e-11
spectrum,Roland hardware demo,2546.30126953125,3.2294684287892395e-11
spectrum,Roland hardware demo,2551.6845703125,6.243949801643112e-11
spectrum,Roland hardware demo,2557.06787109375,1.0976491937597643e-10
spectrum,Roland hardware demo,2562.451171875,1.946834915500517e-10
spectrum,Roland hardware demo,2567.83447265625,1.825665868482318e-10
spectrum,Roland hardware demo,2573.2177734375,1.0453632404150426e-10
spectrum,Roland hardware demo,2578.60107421875,5.85596363067431e-11
spectrum,Roland hardware demo,2583.984375,3.7754389892175055e-11
spectrum,Roland hardware demo,2589.36767578125,2.936235976580548e-11
spectrum,Roland hardware demo,2594.7509765625,2.3398574744426526e-11
spectrum,Roland hardware demo,2600.13427734375,1.9427223718615494e-11
spectrum,Roland hardware demo,2605.517578125,1.7330206714127883e-11
spectrum,Roland hardware demo,2610.90087890625,1.3310903594632162e-11
spectrum,Roland hardware demo,2616.2841796875,1.4386066990446089e-11
spectrum,Roland hardware demo,2621.66748046875,1.5796811775325992e-11
spectrum,Roland hardware demo,2627.05078125,2.6680300330150786e-11
spectrum,Roland hardware demo,2632.43408203125,4.404465681062675e-11
spectrum,Roland hardware demo,2637.8173828125,7.552038161495744e-11
spectrum,Roland hardware demo,2643.20068359375,8.77206363103511e-11
spectrum,Roland hardware demo,2648.583984375,5.103077682644397e-11
spectrum,Roland hardware demo,2653.96728515625,2.728081302527663e-11
spectrum,Roland hardware demo,2659.3505859375,1.4489284771990185e-11
spectrum,Roland hardware demo,2664.73388671875,1.2187008346931094e-11
spectrum,Roland hardware demo,2670.1171875,1.463328416773102e-11
spectrum,Roland hardware demo,2675.50048828125,2.4194483222439445e-11
spectrum,Roland hardware demo,2680.8837890625,3.1487104590333104e-11
spectrum,Roland hardware demo,2686.26708984375,2.542898530633053e-11
spectrum,Roland hardware demo,2691.650390625,2.4421973124355567e-11
spectrum,Roland hardware demo,2697.03369140625,2.852452822554863e-11
spectrum,Roland hardware demo,2702.4169921875,1.952844136399179e-11
spectrum,Roland hardware demo,2707.80029296875,1.1267136529324873e-11
spectrum,Roland hardware demo,2713.18359375,1.0715759876656072e-11
spectrum,Roland hardware demo,2718.56689453125,1.0474056517939534e-11
spectrum,Roland hardware demo,2723.9501953125,1.0794353258458678e-11
spectrum,Roland hardware demo,2729.33349609375,7.720411115963444e-12
spectrum,Roland hardware demo,2734.716796875,6.183584894126071e-12
spectrum,Roland hardware demo,2740.10009765625,5.9184553959090724e-12
spectrum,Roland hardware demo,2745.4833984375,6.281996624279973e-12
spectrum,Roland hardware demo,2750.86669921875,7.056224094609265e-12
spectrum,Roland hardware demo,2756.25,8.439965740181243e-12
spectrum,Roland hardware demo,2761.63330078125,8.690534403221761e-12
spectrum,Roland hardware demo,2767.0166015625,1.15214521950735e-11
spectrum,Roland hardware demo,2772.39990234375,1.6590886650624803e-11
spectrum,Roland hardware demo,2777.783203125,1.5229251887349804e-11
spectrum,Roland hardware demo,2783.16650390625,1.46839051334835e-11
spectrum,Roland hardware demo,2788.5498046875,2.269884800953914e-11
spectrum,Roland hardware demo,2793.93310546875,3.9347011759893746e-11
spectrum,Roland hardware demo,2799.31640625,6.08514488797951e-11
spectrum,Roland hardware demo,2804.69970703125,3.889666366774236e-11
spectrum,Roland hardware demo,2810.0830078125,2.0977261594445906e-11
spectrum,Roland hardware demo,2815.46630859375,1.1902475532954426e-11
spectrum,Roland hardware demo,2820.849609375,9.588102881097349e-12
spectrum,Roland hardware demo,2826.23291015625,8.898643107102533e-12
spectrum,Roland hardware demo,2831.6162109375,1.1019652204624641e-11
spectrum,Roland hardware demo,2836.99951171875,1.3259223580197599e-11
spectrum,Roland hardware demo,2842.3828125,1.0477880715842325e-11
spectrum,Roland hardware demo,2847.76611328125,9.138396636632073e-12
spectrum,Roland hardware demo,2853.1494140625,9.580917656459853e-12
spectrum,Roland hardware demo,2858.53271484375,1.05659214016951e-11
spectrum,Roland hardware demo,2863.916015625,1.231714036320497e-11
spectrum,Roland hardware demo,2869.29931640625,1.7830046467048888e-11
spectrum,Roland hardware demo,2874.6826171875,1.9242215459902567e-11
spectrum,Roland hardware demo,2880.06591796875,1.6681189415890252e-11
spectrum,Roland hardware demo,2885.44921875,1.0723614704555295e-11
spectrum,Roland hardware demo,2890.83251953125,6.142922108487436e-12
spectrum,Roland hardware demo,2896.2158203125,5.625444988305306e-12
spectrum,Roland hardware demo,2901.59912109375,5.900247304624351e-12
spectrum,Roland hardware demo,2906.982421875,8.554646574454594e-12
spectrum,Roland hardware demo,2912.36572265625,1.1756550594155257e-11
spectrum,Roland hardware demo,2917.7490234375,9.55643203459644e-12
spectrum,Roland hardware demo,2923.13232421875,5.293262356209638e-12
spectrum,Roland hardware demo,2928.515625,3.2295537771842575e-12
spectrum,Roland hardware demo,2933.89892578125,3.3475559563928003e-12
spectrum,Roland hardware demo,2939.2822265625,4.27920632956047e-12
spectrum,Roland hardware demo,2944.66552734375,8.52417268715211e-12
spectrum,Roland hardware demo,2950.048828125,1.4594742081541767e-11
spectrum,Roland hardware demo,2955.43212890625,1.8638920268321257e-11
spectrum,Roland hardware demo,2960.8154296875,1.3967507705991977e-11
spectrum,Roland hardware demo,2966.19873046875,7.127158672265432e-12
spectrum,Roland hardware demo,2971.58203125,4.6995870736643575e-12
spectrum,Roland hardware demo,2976.96533203125,3.007163094925769e-12
spectrum,Roland hardware demo,2982.3486328125,2.8934450321815852e-12
spectrum,Roland hardware demo,2987.73193359375,2.8608981503253084e-12
spectrum,Roland hardware demo,2993.115234375,3.957132364840188e-12
spectrum,Roland hardware demo,2998.49853515625,5.8051341511600185e-12
spectrum,Roland hardware demo,3003.8818359375,9.3762593175728e-12
spectrum,Roland hardware demo,3009.26513671875,1.1016561794752189e-11
spectrum,Roland hardware demo,3014.6484375,7.830774223505088e-12
spectrum,Roland hardware demo,3020.03173828125,4.968657863618775e-12
spectrum,Roland hardware demo,3025.4150390625,5.165451399946619e-12
spectrum,Roland hardware demo,3030.79833984375,5.771748530503107e-12
spectrum,Roland hardware demo,3036.181640625,5.213521454827674e-12
spectrum,Roland hardware demo,3041.56494140625,4.118586548196301e-12
spectrum,Roland hardware demo,3046.9482421875,4.546010269612655e-12
spectrum,Roland hardware demo,3052.33154296875,4.857132925029095e-12
spectrum,Roland hardware demo,3057.71484375,3.401112291107067e-12
spectrum,Roland hardware demo,3063.09814453125,3.1852073062443864e-12
spectrum,Roland hardware demo,3068.4814453125,4.29402607221574e-12
spectrum,Roland hardware demo,3073.86474609375,3.683993214653736e-12
spectrum,Roland hardware demo,3079.248046875,2.266787669027992e-12
spectrum,Roland hardware demo,3084.63134765625,2.125498778718371e-12
spectrum,Roland hardware demo,3090.0146484375,2.9197529810565115e-12
spectrum,Roland hardware demo,3095.39794921875,4.709972863115031e-12
spectrum,Roland hardware demo,3100.78125,9.730325919998783e-12
spectrum,Roland hardware demo,3106.16455078125,1.5228419220081335e-11
spectrum,Roland hardware demo,3111.5478515625,1.9986002436356287e-11
spectrum,Roland hardware demo,3116.93115234375,1.2791725144400967e-11
spectrum,Roland hardware demo,3122.314453125,5.991632971019678e-12
spectrum,Roland hardware demo,3127.69775390625,3.68666468880674e-12
spectrum,Roland hardware demo,3133.0810546875,3.3540707104068312e-12
spectrum,Roland hardware demo,3138.46435546875,4.334760848878627e-12
spectrum,Roland hardware demo,3143.84765625,4.946095616409352e-12
spectrum,Roland hardware demo,3149.23095703125,3.53573420541764e-12
spectrum,Roland hardware demo,3154.6142578125,2.3938125787159592e-12
spectrum,Roland hardware demo,3159.99755859375,2.0661098699970015e-12
spectrum,Roland hardware demo,3165.380859375,2.473039134587296e-12
spectrum,Roland hardware demo,3170.76416015625,3.5421427076187673e-12
spectrum,Roland hardware demo,3176.1474609375,7.33666599694871e-12
spectrum,Roland hardware demo,3181.53076171875,1.3222050190830892e-11
spectrum,Roland hardware demo,3186.9140625,2.1463258254028617e-11
spectrum,Roland hardware demo,3192.29736328125,1.6075012848615344e-11
spectrum,Roland hardware demo,3197.6806640625,8.335300331896445e-12
spectrum,Roland hardware demo,3203.06396484375,5.3575598818467185e-12
spectrum,Roland hardware demo,3208.447265625,3.928202381431323e-12
spectrum,Roland hardware demo,3213.83056640625,4.8803660765428525e-12
spectrum,Roland hardware demo,3219.2138671875,5.176297758480164e-12
spectrum,Roland hardware demo,3224.59716796875,5.339543043825223e-12
spectrum,Roland hardware demo,3229.98046875,4.004122120676579e-12
spectrum,Roland hardware demo,3235.36376953125,2.7655386661273873e-12
spectrum,Roland hardware demo,3240.7470703125,1.7671131485180736e-12
spectrum,Roland hardware demo,3246.13037109375,1.099122529102381e-12
spectrum,Roland hardware demo,3251.513671875,9.418002402256098e-13
spectrum,Roland hardware demo,3256.89697265625,1.0085091399145152e-12
spectrum,Roland hardware demo,3262.2802734375,1.221889560018563e-12
spectrum,Roland hardware demo,3267.66357421875,1.2327801540007455e-12
spectrum,Roland hardware demo,3273.046875,8.332779995526285e-13
spectrum,Roland hardware demo,3278.43017578125,6.794171345317346e-13
spectrum,Roland hardware demo,3283.8134765625,6.391288323234767e-13
spectrum,Roland hardware demo,3289.19677734375,6.997750903042776e-13
spectrum,Roland hardware demo,3294.580078125,9.374382780452661e-13
spectrum,Roland hardware demo,3299.96337890625,1.296277321594097e-12
spectrum,Roland hardware demo,3305.3466796875,1.4553501632985633e-12
spectrum,Roland hardware demo,3310.72998046875,9.855124528945769e-13
spectrum,Roland hardware demo,3316.11328125,1.261269734487147e-12
spectrum,Roland hardware demo,3321.49658203125,1.8291867586589516e-12
spectrum,Roland hardware demo,3326.8798828125,3.026360412272666e-12
spectrum,Roland hardware demo,3332.26318359375,4.098191837970111e-12
spectrum,Roland hardware demo,3337.646484375,7.094371964888602e-12
spectrum,Roland hardware demo,3343.02978515625,8.664175280004294e-12
spectrum,Roland hardware demo,3348.4130859375,7.088166425334164e-12
spectrum,Roland hardware demo,3353.79638671875,3.823183523238294e-12
spectrum,Roland hardware demo,3359.1796875,2.7723973290705306e-12
spectrum,Roland hardware demo,3364.56298828125,2.4445521561861083e-12
spectrum,Roland hardware demo,3369.9462890625,2.9041023058562487e-12
spectrum,Roland hardware demo,3375.32958984375,3.1622378326989775e-12
spectrum,Roland hardware demo,3380.712890625,3.0056493318525446e-12
spectrum,Roland hardware demo,3386.09619140625,2.1548153886219445e-12
spectrum,Roland hardware demo,3391.4794921875,1.2972377078784847e-12
spectrum,Roland hardware demo,3396.86279296875,1.10105891418244e-12
spectrum,Roland hardware demo,3402.24609375,1.3713454200328656e-12
spectrum,Roland hardware demo,3407.62939453125,2.436465959543277e-12
spectrum,Roland hardware demo,3413.0126953125,5.392725328789982e-12
spectrum,Roland hardware demo,3418.39599609375,1.001789450005841e-11
spectrum,Roland hardware demo,3423.779296875,1.1004076122533846e-11
spectrum,Roland hardware demo,3429.16259765625,6.7717957977220244e-12
spectrum,Roland hardware demo,3434.5458984375,3.327724814455868e-12
spectrum,Roland hardware demo,3439.92919921875,1.9526305485711992e-12
spectrum,Roland hardware demo,3445.3125,1.4271210081739927e-12
spectrum,Roland hardware demo,3450.69580078125,1.4553996029176286e-12
spectrum,Roland hardware demo,3456.0791015625,1.983284196593882e-12
spectrum,Roland hardware demo,3461.46240234375,2.1819542700418637e-12
spectrum,Roland hardware demo,3466.845703125,1.7451486219663415e-12
spectrum,Roland hardware demo,3472.22900390625,1.2143846041604012e-12
spectrum,Roland hardware demo,3477.6123046875,8.761262115103419e-13
spectrum,Roland hardware demo,3482.99560546875,8.756756170874569e-13
spectrum,Roland hardware demo,3488.37890625,1.2347475472629377e-12
spectrum,Roland hardware demo,3493.76220703125,2.4224019058022295e-12
spectrum,Roland hardware demo,3499.1455078125,3.040702455450739e-12
spectrum,Roland hardware demo,3504.52880859375,2.2942498595357463e-12
spectrum,Roland hardware demo,3509.912109375,1.821795752449118e-12
spectrum,Roland hardware demo,3515.29541015625,1.5498631024402076e-12
spectrum,Roland hardware demo,3520.6787109375,1.3062657509485542e-12
spectrum,Roland hardware demo,3526.06201171875,1.5865583586488485e-12
spectrum,Roland hardware demo,3531.4453125,1.5714110785172708e-12
spectrum,Roland hardware demo,3536.82861328125,1.030674677549026e-12
spectrum,Roland hardware demo,3542.2119140625,6.106873904135335e-13
spectrum,Roland hardware demo,3547.59521484375,4.336318359509511e-13
spectrum,Roland hardware demo,3552.978515625,3.23162991592435e-13
spectrum,Roland hardware demo,3558.36181640625,2.576831705913135e-13
spectrum,Roland hardware demo,3563.7451171875,2.750583506620774e-13
spectrum,Roland hardware demo,3569.12841796875,4.5172708889457125e-13
spectrum,Roland hardware demo,3574.51171875,5.856656305758268e-13
spectrum,Roland hardware demo,3579.89501953125,6.500112947893655e-13
spectrum,Roland hardware demo,3585.2783203125,3.953739462561612e-13
spectrum,Roland hardware demo,3590.66162109375,2.626088365861867e-13
spectrum,Roland hardware demo,3596.044921875,2.714475779569403e-13
spectrum,Roland hardware demo,3601.42822265625,4.545771853554925e-13
spectrum,Roland hardware demo,3606.8115234375,7.113481895540397e-13
spectrum,Roland hardware demo,3612.19482421875,9.258222443894737e-13
spectrum,Roland hardware demo,3617.578125,8.775050998333089e-13
spectrum,Roland hardware demo,3622.96142578125,5.781362801687839e-13
spectrum,Roland hardware demo,3628.3447265625,4.92269202831408e-13
spectrum,Roland hardware demo,3633.72802734375,5.514621420101007e-13
spectrum,Roland hardware demo,3639.111328125,8.068714967002233e-13
spectrum,Roland hardware demo,3644.49462890625,1.3902424133779845e-12
spectrum,Roland hardware demo,3649.8779296875,2.532953014000583e-12
spectrum,Roland hardware demo,3655.26123046875,3.1174869543487693e-12
spectrum,Roland hardware demo,3660.64453125,2.120839094621463e-12
spectrum,Roland hardware demo,3666.02783203125,1.1401806148531035e-12
spectrum,Roland hardware demo,3671.4111328125,7.330853589102015e-13
spectrum,Roland hardware demo,3676.79443359375,5.168795079446564e-13
spectrum,Roland hardware demo,3682.177734375,4.511115331111426e-13
spectrum,Roland hardware demo,3687.56103515625,4.860695179687013e-13
spectrum,Roland hardware demo,3692.9443359375,6.850295070776058e-13
spectrum,Roland hardware demo,3698.32763671875,8.736678915044482e-13
spectrum,Roland hardware demo,3703.7109375,6.776426208360276e-13
spectrum,Roland hardware demo,3709.09423828125,4.826297781562738e-13
spectrum,Roland hardware demo,3714.4775390625,5.124843691778347e-13
spectrum,Roland hardware demo,3719.86083984375,8.782575361410139e-13
spectrum,Roland hardware demo,3725.244140625,1.7141615817756195e-12
spectrum,Roland hardware demo,3730.62744140625,2.7147381564951445e-12
spectrum,Roland hardware demo,3736.0107421875,2.727052524770235e-12
spectrum,Roland hardware demo,3741.39404296875,1.6135942408623816e-12
spectrum,Roland hardware demo,3746.77734375,8.25350963788718e-13
spectrum,Roland hardware demo,3752.16064453125,5.354847424851594e-13
spectrum,Roland hardware demo,3757.5439453125,4.973542194405822e-13
spectrum,Roland hardware demo,3762.92724609375,6.06272302326738e-13
spectrum,Roland hardware demo,3768.310546875,8.170407709770511e-13
spectrum,Roland hardware demo,3773.69384765625,7.747389427041618e-13
spectrum,Roland hardware demo,3779.0771484375,6.022507796285548e-13
spectrum,Roland hardware demo,3784.46044921875,6.439885517212085e-13
spectrum,Roland hardware demo,3789.84375,7.533600479558977e-13
spectrum,Roland hardware demo,3795.22705078125,6.773050002795156e-13
spectrum,Roland hardware demo,3800.6103515625,5.706382632045259e-13
spectrum,Roland hardware demo,3805.99365234375,6.585579520948515e-13
spectrum,Roland hardware demo,3811.376953125,5.082132631395453e-13
spectrum,Roland hardware demo,3816.76025390625,4.607850017344928e-13
spectrum,Roland hardware demo,3822.1435546875,2.84043676166551e-13
spectrum,Roland hardware demo,3827.52685546875,2.6111250206288517e-13
spectrum,Roland hardware demo,3832.91015625,3.777937706596346e-13
spectrum,Roland hardware demo,3838.29345703125,5.271123164687919e-13
spectrum,Roland hardware demo,3843.6767578125,5.124893565078281e-13
spectrum,Roland hardware demo,3849.06005859375,3.936924028967448e-13
spectrum,Roland hardware demo,3854.443359375,2.430145386138338e-13
spectrum,Roland hardware demo,3859.82666015625,2.0266665949619789e-13
spectrum,Roland hardware demo,3865.2099609375,2.2021796820988204e-13
spectrum,Roland hardware demo,3870.59326171875,3.062893363416086e-13
spectrum,Roland hardware demo,3875.9765625,4.4791237776078963e-13
spectrum,Roland hardware demo,3881.35986328125,8.655802853987926e-13
spectrum,Roland hardware demo,3886.7431640625,1.1323983200792198e-12
spectrum,Roland hardware demo,3892.12646484375,9.21239972327681e-13
spectrum,Roland hardware demo,3897.509765625,6.304605817443465e-13
spectrum,Roland hardware demo,3902.89306640625,3.5313435118797254e-13
spectrum,Roland hardware demo,3908.2763671875,2.6824405869284307e-13
spectrum,Roland hardware demo,3913.65966796875,2.4183479112489803e-13
spectrum,Roland hardware demo,3919.04296875,2.8409422709284315e-13
spectrum,Roland hardware demo,3924.42626953125,3.788007505323848e-13
spectrum,Roland hardware demo,3929.8095703125,3.4938957109431623e-13
spectrum,Roland hardware demo,3935.19287109375,3.0271461335870664e-13
spectrum,Roland hardware demo,3940.576171875,4.366188942513116e-13
spectrum,Roland hardware demo,3945.95947265625,5.734010271804535e-13
spectrum,Roland hardware demo,3951.3427734375,6.95258737734572e-13
spectrum,Roland hardware demo,3956.72607421875,1.0564151550068734e-12
spectrum,Roland hardware demo,3962.109375,1.7087403540727575e-12
spectrum,Roland hardware demo,3967.49267578125,1.9160129212381083e-12
spectrum,Roland hardware demo,3972.8759765625,1.2946007113545654e-12
spectrum,Roland hardware demo,3978.25927734375,7.527540873616956e-13
spectrum,Roland hardware demo,3983.642578125,4.638098715856187e-13
spectrum,Roland hardware demo,3989.02587890625,3.6048925346546246e-13
spectrum,Roland hardware demo,3994.4091796875,3.533270139140232e-13
spectrum,Roland hardware demo,3999.79248046875,4.195820123634175e-13
spectrum,Roland hardware demo,4005.17578125,4.4053457171240595e-13
spectrum,Roland hardware demo,4010.55908203125,3.265437779117336e-13
spectrum,Roland hardware demo,4015.9423828125,2.59568787904646e-13
spectrum,Roland hardware demo,4021.32568359375,2.391210059821125e-13
spectrum,Roland hardware demo,4026.708984375,2.6790126107095746e-13
spectrum,Roland hardware demo,4032.09228515625,3.6371215284339287e-13
spectrum,Roland hardware demo,4037.4755859375,6.323536529476148e-13
spectrum,Roland hardware demo,4042.85888671875,7.895229066877396e-13
spectrum,Roland hardware demo,4048.2421875,6.409223195572022e-13
spectrum,Roland hardware demo,4053.62548828125,3.3988583432106867e-13
spectrum,Roland hardware demo,4059.0087890625,2.597887183153347e-13
spectrum,Roland hardware demo,4064.39208984375,3.1734418695292255e-13
spectrum,Roland hardware demo,4069.775390625,3.6500647339690606e-13
spectrum,Roland hardware demo,4075.15869140625,2.4471822680262323e-13
spectrum,Roland hardware demo,4080.5419921875,2.0081885373363084e-13
spectrum,Roland hardware demo,4085.92529296875,1.683477033991021e-13
spectrum,Roland hardware demo,4091.30859375,1.5931716666403584e-13
spectrum,Roland hardware demo,4096.69189453125,1.7134999473998602e-13
spectrum,Roland hardware demo,4102.0751953125,1.7511351797869917e-13
spectrum,Roland hardware demo,4107.45849609375,2.077605801157137e-13
spectrum,Roland hardware demo,4112.841796875,3.1700949374227627e-13
spectrum,Roland hardware demo,4118.22509765625,4.454333494934015e-13
spectrum,Roland hardware demo,4123.6083984375,3.8188674228098463e-13
spectrum,Roland hardware demo,4128.99169921875,2.388744584080893e-13
spectrum,Roland hardware demo,4134.375,1.5948883652552176e-13
spectrum,Roland hardware demo,4139.75830078125,1.6756818914213933e-13
spectrum,Roland hardware demo,4145.1416015625,2.5752224788386235e-13
spectrum,Roland hardware demo,4150.52490234375,4.3971721879962344e-13
spectrum,Roland hardware demo,4155.908203125,5.337190108270495e-13
spectrum,Roland hardware demo,4161.29150390625,4.818995137829962e-13
spectrum,Roland hardware demo,4166.6748046875,2.85511740118205e-13
spectrum,Roland hardware demo,4172.05810546875,1.6546209931703193e-13
spectrum,Roland hardware demo,4177.44140625,1.4520838958337334e-13
spectrum,Roland hardware demo,4182.82470703125,1.7783734554410735e-13
spectrum,Roland hardware demo,4188.2080078125,3.0743636802998964e-13
spectrum,Roland hardware demo,4193.59130859375,5.762754639801471e-13
spectrum,Roland hardware demo,4198.974609375,7.822540358526364e-13
spectrum,Roland hardware demo,4204.35791015625,5.185189842597804e-13
spectrum,Roland hardware demo,4209.7412109375,3.007683078287693e-13
spectrum,Roland hardware demo,4215.12451171875,1.4863936091073088e-13
spectrum,Roland hardware demo,4220.5078125,1.0723044088951916e-13
spectrum,Roland hardware demo,4225.89111328125,8.20457796753965e-14
spectrum,Roland hardware demo,4231.2744140625,9.116441461324079e-14
spectrum,Roland hardware demo,4236.65771484375,1.010048910287352e-13
spectrum,Roland hardware demo,4242.041015625,1.137807838398619e-13
spectrum,Roland hardware demo,4247.42431640625,1.6160036091401875e-13
spectrum,Roland hardware demo,4252.8076171875,2.7822422100573507e-13
spectrum,Roland hardware demo,4258.19091796875,3.6777045710027767e-13
spectrum,Roland hardware demo,4263.57421875,3.563215803144282e-13
spectrum,Roland hardware demo,4268.95751953125,5.813126130634061e-13
spectrum,Roland hardware demo,4274.3408203125,9.40684054089036e-13
spectrum,Roland hardware demo,4279.72412109375,8.985271294364994e-13
spectrum,Roland hardware demo,4285.107421875,4.424578921562866e-13
spectrum,Roland hardware demo,4290.49072265625,2.4916584095459327e-13
spectrum,Roland hardware demo,4295.8740234375,1.826179723933563e-13
spectrum,Roland hardware demo,4301.25732421875,1.6855374246945581e-13
spectrum,Roland hardware demo,4306.640625,1.9107333987591901e-13
spectrum,Roland hardware demo,4312.02392578125,2.4029145643741923e-13
spectrum,Roland hardware demo,4317.4072265625,2.430307474363125e-13
spectrum,Roland hardware demo,4322.79052734375,1.613645604940303e-13
spectrum,Roland hardware demo,4328.173828125,1.258020109525665e-13
spectrum,Roland hardware demo,4333.55712890625,1.1875086146622554e-13
spectrum,Roland hardware demo,4338.9404296875,1.6551724455002997e-13
spectrum,Roland hardware demo,4344.32373046875,2.3722226982249295e-13
spectrum,Roland hardware demo,4349.70703125,2.3218986412373854e-13
spectrum,Roland hardware demo,4355.09033203125,1.463856163022581e-13
spectrum,Roland hardware demo,4360.4736328125,1.07847663633788e-13
spectrum,Roland hardware demo,4365.85693359375,8.456928733691083e-14
spectrum,Roland hardware demo,4371.240234375,5.854218070597619e-14
spectrum,Roland hardware demo,4376.62353515625,5.640649893782351e-14
spectrum,Roland hardware demo,4382.0068359375,6.906144222034588e-14
spectrum,Roland hardware demo,4387.39013671875,8.743598564359828e-14
spectrum,Roland hardware demo,4392.7734375,8.512800382144692e-14
spectrum,Roland hardware demo,4398.15673828125,8.57609474972168e-14
spectrum,Roland hardware demo,4403.5400390625,6.44573438135683e-14
spectrum,Roland hardware demo,4408.92333984375,8.044686607405066e-14
spectrum,Roland hardware demo,4414.306640625,9.83540573745896e-14
spectrum,Roland hardware demo,4419.68994140625,1.649511148331395e-13
spectrum,Roland hardware demo,4425.0732421875,2.7155984709190117e-13
spectrum,Roland hardware demo,4430.45654296875,4.327603813497616e-13
spectrum,Roland hardware demo,4435.83984375,4.735720279466782e-13
spectrum,Roland hardware demo,4441.22314453125,2.852080008795832e-13
spectrum,Roland hardware demo,4446.6064453125,1.9873775476859923e-13
spectrum,Roland hardware demo,4451.98974609375,1.317330576219855e-13
spectrum,Roland hardware demo,4457.373046875,1.3582844159316931e-13
spectrum,Roland hardware demo,4462.75634765625,1.6269882034507244e-13
spectrum,Roland hardware demo,4468.1396484375,1.66303467307935e-13
spectrum,Roland hardware demo,4473.52294921875,1.3970020886627799e-13
spectrum,Roland hardware demo,4478.90625,1.1009493013428018e-13
spectrum,Roland hardware demo,4484.28955078125,1.093731089854208e-13
spectrum,Roland hardware demo,4489.6728515625,1.103926520508447e-13
spectrum,Roland hardware demo,4495.05615234375,1.2475810044331598e-13
spectrum,Roland hardware demo,4500.439453125,1.815386762357013e-13
spectrum,Roland hardware demo,4505.82275390625,3.146069017280484e-13
spectrum,Roland hardware demo,4511.2060546875,4.2093918953788056e-13
spectrum,Roland hardware demo,4516.58935546875,3.2014392222293186e-13
spectrum,Roland hardware demo,4521.97265625,1.863763592242773e-13
spectrum,Roland hardware demo,4527.35595703125,1.3409511402748958e-13
spectrum,Roland hardware demo,4532.7392578125,1.0631014975672273e-13
spectrum,Roland hardware demo,4538.12255859375,8.859566183981593e-14
spectrum,Roland hardware demo,4543.505859375,9.891176419585257e-14
spectrum,Roland hardware demo,4548.88916015625,1.1028364907492844e-13
spectrum,Roland hardware demo,4554.2724609375,8.214796573015326e-14
spectrum,Roland hardware demo,4559.65576171875,7.895326916123463e-14
spectrum,Roland hardware demo,4565.0390625,1.3185154736691101e-13
spectrum,Roland hardware demo,4570.42236328125,1.5427497604067475e-13
spectrum,Roland hardware demo,4575.8056640625,1.4563407446134546e-13
spectrum,Roland hardware demo,4581.18896484375,1.7256068264841912e-13
spectrum,Roland hardware demo,4586.572265625,2.6589873965837674e-13
spectrum,Roland hardware demo,4591.95556640625,2.0079741363566994e-13
spectrum,Roland hardware demo,4597.3388671875,1.3769541062913504e-13
spectrum,Roland hardware demo,4602.72216796875,8.846596415493235e-14
spectrum,Roland hardware demo,4608.10546875,7.995238856823433e-14
spectrum,Roland hardware demo,4613.48876953125,9.454863649817347e-14
spectrum,Roland hardware demo,4618.8720703125,1.233311548590535e-13
spectrum,Roland hardware demo,4624.25537109375,1.3071186114824856e-13
spectrum,Roland hardware demo,4629.638671875,9.382172637536698e-14
spectrum,Roland hardware demo,4635.02197265625,5.819409082223614e-14
spectrum,Roland hardware demo,4640.4052734375,4.2171866313726186e-14
spectrum,Roland hardware demo,4645.78857421875,3.515600760809964e-14
spectrum,Roland hardware demo,4651.171875,4.654337624945132e-14
spectrum,Roland hardware demo,4656.55517578125,5.209718154921758e-14
spectrum,Roland hardware demo,4661.9384765625,8.405334940434286e-14
spectrum,Roland hardware demo,4667.32177734375,1.2344093032901765e-13
spectrum,Roland hardware demo,4672.705078125,1.1786237133840083e-13
spectrum,Roland hardware demo,4678.08837890625,8.679106153382243e-14
spectrum,Roland hardware demo,4683.4716796875,5.166883698779108e-14
spectrum,Roland hardware demo,4688.85498046875,4.683481318154721e-14
spectrum,Roland hardware demo,4694.23828125,5.761772217107927e-14
spectrum,Roland hardware demo,4699.62158203125,8.058219483396759e-14
spectrum,Roland hardware demo,4705.0048828125,8.779943731686973e-14
spectrum,Roland hardware demo,4710.38818359375,9.042644562827495e-14
spectrum,Roland hardware demo,4715.771484375,1.163417506864356e-13
spectrum,Roland hardware demo,4721.15478515625,1.0367236040996486e-13
spectrum,Roland hardware demo,4726.5380859375,8.679171205512592e-14
spectrum,Roland hardware demo,4731.92138671875,8.837478275222632e-14
spectrum,Roland hardware demo,4737.3046875,1.5010039110079088e-13
spectrum,Roland hardware demo,4742.68798828125,2.0770805052045677e-13
spectrum,Roland hardware demo,4748.0712890625,2.5308810494388545e-13
spectrum,Roland hardware demo,4753.45458984375,1.6689588892750823e-13
spectrum,Roland hardware demo,4758.837890625,6.052512549307998e-14
spectrum,Roland hardware demo,4764.22119140625,5.048889637534332e-14
spectrum,Roland hardware demo,4769.6044921875,4.981600662578092e-14
spectrum,Roland hardware demo,4774.98779296875,5.970384912368579e-14
spectrum,Roland hardware demo,4780.37109375,4.972110505437055e-14
spectrum,Roland hardware demo,4785.75439453125,4.717452760350481e-14
spectrum,Roland hardware demo,4791.1376953125,4.050433626738917e-14
spectrum,Roland hardware demo,4796.52099609375,4.7557688039392976e-14
spectrum,Roland hardware demo,4801.904296875,5.726869716296545e-14
spectrum,Roland hardware demo,4807.28759765625,8.293760372490161e-14
spectrum,Roland hardware demo,4812.6708984375,1.3410892405266162e-13
spectrum,Roland hardware demo,4818.05419921875,2.0244384239722496e-13
spectrum,Roland hardware demo,4823.4375,2.2077646785398364e-13
spectrum,Roland hardware demo,4828.82080078125,1.4408317746371357e-13
spectrum,Roland hardware demo,4834.2041015625,8.04343299864313e-14
spectrum,Roland hardware demo,4839.58740234375,5.466854318411998e-14
spectrum,Roland hardware demo,4844.970703125,4.3919098772268045e-14
spectrum,Roland hardware demo,4850.35400390625,5.925242799664429e-14
spectrum,Roland hardware demo,4855.7373046875,5.916783312213611e-14
spectrum,Roland hardware demo,4861.12060546875,6.422901761230643e-14
spectrum,Roland hardware demo,4866.50390625,5.786334817325586e-14
spectrum,Roland hardware demo,4871.88720703125,7.393289810659481e-14
spectrum,Roland hardware demo,4877.2705078125,1.1048909183408728e-13
spectrum,Roland hardware demo,4882.65380859375,1.170135901151434e-13
spectrum,Roland hardware demo,4888.037109375,9.050240754298472e-14
spectrum,Roland hardware demo,4893.42041015625,1.0352421773562187e-13
spectrum,Roland hardware demo,4898.8037109375,1.4686280078342329e-13
spectrum,Roland hardware demo,4904.18701171875,9.992913208066792e-14
spectrum,Roland hardware demo,4909.5703125,5.413409249945683e-14
spectrum,Roland hardware demo,4914.95361328125,3.187895910791716e-14
spectrum,Roland hardware demo,4920.3369140625,2.23489067150643e-14
spectrum,Roland hardware demo,4925.72021484375,2.2046580327398507e-14
spectrum,Roland hardware demo,4931.103515625,2.943189447582664e-14
spectrum,Roland hardware demo,4936.48681640625,3.767805159668111e-14
spectrum,Roland hardware demo,4941.8701171875,4.600278626998647e-14
spectrum,Roland hardware demo,4947.25341796875,4.7145999533841285e-14
spectrum,Roland hardware demo,4952.63671875,4.370564308142817e-14
spectrum,Roland hardware demo,4958.02001953125,3.5576518808829935e-14
spectrum,Roland hardware demo,4963.4033203125,3.7583929295582214e-14
spectrum,Roland hardware demo,4968.78662109375,6.718681600653698e-14
spectrum,Roland hardware demo,4974.169921875,1.0169369144517881e-13
spectrum,Roland hardware demo,4979.55322265625,1.2079466387652366e-13
spectrum,Roland hardware demo,4984.9365234375,9.909068465936699e-14
spectrum,Roland hardware demo,4990.31982421875,8.419870703435528e-14
spectrum,Roland hardware demo,4995.703125,7.638112825602075e-14
spectrum,Roland hardware demo,5001.08642578125,5.018098973462101e-14
spectrum,Roland hardware demo,5006.4697265625,4.174109246180696e-14
spectrum,Roland hardware demo,5011.85302734375,4.3070920636469057e-14
spectrum,Roland hardware demo,5017.236328125,4.72558495427048e-14
spectrum,Roland hardware demo,5022.61962890625,4.136129982891708e-14
spectrum,Roland hardware demo,5028.0029296875,4.766761936341943e-14
spectrum,Roland hardware demo,5033.38623046875,6.280064901269256e-14
spectrum,Roland hardware demo,5038.76953125,6.655547152897151e-14
spectrum,Roland hardware demo,5044.15283203125,8.855373032079505e-14
spectrum,Roland hardware demo,5049.5361328125,1.553434030715506e-13
spectrum,Roland hardware demo,5054.91943359375,2.0454067584628477e-13
spectrum,Roland hardware demo,5060.302734375,1.5946570236166635e-13
spectrum,Roland hardware demo,5065.68603515625,9.370613009498929e-14
spectrum,Roland hardware demo,5071.0693359375,6.260669879656205e-14
spectrum,Roland hardware demo,5076.45263671875,4.495823879195962e-14
spectrum,Roland hardware demo,5081.8359375,4.6704319285693213e-14
spectrum,Roland hardware demo,5087.21923828125,4.884035341955195e-14
spectrum,Roland hardware demo,5092.6025390625,5.149787524584906e-14
spectrum,Roland hardware demo,5097.98583984375,3.7850405860788416e-14
spectrum,Roland hardware demo,5103.369140625,2.755181336983742e-14
spectrum,Roland hardware demo,5108.75244140625,2.3772110107765816e-14
spectrum,Roland hardware demo,5114.1357421875,2.865149930459873e-14
spectrum,Roland hardware demo,5119.51904296875,3.6951493839580685e-14
spectrum,Roland hardware demo,5124.90234375,5.657081994145906e-14
spectrum,Roland hardware demo,5130.28564453125,8.204224246580877e-14
spectrum,Roland hardware demo,5135.6689453125,8.372717395701418e-14
spectrum,Roland hardware demo,5141.05224609375,4.583003220632806e-14
spectrum,Roland hardware demo,5146.435546875,3.172130933577419e-14
spectrum,Roland hardware demo,5151.81884765625,2.0983259211128716e-14
spectrum,Roland hardware demo,5157.2021484375,2.2375442563235884e-14
spectrum,Roland hardware demo,5162.58544921875,2.1509144698629232e-14
spectrum,Roland hardware demo,5167.96875,2.1672117225812748e-14
spectrum,Roland hardware demo,5173.35205078125,2.2219273404684714e-14
spectrum,Roland hardware demo,5178.7353515625,2.0272815408816855e-14
spectrum,Roland hardware demo,5184.11865234375,2.4111287510834856e-14
spectrum,Roland hardware demo,5189.501953125,3.512978346805265e-14
spectrum,Roland hardware demo,5194.88525390625,3.1177554841218397e-14
spectrum,Roland hardware demo,5200.2685546875,3.090075802658285e-14
spectrum,Roland hardware demo,5205.65185546875,3.736715662372089e-14
spectrum,Roland hardware demo,5211.03515625,3.9725611445133244e-14
spectrum,Roland hardware demo,5216.41845703125,4.475294511059949e-14
spectrum,Roland hardware demo,5221.8017578125,9.100345802447174e-14
spectrum,Roland hardware demo,5227.18505859375,8.191160965655142e-14
spectrum,Roland hardware demo,5232.568359375,3.151291551382711e-14
spectrum,Roland hardware demo,5237.95166015625,3.153955639408415e-14
spectrum,Roland hardware demo,5243.3349609375,4.0064041765142805e-14
spectrum,Roland hardware demo,5248.71826171875,4.819452129045665e-14
spectrum,Roland hardware demo,5254.1015625,3.8143513141856294e-14
spectrum,Roland hardware demo,5259.48486328125,2.6447262077827077e-14
spectrum,Roland hardware demo,5264.8681640625,2.584330048138045e-14
spectrum,Roland hardware demo,5270.25146484375,4.174181752200981e-14
spectrum,Roland hardware demo,5275.634765625,5.2866395885541734e-14
spectrum,Roland hardware demo,5281.01806640625,6.218348047853234e-14
spectrum,Roland hardware demo,5286.4013671875,7.565813481356237e-14
spectrum,Roland hardware demo,5291.78466796875,8.327897833143583e-14
spectrum,Roland hardware demo,5297.16796875,5.0016502712527805e-14
spectrum,Roland hardware demo,5302.55126953125,2.889902943684075e-14
spectrum,Roland hardware demo,5307.9345703125,2.1500210195101593e-14
spectrum,Roland hardware demo,5313.31787109375,2.6396163968251014e-14
spectrum,Roland hardware demo,5318.701171875,2.560666319284012e-14
spectrum,Roland hardware demo,5324.08447265625,2.6255712353069095e-14
spectrum,Roland hardware demo,5329.4677734375,2.365961057984329e-14
spectrum,Roland hardware demo,5334.85107421875,2.4580421790869333e-14
spectrum,Roland hardware demo,5340.234375,2.202309718596883e-14
spectrum,Roland hardware demo,5345.61767578125,2.3839599998937144e-14
spectrum,Roland hardware demo,5351.0009765625,2.894330215492784e-14
spectrum,Roland hardware demo,5356.38427734375,4.547794432707697e-14
spectrum,Roland hardware demo,5361.767578125,7.545453519809675e-14
spectrum,Roland hardware demo,5367.15087890625,8.004613139857286e-14
spectrum,Roland hardware demo,5372.5341796875,4.931331628850802e-14
spectrum,Roland hardware demo,5377.91748046875,4.068879971451042e-14
spectrum,Roland hardware demo,5383.30078125,3.0182074287760097e-14
spectrum,Roland hardware demo,5388.68408203125,2.4374497916996446e-14
spectrum,Roland hardware demo,5394.0673828125,3.439712707373199e-14
spectrum,Roland hardware demo,5399.45068359375,4.253652416191453e-14
spectrum,Roland hardware demo,5404.833984375,4.2283430717274945e-14
spectrum,Roland hardware demo,5410.21728515625,3.255613484419266e-14
spectrum,Roland hardware demo,5415.6005859375,1.9345885231779845e-14
spectrum,Roland hardware demo,5420.98388671875,1.2755041401064145e-14
spectrum,Roland hardware demo,5426.3671875,1.2971674312489169e-14
spectrum,Roland hardware demo,5431.75048828125,1.4781334793309564e-14
spectrum,Roland hardware demo,5437.1337890625,1.9816571276173693e-14
spectrum,Roland hardware demo,5442.51708984375,2.964482500623922e-14
spectrum,Roland hardware demo,5447.900390625,3.0360415380738595e-14
spectrum,Roland hardware demo,5453.28369140625,3.4882961455354536e-14
spectrum,Roland hardware demo,5458.6669921875,3.762979104747835e-14
spectrum,Roland hardware demo,5464.05029296875,2.4463273746132275e-14
spectrum,Roland hardware demo,5469.43359375,2.103873478697619e-14
spectrum,Roland hardware demo,5474.81689453125,2.0385640197391128e-14
spectrum,Roland hardware demo,5480.2001953125,1.9699934839336776e-14
spectrum,Roland hardware demo,5485.58349609375,1.925556949674591e-14
spectrum,Roland hardware demo,5490.966796875,1.8333669001349695e-14
spectrum,Roland hardware demo,5496.35009765625,1.9431621906700926e-14
spectrum,Roland hardware demo,5501.7333984375,1.9012462570554452e-14
spectrum,Roland hardware demo,5507.11669921875,1.6958243349071006e-14
spectrum,Roland hardware demo,5512.5,2.0075582092982797e-14
spectrum,Roland hardware demo,5517.88330078125,4.349355619583106e-14
spectrum,Roland hardware demo,5523.2666015625,4.955934886649929e-14
spectrum,Roland hardware demo,5528.64990234375,3.2662850831151335e-14
spectrum,Roland hardware demo,5534.033203125,2.2752385777291204e-14
spectrum,Roland hardware demo,5539.41650390625,2.0402099741622173e-14
spectrum,Roland hardware demo,5544.7998046875,1.9598263780611948e-14
spectrum,Roland hardware demo,5550.18310546875,2.1679720193547303e-14
spectrum,Roland hardware demo,5555.56640625,2.3944699847032458e-14
spectrum,Roland hardware demo,5560.94970703125,2.8112342504880636e-14
spectrum,Roland hardware demo,5566.3330078125,2.2285399572810963e-14
spectrum,Roland hardware demo,5571.71630859375,1.833506152351498e-14
spectrum,Roland hardware demo,5577.099609375,1.8149950943222026e-14
spectrum,Roland hardware demo,5582.48291015625,2.305553548098173e-14
spectrum,Roland hardware demo,5587.8662109375,3.125821609471953e-14
spectrum,Roland hardware demo,5593.24951171875,5.700163106282796e-14
spectrum,Roland hardware demo,5598.6328125,7.068683745975468e-14
spectrum,Roland hardware demo,5604.01611328125,6.041178570847378e-14
spectrum,Roland hardware demo,5609.3994140625,3.953499176255135e-14
spectrum,Roland hardware demo,5614.78271484375,2.424779195248257e-14
spectrum,Roland hardware demo,5620.166015625,2.7522084207454688e-14
spectrum,Roland hardware demo,5625.54931640625,3.7793254853771274e-14
spectrum,Roland hardware demo,5630.9326171875,3.085569248565713e-14
spectrum,Roland hardware demo,5636.31591796875,4.17410179229076e-14
spectrum,Roland hardware demo,5641.69921875,9.298655866563782e-14
spectrum,Roland hardware demo,5647.08251953125,1.1364097596971989e-13
spectrum,Roland hardware demo,5652.4658203125,4.02138175190081e-14
spectrum,Roland hardware demo,5657.84912109375,2.3831570126597174e-14
spectrum,Roland hardware demo,5663.232421875,2.6131061290485258e-14
spectrum,Roland hardware demo,5668.61572265625,3.861396879328849e-14
spectrum,Roland hardware demo,5673.9990234375,5.693080555591035e-14
spectrum,Roland hardware demo,5679.38232421875,5.4545079661728196e-14
spectrum,Roland hardware demo,5684.765625,4.693275051904054e-14
spectrum,Roland hardware demo,5690.14892578125,3.180707650388137e-14
spectrum,Roland hardware demo,5695.5322265625,7.814809997036543e-14
spectrum,Roland hardware demo,5700.91552734375,1.1748718317661222e-13
spectrum,Roland hardware demo,5706.298828125,4.2494443565094936e-14
spectrum,Roland hardware demo,5711.68212890625,3.190285898955689e-14
spectrum,Roland hardware demo,5717.0654296875,2.9815549578956005e-14
spectrum,Roland hardware demo,5722.44873046875,2.615805114831657e-14
spectrum,Roland hardware demo,5727.83203125,2.67809845887158e-14
spectrum,Roland hardware demo,5733.21533203125,2.849174889074657e-14
spectrum,Roland hardware demo,5738.5986328125,2.7760998320557236e-14
spectrum,Roland hardware demo,5743.98193359375,9.125304814084148e-14
spectrum,Roland hardware demo,5749.365234375,1.9715857364679262e-13
spectrum,Roland hardware demo,5754.74853515625,1.1458611566105698e-13
spectrum,Roland hardware demo,5760.1318359375,6.270811235727092e-14
spectrum,Roland hardware demo,5765.51513671875,2.8312302589178495e-13
spectrum,Roland hardware demo,5770.8984375,4.421628265350447e-13
spectrum,Roland hardware demo,5776.28173828125,1.1120625091360498e-13
spectrum,Roland hardware demo,5781.6650390625,3.6672738684771083e-14
spectrum,Roland hardware demo,5787.04833984375,2.4991354743032074e-14
spectrum,Roland hardware demo,5792.431640625,2.1632594668493862e-14
spectrum,Roland hardware demo,5797.81494140625,1.852401424525668e-14
spectrum,Roland hardware demo,5803.1982421875,1.2389928696183126e-14
spectrum,Roland hardware demo,5808.58154296875,1.583795079676889e-14
spectrum,Roland hardware demo,5813.96484375,2.1624527526704213e-14
spectrum,Roland hardware demo,5819.34814453125,2.9230043136364153e-14
spectrum,Roland hardware demo,5824.7314453125,3.646698421748765e-14
spectrum,Roland hardware demo,5830.11474609375,4.599119208300445e-14
spectrum,Roland hardware demo,5835.498046875,4.220219009323789e-14
spectrum,Roland hardware demo,5840.88134765625,2.935051832651803e-14
spectrum,Roland hardware demo,5846.2646484375,2.4524249953939217e-14
spectrum,Roland hardware demo,5851.64794921875,2.2468833027868354e-14
spectrum,Roland hardware demo,5857.03125,1.9416607400677896e-14
spectrum,Roland hardware demo,5862.41455078125,1.6904236528354072e-14
spectrum,Roland hardware demo,5867.7978515625,2.3440867709346655e-14
spectrum,Roland hardware demo,5873.18115234375,4.32554484580943e-14
spectrum,Roland hardware demo,5878.564453125,3.9548584947288884e-14
spectrum,Roland hardware demo,5883.94775390625,2.2467320227024558e-14
spectrum,Roland hardware demo,5889.3310546875,7.894389081244263e-14
spectrum,Roland hardware demo,5894.71435546875,1.411958793157489e-13
spectrum,Roland hardware demo,5900.09765625,5.96517396567707e-14
spectrum,Roland hardware demo,5905.48095703125,3.7045124861570175e-14
spectrum,Roland hardware demo,5910.8642578125,4.476280457410553e-14
spectrum,Roland hardware demo,5916.24755859375,4.274925818068334e-14
spectrum,Roland hardware demo,5921.630859375,2.3769743497711188e-14
spectrum,Roland hardware demo,5927.01416015625,1.9721607024325224e-14
spectrum,Roland hardware demo,5932.3974609375,1.8469048583243455e-14
spectrum,Roland hardware demo,5937.78076171875,1.642011992954856e-14
spectrum,Roland hardware demo,5943.1640625,2.0104384601321232e-14
spectrum,Roland hardware demo,5948.54736328125,2.3359376363557213e-14
spectrum,Roland hardware demo,5953.9306640625,2.2056548211121796e-14
spectrum,Roland hardware demo,5959.31396484375,1.726665651549577e-14
spectrum,Roland hardware demo,5964.697265625,1.9653969749421074e-14
spectrum,Roland hardware demo,5970.08056640625,2.1152906357936596e-14
spectrum,Roland hardware demo,5975.4638671875,2.1302360239281934e-14
spectrum,Roland hardware demo,5980.84716796875,1.7841851178987747e-14
spectrum,Roland hardware demo,5986.23046875,2.0020938303489527e-14
spectrum,Roland hardware demo,5991.61376953125,2.1060369702514958e-14
spectrum,Roland hardware demo,5996.9970703125,1.8184326928353395e-14
spectrum,Roland hardware demo,6002.38037109375,1.3840763997689971e-14
spectrum,Roland hardware demo,6007.763671875,1.3122344533146764e-14
spectrum,Roland hardware demo,6013.14697265625,1.8149044617968464e-14
spectrum,Roland hardware demo,6018.5302734375,1.9066379605778977e-14
spectrum,Roland hardware demo,6023.91357421875,1.9167683052204697e-14
spectrum,Roland hardware demo,6029.296875,1.5044225021017092e-14
spectrum,Roland hardware demo,6034.68017578125,1.0710942529234494e-14
spectrum,Roland hardware demo,6040.0634765625,1.1169904790605395e-14
spectrum,Roland hardware demo,6045.44677734375,1.2365357964449174e-14
spectrum,Roland hardware demo,6050.830078125,1.6198160027918254e-14
spectrum,Roland hardware demo,6056.21337890625,1.8512694496949575e-14
spectrum,Roland hardware demo,6061.5966796875,2.1688480208287807e-14
spectrum,Roland hardware demo,6066.97998046875,2.1155696484464852e-14
spectrum,Roland hardware demo,6072.36328125,1.7496146540027166e-14
spectrum,Roland hardware demo,6077.74658203125,1.2598042997257614e-14
spectrum,Roland hardware demo,6083.1298828125,1.2137166441425918e-14
spectrum,Roland hardware demo,6088.51318359375,1.2766072311136238e-14
spectrum,Roland hardware demo,6093.896484375,1.0995177140179883e-14
spectrum,Roland hardware demo,6099.27978515625,1.758142581715673e-14
spectrum,Roland hardware demo,6104.6630859375,2.112179314371805e-14
spectrum,Roland hardware demo,6110.04638671875,1.803053115612043e-14
spectrum,Roland hardware demo,6115.4296875,1.780381262339245e-14
spectrum,Roland hardware demo,6120.81298828125,1.9936218068105152e-14
spectrum,Roland hardware demo,6126.1962890625,2.002197676588286e-14
spectrum,Roland hardware demo,6131.57958984375,1.9774241651667607e-14
spectrum,Roland hardware demo,6136.962890625,2.2789828021691633e-14
spectrum,Roland hardware demo,6142.34619140625,2.9338866541295597e-14
spectrum,Roland hardware demo,6147.7294921875,2.7518892587309433e-14
spectrum,Roland hardware demo,6153.11279296875,2.0842995637261087e-14
spectrum,Roland hardware demo,6158.49609375,1.6279343053714895e-14
spectrum,Roland hardware demo,6163.87939453125,1.4292075010448324e-14
spectrum,Roland hardware demo,6169.2626953125,2.5061018120746056e-14
spectrum,Roland hardware demo,6174.64599609375,5.932622828327266e-14
spectrum,Roland hardware demo,6180.029296875,3.132981748381683e-14
spectrum,Roland hardware demo,6185.41259765625,1.8059850354556692e-14
spectrum,Roland hardware demo,6190.7958984375,1.6697631639991592e-14
spectrum,Roland hardware demo,6196.17919921875,1.3563142172963796e-14
spectrum,Roland hardware demo,6201.5625,1.0355458894897862e-14
spectrum,Roland hardware demo,6206.94580078125,9.694303939786729e-15
spectrum,Roland hardware demo,6212.3291015625,1.429483464379048e-14
spectrum,Roland hardware demo,6217.71240234375,2.0181573019738622e-14
spectrum,Roland hardware demo,6223.095703125,2.320511811133505e-14
spectrum,Roland hardware demo,6228.47900390625,1.7359869103209316e-14
spectrum,Roland hardware demo,6233.8623046875,1.1570929151351154e-14
spectrum,Roland hardware demo,6239.24560546875,1.1750086784090806e-14
spectrum,Roland hardware demo,6244.62890625,1.2661715310935667e-14
spectrum,Roland hardware demo,6250.01220703125,1.1772668682464606e-14
spectrum,Roland hardware demo,6255.3955078125,1.4548175422050662e-14
spectrum,Roland hardware demo,6260.77880859375,1.4979606571536956e-14
spectrum,Roland hardware demo,6266.162109375,1.2698638324139429e-14
spectrum,Roland hardware demo,6271.54541015625,1.4421494868525203e-14
spectrum,Roland hardware demo,6276.9287109375,1.556338506691641e-14
spectrum,Roland hardware demo,6282.31201171875,1.4359839340294563e-14
spectrum,Roland hardware demo,6287.6953125,1.4207338681437951e-14
spectrum,Roland hardware demo,6293.07861328125,1.3305981276111496e-14
spectrum,Roland hardware demo,6298.4619140625,1.4102492096193867e-14
spectrum,Roland hardware demo,6303.84521484375,1.3849629044515935e-14
spectrum,Roland hardware demo,6309.228515625,1.6578338907832085e-14
spectrum,Roland hardware demo,6314.61181640625,1.7682829213470225e-14
spectrum,Roland hardware demo,6319.9951171875,1.3280196746164128e-14
spectrum,Roland hardware demo,6325.37841796875,1.552394721289225e-14
spectrum,Roland hardware demo,6330.76171875,2.138183225852512e-14
spectrum,Roland hardware demo,6336.14501953125,2.1585174375974778e-14
spectrum,Roland hardware demo,6341.5283203125,1.7329403022162473e-14
spectrum,Roland hardware demo,6346.91162109375,1.4896439794577845e-14
spectrum,Roland hardware demo,6352.294921875,1.3667147654491257e-14
spectrum,Roland hardware demo,6357.67822265625,1.4136850293633343e-14
spectrum,Roland hardware demo,6363.0615234375,1.49162281782916e-14
spectrum,Roland hardware demo,6368.44482421875,1.5706687794998786e-14
spectrum,Roland hardware demo,6373.828125,1.9797897587818525e-14
spectrum,Roland hardware demo,6379.21142578125,2.1087102062330304e-14
spectrum,Roland hardware demo,6384.5947265625,1.5663763553363727e-14
spectrum,Roland hardware demo,6389.97802734375,1.564319251120671e-14
spectrum,Roland hardware demo,6395.361328125,1.504299174104589e-14
spectrum,Roland hardware demo,6400.74462890625,9.472405024528625e-15
spectrum,Roland hardware demo,6406.1279296875,9.213683892987483e-15
spectrum,Roland hardware demo,6411.51123046875,1.0634309764430503e-14
spectrum,Roland hardware demo,6416.89453125,1.091148350872758e-14
spectrum,Roland hardware demo,6422.27783203125,1.274469912877817e-14
spectrum,Roland hardware demo,6427.6611328125,1.406365140039752e-14
spectrum,Roland hardware demo,6433.04443359375,1.3230708846220796e-14
spectrum,Roland hardware demo,6438.427734375,1.4193439717806455e-14
spectrum,Roland hardware demo,6443.81103515625,1.711073977276288e-14
spectrum,Roland hardware demo,6449.1943359375,2.1539202509795498e-14
spectrum,Roland hardware demo,6454.57763671875,2.390601415826546e-14
spectrum,Roland hardware demo,6459.9609375,1.9376617281172126e-14
spectrum,Roland hardware demo,6465.34423828125,1.8799313505641485e-14
spectrum,Roland hardware demo,6470.7275390625,1.5796407218837856e-14
spectrum,Roland hardware demo,6476.11083984375,1.3827016652956034e-14
spectrum,Roland hardware demo,6481.494140625,1.0998993870640211e-14
spectrum,Roland hardware demo,6486.87744140625,1.0389938218048796e-14
spectrum,Roland hardware demo,6492.2607421875,1.2308740588188802e-14
spectrum,Roland hardware demo,6497.64404296875,1.2271122160935344e-14
spectrum,Roland hardware demo,6503.02734375,1.3097473951749483e-14
spectrum,Roland hardware demo,6508.41064453125,1.377305303091941e-14
spectrum,Roland hardware demo,6513.7939453125,1.4013204659157896e-14
spectrum,Roland hardware demo,6519.17724609375,1.3563578394931632e-14
spectrum,Roland hardware demo,6524.560546875,1.3266851742080137e-14
spectrum,Roland hardware demo,6529.94384765625,1.5162435245070008e-14
spectrum,Roland hardware demo,6535.3271484375,1.3766225098331593e-14
spectrum,Roland hardware demo,6540.71044921875,1.1561079852240481e-14
spectrum,Roland hardware demo,6546.09375,1.0721282260421627e-14
spectrum,Roland hardware demo,6551.47705078125,1.216142292393644e-14
spectrum,Roland hardware demo,6556.8603515625,1.033371979430658e-14
spectrum,Roland hardware demo,6562.24365234375,9.774510336595186e-15
spectrum,Roland hardware demo,6567.626953125,1.1266818912298443e-14
spectrum,Roland hardware demo,6573.01025390625,1.283653189982064e-14
spectrum,Roland hardware demo,6578.3935546875,1.3556025402140966e-14
spectrum,Roland hardware demo,6583.77685546875,1.213108220376579e-14
spectrum,Roland hardware demo,6589.16015625,1.4916365397629056e-14
spectrum,Roland hardware demo,6594.54345703125,1.3763292670268198e-14
spectrum,Roland hardware demo,6599.9267578125,1.0516058035763172e-14
spectrum,Roland hardware demo,6605.31005859375,1.3117890833910101e-14
spectrum,Roland hardware demo,6610.693359375,1.6564423850574592e-14
spectrum,Roland hardware demo,6616.07666015625,1.458347128496275e-14
spectrum,Roland hardware demo,6621.4599609375,1.4421040858865475e-14
spectrum,Roland hardware demo,6626.84326171875,1.3894760654011538e-14
spectrum,Roland hardware demo,6632.2265625,1.632953992023508e-14
spectrum,Roland hardware demo,6637.60986328125,2.2048921526464718e-14
spectrum,Roland hardware demo,6642.9931640625,4.292355723243754e-14
spectrum,Roland hardware demo,6648.37646484375,1.2866888544210697e-13
spectrum,Roland hardware demo,6653.759765625,8.159956271878294e-14
spectrum,Roland hardware demo,6659.14306640625,2.3153825184181118e-14
spectrum,Roland hardware demo,6664.5263671875,2.1200726450006785e-14
spectrum,Roland hardware demo,6669.90966796875,1.9056259256125183e-14
spectrum,Roland hardware demo,6675.29296875,1.5777855503227092e-14
spectrum,Roland hardware demo,6680.67626953125,1.1687763793897729e-14
spectrum,Roland hardware demo,6686.0595703125,1.664872395761713e-14
spectrum,Roland hardware demo,6691.44287109375,1.7192266693936108e-14
spectrum,Roland hardware demo,6696.826171875,1.6861779848905897e-14
spectrum,Roland hardware demo,6702.20947265625,1.4123857655255409e-14
spectrum,Roland hardware demo,6707.5927734375,1.512695134084363e-14
spectrum,Roland hardware demo,6712.97607421875,1.765444005721005e-14
spectrum,Roland hardware demo,6718.359375,1.631584000934619e-14
spectrum,Roland hardware demo,6723.74267578125,1.515413262812102e-14
spectrum,Roland hardware demo,6729.1259765625,1.3779133880447748e-14
spectrum,Roland hardware demo,6734.50927734375,1.3236199313784898e-14
spectrum,Roland hardware demo,6739.892578125,1.6351398452471924e-14
spectrum,Roland hardware demo,6745.27587890625,1.750492518949251e-14
spectrum,Roland hardware demo,6750.6591796875,1.582116260375431e-14
spectrum,Roland hardware demo,6756.04248046875,1.494165441330228e-14
spectrum,Roland hardware demo,6761.42578125,1.64808809909869e-14
spectrum,Roland hardware demo,6766.80908203125,1.4779234151600373e-14
spectrum,Roland hardware demo,6772.1923828125,1.2106040521713164e-14
spectrum,Roland hardware demo,6777.57568359375,1.139440070887978e-14
spectrum,Roland hardware demo,6782.958984375,9.614745523182922e-15
spectrum,Roland hardware demo,6788.34228515625,8.759887685561886e-15
spectrum,Roland hardware demo,6793.7255859375,1.153586706953251e-14
spectrum,Roland hardware demo,6799.10888671875,1.2579528551096529e-14
spectrum,Roland hardware demo,6804.4921875,1.1639277933930998e-14
spectrum,Roland hardware demo,6809.87548828125,1.1110914028026816e-14
spectrum,Roland hardware demo,6815.2587890625,1.0736672849073238e-14
spectrum,Roland hardware demo,6820.64208984375,1.1982444862181606e-14
spectrum,Roland hardware demo,6826.025390625,1.0909840264809907e-14
spectrum,Roland hardware demo,6831.40869140625,1.057733494026639e-14
spectrum,Roland hardware demo,6836.7919921875,1.2943249580845209e-14
spectrum,Roland hardware demo,6842.17529296875,1.3307185756962492e-14
spectrum,Roland hardware demo,6847.55859375,1.565718210736356e-14
spectrum,Roland hardware demo,6852.94189453125,1.914011212977157e-14
spectrum,Roland hardware demo,6858.3251953125,1.1886047430586383e-14
spectrum,Roland hardware demo,6863.70849609375,1.2175730157448512e-14
spectrum,Roland hardware demo,6869.091796875,1.1394710722938475e-14
spectrum,Roland hardware demo,6874.47509765625,1.3183562992376621e-14
spectrum,Roland hardware demo,6879.8583984375,1.1530413871418087e-14
spectrum,Roland hardware demo,6885.24169921875,1.2477900691052011e-14
spectrum,Roland hardware demo,6890.625,1.5671488493842686e-14
spectrum,Roland hardware demo,6896.00830078125,1.4356957734208003e-14
spectrum,Roland hardware demo,6901.3916015625,1.3246355238822477e-14
spectrum,Roland hardware demo,6906.77490234375,1.220212539815085e-14
spectrum,Roland hardware demo,6912.158203125,1.2971023791185678e-14
spectrum,Roland hardware demo,6917.54150390625,1.7677133763932887e-14
spectrum,Roland hardware demo,6922.9248046875,1.8126379710365834e-14
spectrum,Roland hardware demo,6928.30810546875,1.9405988995651116e-14
spectrum,Roland hardware demo,6933.69140625,1.8157787692050023e-14
spectrum,Roland hardware demo,6939.07470703125,1.486815567040313e-14
spectrum,Roland hardware demo,6944.4580078125,1.2235456144625307e-14
spectrum,Roland hardware demo,6949.84130859375,1.0967961971584603e-14
spectrum,Roland hardware demo,6955.224609375,1.268752271077261e-14
spectrum,Roland hardware demo,6960.60791015625,1.2729915862749741e-14
spectrum,Roland hardware demo,6965.9912109375,1.20612358669352e-14
spectrum,Roland hardware demo,6971.37451171875,1.1911587168011994e-14
spectrum,Roland hardware demo,6976.7578125,1.0880869196914968e-14
spectrum,Roland hardware demo,6982.14111328125,9.484375294139223e-15
spectrum,Roland hardware demo,6987.5244140625,9.713755204387477e-15
spectrum,Roland hardware demo,6992.90771484375,1.2265720631830703e-14
spectrum,Roland hardware demo,6998.291015625,1.464121521504297e-14
spectrum,Roland hardware demo,7003.67431640625,1.3070057189312756e-14
spectrum,Roland hardware demo,7009.0576171875,1.0367097974626083e-14
spectrum,Roland hardware demo,7014.44091796875,1.0490600460533444e-14
spectrum,Roland hardware demo,7019.82421875,1.1620876143151899e-14
spectrum,Roland hardware demo,7025.20751953125,1.472759902313575e-14
spectrum,Roland hardware demo,7030.5908203125,1.3692973689053041e-14
spectrum,Roland hardware demo,7035.97412109375,1.0542150038670393e-14
spectrum,Roland hardware demo,7041.357421875,1.0475674892969876e-14
spectrum,Roland hardware demo,7046.74072265625,9.576974629998958e-15
spectrum,Roland hardware demo,7052.1240234375,1.0037480185399756e-14
spectrum,Roland hardware demo,7057.50732421875,1.169519227284515e-14
spectrum,Roland hardware demo,7062.890625,1.0804017050577638e-14
spectrum,Roland hardware demo,7068.27392578125,1.2035840125110622e-14
spectrum,Roland hardware demo,7073.6572265625,1.0392662276007165e-14
spectrum,Roland hardware demo,7079.04052734375,1.093941187906445e-14
spectrum,Roland hardware demo,7084.423828125,1.2646595772827177e-14
spectrum,Roland hardware demo,7089.80712890625,1.2947726149971448e-14
spectrum,Roland hardware demo,7095.1904296875,1.2342788771569583e-14
spectrum,Roland hardware demo,7100.57373046875,1.1975578813111162e-14
spectrum,Roland hardware demo,7105.95703125,8.837450492541962e-15
spectrum,Roland hardware demo,7111.34033203125,9.721857921560911e-15
spectrum,Roland hardware demo,7116.7236328125,1.585024463296534e-14
spectrum,Roland hardware demo,7122.10693359375,3.648142104704065e-14
spectrum,Roland hardware demo,7127.490234375,3.5073743768262305e-14
spectrum,Roland hardware demo,7132.87353515625,1.6918586960546454e-14
spectrum,Roland hardware demo,7138.2568359375,1.2498230328819061e-14
spectrum,Roland hardware demo,7143.64013671875,1.4565927538559217e-14
spectrum,Roland hardware demo,7149.0234375,1.2829355836691501e-14
spectrum,Roland hardware demo,7154.40673828125,1.0796104915817336e-14
spectrum,Roland hardware demo,7159.7900390625,1.241766733113981e-14
spectrum,Roland hardware demo,7165.17333984375,1.1651934300228872e-14
spectrum,Roland hardware demo,7170.556640625,1.1635107143698718e-14
spectrum,Roland hardware demo,7175.93994140625,1.2009072189911492e-14
spectrum,Roland hardware demo,7181.3232421875,1.1645415534666803e-14
spectrum,Roland hardware demo,7186.70654296875,1.1264299836313309e-14
spectrum,Roland hardware demo,7192.08984375,1.2697577838889466e-14
spectrum,Roland hardware demo,7197.47314453125,1.1097244610324027e-14
spectrum,Roland hardware demo,7202.8564453125,9.862013075211291e-15
spectrum,Roland hardware demo,7208.23974609375,1.0914875875681334e-14
spectrum,Roland hardware demo,7213.623046875,1.1118371306094443e-14
spectrum,Roland hardware demo,7219.00634765625,1.2247187550944779e-14
spectrum,Roland hardware demo,7224.3896484375,1.2894207220232132e-14
spectrum,Roland hardware demo,7229.77294921875,1.4122778535280607e-14
spectrum,Roland hardware demo,7235.15625,1.445556592179556e-14
spectrum,Roland hardware demo,7240.53955078125,1.2359249162833576e-14
spectrum,Roland hardware demo,7245.9228515625,9.982142675922685e-15
spectrum,Roland hardware demo,7251.30615234375,1.0525800608722491e-14
spectrum,Roland hardware demo,7256.689453125,1.0443516440094419e-14
spectrum,Roland hardware demo,7262.07275390625,9.909114883342209e-15
spectrum,Roland hardware demo,7267.4560546875,8.625517766941253e-15
spectrum,Roland hardware demo,7272.83935546875,7.458391068919552e-15
spectrum,Roland hardware demo,7278.22265625,9.694923967904119e-15
spectrum,Roland hardware demo,7283.60595703125,9.90950621256384e-15
spectrum,Roland hardware demo,7288.9892578125,1.1832106678439334e-14
spectrum,Roland hardware demo,7294.37255859375,1.208516285362924e-14
spectrum,Roland hardware demo,7299.755859375,1.1243523812183055e-14
spectrum,Roland hardware demo,7305.13916015625,1.3300741530299781e-14
spectrum,Roland hardware demo,7310.5224609375,1.4598612845927866e-14
spectrum,Roland hardware demo,7315.90576171875,1.3011445897494547e-14
spectrum,Roland hardware demo,7321.2890625,1.0820169968881778e-14
spectrum,Roland hardware demo,7326.67236328125,8.965471052189977e-15
spectrum,Roland hardware demo,7332.0556640625,1.0158407691147463e-14
spectrum,Roland hardware demo,7337.43896484375,1.025420881154782e-14
spectrum,Roland hardware demo,7342.822265625,9.27269667842269e-15
spectrum,Roland hardware demo,7348.20556640625,1.0393034970503957e-14
spectrum,Roland hardware demo,7353.5888671875,1.1037057837223925e-14
spectrum,Roland hardware demo,7358.97216796875,9.946881541361436e-15
spectrum,Roland hardware demo,7364.35546875,9.169885513350857e-15
spectrum,Roland hardware demo,7369.73876953125,9.923201041255048e-15
spectrum,Roland hardware demo,7375.1220703125,1.2690354341915282e-14
spectrum,Roland hardware demo,7380.50537109375,1.1881456512012264e-14
spectrum,Roland hardware demo,7385.888671875,1.1522332330068333e-14
spectrum,Roland hardware demo,7391.27197265625,1.144542597362238e-14
spectrum,Roland hardware demo,7396.6552734375,8.415503570966074e-15
spectrum,Roland hardware demo,7402.03857421875,9.290674105695215e-15
spectrum,Roland hardware demo,7407.421875,1.1233018909571207e-14
spectrum,Roland hardware demo,7412.80517578125,1.0284904438523368e-14
spectrum,Roland hardware demo,7418.1884765625,1.2037927214292657e-14
spectrum,Roland hardware demo,7423.57177734375,1.0602698494838973e-14
spectrum,Roland hardware demo,7428.955078125,9.972672847572382e-15
spectrum,Roland hardware demo,7434.33837890625,1.0558016659838361e-14
spectrum,Roland hardware demo,7439.7216796875,9.971015204094606e-15
spectrum,Roland hardware demo,7445.10498046875,8.951173136040325e-15
spectrum,Roland hardware demo,7450.48828125,1.064021527813876e-14
spectrum,Roland hardware demo,7455.87158203125,1.1853506118818767e-14
spectrum,Roland hardware demo,7461.2548828125,1.4717729395234344e-14
spectrum,Roland hardware demo,7466.63818359375,1.3966441664205881e-14
spectrum,Roland hardware demo,7472.021484375,1.2251081361403307e-14
spectrum,Roland hardware demo,7477.40478515625,1.2791542591860175e-14
spectrum,Roland hardware demo,7482.7880859375,1.2807326203799312e-14
spectrum,Roland hardware demo,7488.17138671875,1.4348668669786173e-14
spectrum,Roland hardware demo,7493.5546875,1.5049054802882336e-14
spectrum,Roland hardware demo,7498.93798828125,1.5023459161282206e-14
spectrum,Roland hardware demo,7504.3212890625,1.179104421522234e-14
spectrum,Roland hardware demo,7509.70458984375,1.029041354081231e-14
spectrum,Roland hardware demo,7515.087890625,1.179063425127587e-14
spectrum,Roland hardware demo,7520.47119140625,1.0990236396998549e-14
spectrum,Roland hardware demo,7525.8544921875,1.1068663177584825e-14
spectrum,Roland hardware demo,7531.23779296875,1.2382590849761062e-14
spectrum,Roland hardware demo,7536.62109375,1.4661218745125326e-14
spectrum,Roland hardware demo,7542.00439453125,1.8940339409161643e-14
spectrum,Roland hardware demo,7547.3876953125,1.5592008004270026e-14
spectrum,Roland hardware demo,7552.77099609375,1.2643316908288356e-14
spectrum,Roland hardware demo,7558.154296875,1.0962640910609951e-14
spectrum,Roland hardware demo,7563.53759765625,1.467225897255984e-14
spectrum,Roland hardware demo,7568.9208984375,1.606658531802356e-14
spectrum,Roland hardware demo,7574.30419921875,1.9652409514732232e-14
spectrum,Roland hardware demo,7579.6875,2.0489051061789616e-14
spectrum,Roland hardware demo,7585.07080078125,2.5135824682515767e-14
spectrum,Roland hardware demo,7590.4541015625,2.2139113594688356e-14
spectrum,Roland hardware demo,7595.83740234375,8.379687460417784e-14
spectrum,Roland hardware demo,7601.220703125,1.2149042351566192e-13
spectrum,Roland hardware demo,7606.60400390625,3.9744608700074263e-14
spectrum,Roland hardware demo,7611.9873046875,2.5130466352091436e-14
spectrum,Roland hardware demo,7617.37060546875,2.6107666240482094e-14
spectrum,Roland hardware demo,7622.75390625,2.1792795703873963e-14
spectrum,Roland hardware demo,7628.13720703125,1.64020916802992e-14
spectrum,Roland hardware demo,7633.5205078125,1.5888107005707607e-14
spectrum,Roland hardware demo,7638.90380859375,1.1928913226948081e-14
spectrum,Roland hardware demo,7644.287109375,1.1079359509642752e-14
spectrum,Roland hardware demo,7649.67041015625,1.2296470468914876e-14
spectrum,Roland hardware demo,7655.0537109375,1.3105334417500003e-14
spectrum,Roland hardware demo,7660.43701171875,1.2681394427399226e-14
spectrum,Roland hardware demo,7665.8203125,1.0740204976463288e-14
spectrum,Roland hardware demo,7671.20361328125,1.3876258913344663e-14
spectrum,Roland hardware demo,7676.5869140625,1.5939360969345964e-14
spectrum,Roland hardware demo,7681.97021484375,1.3688553871134268e-14
spectrum,Roland hardware demo,7687.353515625,1.4202823148796138e-14
spectrum,Roland hardware demo,7692.73681640625,1.1844762197704261e-14
spectrum,Roland hardware demo,7698.1201171875,1.2652420818405445e-14
spectrum,Roland hardware demo,7703.50341796875,1.3220840912385283e-14
spectrum,Roland hardware demo,7708.88671875,1.3039794396173254e-14
spectrum,Roland hardware demo,7714.27001953125,1.3045018895391919e-14
spectrum,Roland hardware demo,7719.6533203125,1.0930185996202955e-14
spectrum,Roland hardware demo,7725.03662109375,1.1465466773154416e-14
spectrum,Roland hardware demo,7730.419921875,1.2917103367829363e-14
spectrum,Roland hardware demo,7735.80322265625,1.0314628518708416e-14
spectrum,Roland hardware demo,7741.1865234375,1.0038345006038903e-14
spectrum,Roland hardware demo,7746.56982421875,1.1888344583939336e-14
spectrum,Roland hardware demo,7751.953125,1.3758935532787522e-14
spectrum,Roland hardware demo,7757.33642578125,1.125204581066538e-14
spectrum,Roland hardware demo,7762.7197265625,1.2138517458976789e-14
spectrum,Roland hardware demo,7768.10302734375,1.3491704261225316e-14
spectrum,Roland hardware demo,7773.486328125,1.468722096254014e-14
spectrum,Roland hardware demo,7778.86962890625,1.167047246331248e-14
spectrum,Roland hardware demo,7784.2529296875,1.1517259449747227e-14
spectrum,Roland hardware demo,7789.63623046875,1.0623006109749394e-14
spectrum,Roland hardware demo,7795.01953125,9.692333741151415e-15
spectrum,Roland hardware demo,7800.40283203125,1.0697516209987566e-14
spectrum,Roland hardware demo,7805.7861328125,1.0618650666334613e-14
spectrum,Roland hardware demo,7811.16943359375,1.1606872147434943e-14
spectrum,Roland hardware demo,7816.552734375,1.233901354572367e-14
spectrum,Roland hardware demo,7821.93603515625,1.2445361920383237e-14
spectrum,Roland hardware demo,7827.3193359375,1.0540331458932638e-14
spectrum,Roland hardware demo,7832.70263671875,1.158421740422768e-14
spectrum,Roland hardware demo,7838.0859375,9.967084124186398e-15
spectrum,Roland hardware demo,7843.46923828125,1.040117241602823e-14
spectrum,Roland hardware demo,7848.8525390625,1.1965449993127895e-14
spectrum,Roland hardware demo,7854.23583984375,1.358577828144622e-14
spectrum,Roland hardware demo,7859.619140625,1.2148698795002785e-14
spectrum,Roland hardware demo,7865.00244140625,1.1029936831236358e-14
spectrum,Roland hardware demo,7870.3857421875,1.3033447578299478e-14
spectrum,Roland hardware demo,7875.76904296875,1.2822163679936365e-14
spectrum,Roland hardware demo,7881.15234375,1.0979693377904075e-14
spectrum,Roland hardware demo,7886.53564453125,1.0173936346169477e-14
spectrum,Roland hardware demo,7891.9189453125,1.1978340140519211e-14
spectrum,Roland hardware demo,7897.30224609375,1.285075358300504e-14
spectrum,Roland hardware demo,7902.685546875,1.1707706337607884e-14
spectrum,Roland hardware demo,7908.06884765625,1.1332665559552098e-14
spectrum,Roland hardware demo,7913.4521484375,1.0974350294072795e-14
spectrum,Roland hardware demo,7918.83544921875,9.90585380649528e-15
spectrum,Roland hardware demo,7924.21875,1.0227377348877645e-14
spectrum,Roland hardware demo,7929.60205078125,1.0351125474339709e-14
spectrum,Roland hardware demo,7934.9853515625,1.1961566347064734e-14
spectrum,Roland hardware demo,7940.36865234375,1.0299661446530432e-14
spectrum,Roland hardware demo,7945.751953125,1.0202757489232751e-14
spectrum,Roland hardware demo,7951.13525390625,1.2127871948895697e-14
spectrum,Roland hardware demo,7956.5185546875,1.8961998041622935e-14
spectrum,Roland hardware demo,7961.90185546875,1.4870644253202163e-14
spectrum,Roland hardware demo,7967.28515625,1.1740971015512455e-14
spectrum,Roland hardware demo,7972.66845703125,1.3465245493051933e-14
spectrum,Roland hardware demo,7978.0517578125,1.3023622843144275e-14
spectrum,Roland hardware demo,7983.43505859375,1.2042915391319037e-14
spectrum,Roland hardware demo,7988.818359375,1.0760439746540246e-14
spectrum,Roland hardware demo,7994.20166015625,1.2512767955292787e-14
spectrum,Roland hardware demo,7999.5849609375,1.2327900473455694e-14
spectrum,Roland hardware demo,8004.96826171875,1.1875124093698591e-14
spectrum,Roland hardware demo,8010.3515625,1.2314455519483927e-14
spectrum,Roland hardware demo,8015.73486328125,1.3247578354398312e-14
spectrum,Roland hardware demo,8021.1181640625,1.1228748169451151e-14
spectrum,Roland hardware demo,8026.50146484375,1.2328507796078875e-14
spectrum,Roland hardware demo,8031.884765625,1.3676088934282474e-14
spectrum,Roland hardware demo,8037.26806640625,1.3154748625576924e-14
spectrum,Roland hardware demo,8042.6513671875,1.2288074678341691e-14
spectrum,Roland hardware demo,8048.03466796875,1.4445786079386562e-14
spectrum,Roland hardware demo,8053.41796875,1.558141670429756e-14
spectrum,Roland hardware demo,8058.80126953125,1.8380371009929508e-14
spectrum,Roland hardware demo,8064.1845703125,1.685540507894486e-14
spectrum,Roland hardware demo,8069.56787109375,3.996642968830122e-14
spectrum,Roland hardware demo,8074.951171875,7.481516762445489e-14
spectrum,Roland hardware demo,8080.33447265625,4.389521583128726e-14
spectrum,Roland hardware demo,8085.7177734375,2.0466081222325974e-14
spectrum,Roland hardware demo,8091.10107421875,1.5802595641550496e-14
spectrum,Roland hardware demo,8096.484375,1.533469802961901e-14
spectrum,Roland hardware demo,8101.86767578125,1.403363509384567e-14
spectrum,Roland hardware demo,8107.2509765625,1.3021218963639968e-14
spectrum,Roland hardware demo,8112.63427734375,1.303591159714304e-14
spectrum,Roland hardware demo,8118.017578125,1.2764361304582784e-14
spectrum,Roland hardware demo,8123.40087890625,1.4252001881713723e-14
spectrum,Roland hardware demo,8128.7841796875,1.2352071405638543e-14
spectrum,Roland hardware demo,8134.16748046875,9.566999970012091e-15
spectrum,Roland hardware demo,8139.55078125,1.0420964187873773e-14
spectrum,Roland hardware demo,8144.93408203125,1.2013636003431298e-14
spectrum,Roland hardware demo,8150.3173828125,1.2555929366153077e-14
spectrum,Roland hardware demo,8155.70068359375,1.15320757500606e-14
spectrum,Roland hardware demo,8161.083984375,1.0070184974526192e-14
spectrum,Roland hardware demo,8166.46728515625,1.11456864245775e-14
spectrum,Roland hardware demo,8171.8505859375,1.0906060803799258e-14
spectrum,Roland hardware demo,8177.23388671875,1.0482891613680483e-14
spectrum,Roland hardware demo,8182.6171875,1.127910089003363e-14
spectrum,Roland hardware demo,8188.00048828125,1.3162151693535927e-14
spectrum,Roland hardware demo,8193.3837890625,1.0813008305312743e-14
spectrum,Roland hardware demo,8198.76708984375,8.68370384821994e-15
spectrum,Roland hardware demo,8204.150390625,9.796928757610165e-15
spectrum,Roland hardware demo,8209.53369140625,1.1646418421676352e-14
spectrum,Roland hardware demo,8214.9169921875,1.2564613994961275e-14
spectrum,Roland hardware demo,8220.30029296875,1.404511408434686e-14
spectrum,Roland hardware demo,8225.68359375,1.5637539413316734e-14
spectrum,Roland hardware demo,8231.06689453125,1.5996610232184988e-14
spectrum,Roland hardware demo,8236.4501953125,1.179669900717821e-14
spectrum,Roland hardware demo,8241.83349609375,1.059062488720881e-14
spectrum,Roland hardware demo,8247.216796875,1.164470063885932e-14
spectrum,Roland hardware demo,8252.60009765625,1.0233294721047163e-14
spectrum,Roland hardware demo,8257.9833984375,8.994061802291599e-15
spectrum,Roland hardware demo,8263.36669921875,1.0245739329108224e-14
spectrum,Roland hardware demo,8268.75,1.0125731701141234e-14
spectrum,Roland hardware demo,8274.13330078125,1.1535280075700063e-14
spectrum,Roland hardware demo,8279.5166015625,1.191536154682496e-14
spectrum,Roland hardware demo,8284.89990234375,1.0799077154429251e-14
spectrum,Roland hardware demo,8290.283203125,1.3394907030078989e-14
spectrum,Roland hardware demo,8295.66650390625,1.143135845043438e-14
spectrum,Roland hardware demo,8301.0498046875,1.258211962488218e-14
spectrum,Roland hardware demo,8306.43310546875,1.2114271987894581e-14
spectrum,Roland hardware demo,8311.81640625,1.0315929561315398e-14
spectrum,Roland hardware demo,8317.19970703125,1.1498257959641472e-14
spectrum,Roland hardware demo,8322.5830078125,1.0595938324886936e-14
spectrum,Roland hardware demo,8327.96630859375,1.2617785641192217e-14
spectrum,Roland hardware demo,8333.349609375,1.0663825474510526e-14
spectrum,Roland hardware demo,8338.73291015625,1.0550090125517955e-14
spectrum,Roland hardware demo,8344.1162109375,1.0806660640406019e-14
spectrum,Roland hardware demo,8349.49951171875,1.0221493858026016e-14
spectrum,Roland hardware demo,8354.8828125,1.0930245288509263e-14
spectrum,Roland hardware demo,8360.26611328125,1.1764849721328501e-14
spectrum,Roland hardware demo,8365.6494140625,1.0995964033787883e-14
spectrum,Roland hardware demo,8371.03271484375,1.0339632931311363e-14
spectrum,Roland hardware demo,8376.416015625,1.0350912022037001e-14
spectrum,Roland hardware demo,8381.79931640625,9.830359453972398e-15
spectrum,Roland hardware demo,8387.1826171875,1.0162301501605991e-14
spectrum,Roland hardware demo,8392.56591796875,1.1163694345036126e-14
spectrum,Roland hardware demo,8397.94921875,1.1433371847750003e-14
spectrum,Roland hardware demo,8403.33251953125,1.1259041455776754e-14
spectrum,Roland hardware demo,8408.7158203125,1.0949240002351441e-14
spectrum,Roland hardware demo,8414.09912109375,1.0187959823644219e-14
spectrum,Roland hardware demo,8419.482421875,1.0376315387158105e-14
spectrum,Roland hardware demo,8424.86572265625,1.1381231887648818e-14
spectrum,Roland hardware demo,8430.2490234375,1.1130588062292692e-14
spectrum,Roland hardware demo,8435.63232421875,9.41562840607417e-15
spectrum,Roland hardware demo,8441.015625,9.924541894410551e-15
spectrum,Roland hardware demo,8446.39892578125,1.1406242229482395e-14
spectrum,Roland hardware demo,8451.7822265625,1.4919950041061836e-14
spectrum,Roland hardware demo,8457.16552734375,1.65656554364799e-14
spectrum,Roland hardware demo,8462.548828125,1.3990065413104803e-14
spectrum,Roland hardware demo,8467.93212890625,1.1456052001945684e-14
spectrum,Roland hardware demo,8473.3154296875,9.241881619801579e-15
spectrum,Roland hardware demo,8478.69873046875,1.1482165180676587e-14
spectrum,Roland hardware demo,8484.08203125,1.3550302847549316e-14
spectrum,Roland hardware demo,8489.46533203125,1.3680640889341018e-14
spectrum,Roland hardware demo,8494.8486328125,1.2035648695664543e-14
spectrum,Roland hardware demo,8500.23193359375,1.0792603281613387e-14
spectrum,Roland hardware demo,8505.615234375,1.110456721015304e-14
spectrum,Roland hardware demo,8510.99853515625,1.2583456242872947e-14
spectrum,Roland hardware demo,8516.3818359375,1.1986772353509128e-14
spectrum,Roland hardware demo,8521.76513671875,1.1158064964068674e-14
spectrum,Roland hardware demo,8527.1484375,1.4955776146598904e-14
spectrum,Roland hardware demo,8532.53173828125,1.2611439670351388e-14
spectrum,Roland hardware demo,8537.9150390625,1.5490467388619075e-14
spectrum,Roland hardware demo,8543.29833984375,2.773104554147643e-14
spectrum,Roland hardware demo,8548.681640625,7.149402597717014e-14
spectrum,Roland hardware demo,8554.06494140625,5.100625393513088e-14
spectrum,Roland hardware demo,8559.4482421875,2.3485640176872623e-14
spectrum,Roland hardware demo,8564.83154296875,2.0225388340034192e-14
spectrum,Roland hardware demo,8570.21484375,2.0524761970845858e-14
spectrum,Roland hardware demo,8575.59814453125,1.6726613719314845e-14
spectrum,Roland hardware demo,8580.9814453125,1.805868822535306e-14
spectrum,Roland hardware demo,8586.36474609375,1.4257627874549386e-14
spectrum,Roland hardware demo,8591.748046875,1.2591632651912793e-14
spectrum,Roland hardware demo,8597.13134765625,1.0839307831292042e-14
spectrum,Roland hardware demo,8602.5146484375,1.2332560848731487e-14
spectrum,Roland hardware demo,8607.89794921875,1.6095797790308466e-14
spectrum,Roland hardware demo,8613.28125,1.3314890368650717e-14
spectrum,Roland hardware demo,8618.66455078125,1.0551584291636912e-14
spectrum,Roland hardware demo,8624.0478515625,1.1947630961016507e-14
spectrum,Roland hardware demo,8629.43115234375,1.094977702124e-14
spectrum,Roland hardware demo,8634.814453125,9.580249259373043e-15
spectrum,Roland hardware demo,8640.19775390625,9.085475292025177e-15
spectrum,Roland hardware demo,8645.5810546875,1.1575465859816648e-14
spectrum,Roland hardware demo,8650.96435546875,1.2897298043456663e-14
spectrum,Roland hardware demo,8656.34765625,1.198630902648698e-14
spectrum,Roland hardware demo,8661.73095703125,1.1892833858559784e-14
spectrum,Roland hardware demo,8667.1142578125,1.2020341116241763e-14
spectrum,Roland hardware demo,8672.49755859375,1.1852939453777054e-14
spectrum,Roland hardware demo,8677.880859375,1.0631380724498898e-14
spectrum,Roland hardware demo,8683.26416015625,1.003021687787705e-14
spectrum,Roland hardware demo,8688.6474609375,1.1164669279958416e-14
spectrum,Roland hardware demo,8694.03076171875,1.0600670697963246e-14
spectrum,Roland hardware demo,8699.4140625,1.2703227548647653e-14
spectrum,Roland hardware demo,8704.79736328125,1.3299731867026654e-14
spectrum,Roland hardware demo,8710.1806640625,1.3154362378552976e-14
spectrum,Roland hardware demo,8715.56396484375,1.044163433288562e-14
spectrum,Roland hardware demo,8720.947265625,1.159091150560983e-14
spectrum,Roland hardware demo,8726.33056640625,1.1235769225550942e-14
spectrum,Roland hardware demo,8731.7138671875,1.0938205704147559e-14
spectrum,Roland hardware demo,8737.09716796875,1.0136522900889254e-14
spectrum,Roland hardware demo,8742.48046875,1.3143616071551161e-14
spectrum,Roland hardware demo,8747.86376953125,1.193921399461964e-14
spectrum,Roland hardware demo,8753.2470703125,1.115563228544416e-14
spectrum,Roland hardware demo,8758.63037109375,1.352484442528664e-14
spectrum,Roland hardware demo,8764.013671875,1.3458496334528211e-14
spectrum,Roland hardware demo,8769.39697265625,1.1110902169565555e-14
spectrum,Roland hardware demo,8774.7802734375,1.1293940907269526e-14
spectrum,Roland hardware demo,8780.16357421875,1.1547985569908877e-14
spectrum,Roland hardware demo,8785.546875,1.0969301977707159e-14
spectrum,Roland hardware demo,8790.93017578125,1.2191530710046593e-14
spectrum,Roland hardware demo,8796.3134765625,1.123042360062082e-14
spectrum,Roland hardware demo,8801.69677734375,9.422759576457104e-15
spectrum,Roland hardware demo,8807.080078125,8.54443384399944e-15
spectrum,Roland hardware demo,8812.46337890625,1.0106050043578833e-14
spectrum,Roland hardware demo,8817.8466796875,8.690045583896033e-15
spectrum,Roland hardware demo,8823.22998046875,1.0199797956115045e-14
spectrum,Roland hardware demo,8828.61328125,1.3270413515623341e-14
spectrum,Roland hardware demo,8833.99658203125,1.2052208189783364e-14
spectrum,Roland hardware demo,8839.3798828125,1.1593232375885307e-14
spectrum,Roland hardware demo,8844.76318359375,9.05204628972884e-15
spectrum,Roland hardware demo,8850.146484375,1.0984250415160303e-14
spectrum,Roland hardware demo,8855.52978515625,1.0360795202465564e-14
spectrum,Roland hardware demo,8860.9130859375,1.4187302964103598e-14
spectrum,Roland hardware demo,8866.29638671875,1.3011338324310246e-14
spectrum,Roland hardware demo,8871.6796875,1.1921804079421776e-14
spectrum,Roland hardware demo,8877.06298828125,1.2840003887871435e-14
spectrum,Roland hardware demo,8882.4462890625,1.1622886152335733e-14
spectrum,Roland hardware demo,8887.82958984375,9.609091578259999e-15
spectrum,Roland hardware demo,8893.212890625,1.1943100181781643e-14
spectrum,Roland hardware demo,8898.59619140625,1.3155944636098447e-14
spectrum,Roland hardware demo,8903.9794921875,1.0935657829042218e-14
spectrum,Roland hardware demo,8909.36279296875,8.90310825144838e-15
spectrum,Roland hardware demo,8914.74609375,9.582685326129346e-15
spectrum,Roland hardware demo,8920.12939453125,8.97218632939581e-15
spectrum,Roland hardware demo,8925.5126953125,1.0191395389278282e-14
spectrum,Roland hardware demo,8930.89599609375,9.532618902683039e-15
spectrum,Roland hardware demo,8936.279296875,1.0117450260015929e-14
spectrum,Roland hardware demo,8941.66259765625,1.0555609392202264e-14
spectrum,Roland hardware demo,8947.0458984375,1.2375932323762696e-14
spectrum,Roland hardware demo,8952.42919921875,1.3549486307788162e-14
spectrum,Roland hardware demo,8957.8125,1.2473180176436963e-14
spectrum,Roland hardware demo,8963.19580078125,1.3092706850322336e-14
spectrum,Roland hardware demo,8968.5791015625,1.1216000323594974e-14
spectrum,Roland hardware demo,8973.96240234375,1.032543665911538e-14
spectrum,Roland hardware demo,8979.345703125,1.2414724738681049e-14
spectrum,Roland hardware demo,8984.72900390625,1.3063427462434597e-14
spectrum,Roland hardware demo,8990.1123046875,9.067800255514822e-15
spectrum,Roland hardware demo,8995.49560546875,1.0502109097187788e-14
spectrum,Roland hardware demo,9000.87890625,1.3936574435452747e-14
spectrum,Roland hardware demo,9006.26220703125,1.4466501117144613e-14
spectrum,Roland hardware demo,9011.6455078125,1.543420237806476e-14
spectrum,Roland hardware demo,9017.02880859375,2.3118835947195937e-14
spectrum,Roland hardware demo,9022.412109375,8.660861741324744e-14
spectrum,Roland hardware demo,9027.79541015625,8.517774159610969e-14
spectrum,Roland hardware demo,9033.1787109375,2.882009274242023e-14
spectrum,Roland hardware demo,9038.56201171875,2.1287987784232923e-14
spectrum,Roland hardware demo,9043.9453125,2.3808132724946647e-14
spectrum,Roland hardware demo,9049.32861328125,1.5436209846149754e-14
spectrum,Roland hardware demo,9054.7119140625,1.3808309083282976e-14
spectrum,Roland hardware demo,9060.09521484375,1.2015211484713191e-14
spectrum,Roland hardware demo,9065.478515625,1.2057298857796363e-14
spectrum,Roland hardware demo,9070.86181640625,1.2068869327855856e-14
spectrum,Roland hardware demo,9076.2451171875,1.2011382048758654e-14
spectrum,Roland hardware demo,9081.62841796875,1.3378542353538036e-14
spectrum,Roland hardware demo,9087.01171875,1.1917623124794129e-14
spectrum,Roland hardware demo,9092.39501953125,1.0355151421938009e-14
spectrum,Roland hardware demo,9097.7783203125,1.14920331145121e-14
spectrum,Roland hardware demo,9103.16162109375,1.1517516947763193e-14
spectrum,Roland hardware demo,9108.544921875,9.754531370468299e-15
spectrum,Roland hardware demo,9113.92822265625,8.492493783673807e-15
spectrum,Roland hardware demo,9119.3115234375,8.316267731964602e-15
spectrum,Roland hardware demo,9124.69482421875,8.784745561464958e-15
spectrum,Roland hardware demo,9130.078125,8.863757641817786e-15
spectrum,Roland hardware demo,9135.46142578125,8.514767362054806e-15
spectrum,Roland hardware demo,9140.8447265625,8.53565095936936e-15
spectrum,Roland hardware demo,9146.22802734375,9.549778096128517e-15
spectrum,Roland hardware demo,9151.611328125,1.0081511499096876e-14
spectrum,Roland hardware demo,9156.99462890625,1.313595042337851e-14
spectrum,Roland hardware demo,9162.3779296875,1.1506591916809507e-14
spectrum,Roland hardware demo,9167.76123046875,1.2034976151504423e-14
spectrum,Roland hardware demo,9173.14453125,1.1990684798692496e-14
spectrum,Roland hardware demo,9178.52783203125,9.908810798514144e-15
spectrum,Roland hardware demo,9183.9111328125,9.008794246343193e-15
spectrum,Roland hardware demo,9189.29443359375,8.55518184506715e-15
spectrum,Roland hardware demo,9194.677734375,8.421470918079481e-15
spectrum,Roland hardware demo,9200.06103515625,8.398329977960493e-15
spectrum,Roland hardware demo,9205.4443359375,8.604329237765686e-15
spectrum,Roland hardware demo,9210.82763671875,9.050740164924173e-15
spectrum,Roland hardware demo,9216.2109375,1.0260111784157235e-14
spectrum,Roland hardware demo,9221.59423828125,9.769828785495711e-15
spectrum,Roland hardware demo,9226.9775390625,1.0058927906657182e-14
spectrum,Roland hardware demo,9232.36083984375,1.0921761406509564e-14
spectrum,Roland hardware demo,9237.744140625,1.1114441073219183e-14
spectrum,Roland hardware demo,9243.12744140625,9.882045404413856e-15
spectrum,Roland hardware demo,9248.5107421875,1.0107832200899856e-14
spectrum,Roland hardware demo,9253.89404296875,9.028264992701727e-15
spectrum,Roland hardware demo,9259.27734375,9.035753610988403e-15
spectrum,Roland hardware demo,9264.66064453125,8.324937961212697e-15
spectrum,Roland hardware demo,9270.0439453125,6.955017176058214e-15
spectrum,Roland hardware demo,9275.42724609375,8.941403458026694e-15
spectrum,Roland hardware demo,9280.810546875,8.284263439085546e-15
spectrum,Roland hardware demo,9286.19384765625,7.739697486966284e-15
spectrum,Roland hardware demo,9291.5771484375,8.883454545973238e-15
spectrum,Roland hardware demo,9296.96044921875,8.651396317545766e-15
spectrum,Roland hardware demo,9302.34375,8.012542045869944e-15
spectrum,Roland hardware demo,9307.72705078125,8.919079057668859e-15
spectrum,Roland hardware demo,9313.1103515625,1.0710272526173216e-14
spectrum,Roland hardware demo,9318.49365234375,1.1245615983562773e-14
spectrum,Roland hardware demo,9323.876953125,1.213868686556624e-14
spectrum,Roland hardware demo,9329.26025390625,1.0168756739697016e-14
spectrum,Roland hardware demo,9334.6435546875,8.856697622202422e-15
spectrum,Roland hardware demo,9340.02685546875,8.772672800867742e-15
spectrum,Roland hardware demo,9345.41015625,1.0369970263350223e-14
spectrum,Roland hardware demo,9350.79345703125,1.0104462703835679e-14
spectrum,Roland hardware demo,9356.1767578125,1.1423326884028515e-14
spectrum,Roland hardware demo,9361.56005859375,1.0595857009724e-14
spectrum,Roland hardware demo,9366.943359375,9.032022430855748e-15
spectrum,Roland hardware demo,9372.32666015625,9.396083967849224e-15
spectrum,Roland hardware demo,9377.7099609375,1.070059686881673e-14
spectrum,Roland hardware demo,9383.09326171875,1.152860799717454e-14
spectrum,Roland hardware demo,9388.4765625,1.0050809942890697e-14
spectrum,Roland hardware demo,9393.85986328125,8.310969540879527e-15
spectrum,Roland hardware demo,9399.2431640625,8.248356018385541e-15
spectrum,Roland hardware demo,9404.62646484375,8.960697174499252e-15
spectrum,Roland hardware demo,9410.009765625,1.0122921245822245e-14
spectrum,Roland hardware demo,9415.39306640625,1.262852008973277e-14
spectrum,Roland hardware demo,9420.7763671875,1.2506482123791213e-14
spectrum,Roland hardware demo,9426.15966796875,1.0546029449568818e-14
spectrum,Roland hardware demo,9431.54296875,1.0430582246989846e-14
spectrum,Roland hardware demo,9436.92626953125,1.1279783598589117e-14
spectrum,Roland hardware demo,9442.3095703125,1.2984343384281252e-14
spectrum,Roland hardware demo,9447.69287109375,1.2340211250311088e-14
spectrum,Roland hardware demo,9453.076171875,1.2207242324185213e-14
spectrum,Roland hardware demo,9458.45947265625,1.3802096943647812e-14
spectrum,Roland hardware demo,9463.8427734375,1.3082132491008813e-14
spectrum,Roland hardware demo,9469.22607421875,1.3429366024439188e-14
spectrum,Roland hardware demo,9474.609375,1.3622326059054349e-14
spectrum,Roland hardware demo,9479.99267578125,1.5592653443375834e-14
spectrum,Roland hardware demo,9485.3759765625,1.8164243777173995e-14
spectrum,Roland hardware demo,9490.75927734375,2.0001090627469464e-14
spectrum,Roland hardware demo,9496.142578125,3.611437795407284e-14
spectrum,Roland hardware demo,9501.52587890625,4.202268687105576e-14
spectrum,Roland hardware demo,9506.9091796875,2.8031023953812434e-14
spectrum,Roland hardware demo,9512.29248046875,2.2922918920561912e-14
spectrum,Roland hardware demo,9517.67578125,1.885535659356362e-14
spectrum,Roland hardware demo,9523.05908203125,1.5902223656806547e-14
spectrum,Roland hardware demo,9528.4423828125,1.3113864039278854e-14
spectrum,Roland hardware demo,9533.82568359375,1.1644714191386477e-14
spectrum,Roland hardware demo,9539.208984375,1.1843060508513227e-14
spectrum,Roland hardware demo,9544.59228515625,1.376757696291541e-14
spectrum,Roland hardware demo,9549.9755859375,1.2169215627051179e-14
spectrum,Roland hardware demo,9555.35888671875,1.2155717310003734e-14
spectrum,Roland hardware demo,9560.7421875,1.0158505099936398e-14
spectrum,Roland hardware demo,9566.12548828125,1.1473289969455257e-14
spectrum,Roland hardware demo,9571.5087890625,1.4080730125713009e-14
spectrum,Roland hardware demo,9576.89208984375,1.5788470520122083e-14
spectrum,Roland hardware demo,9582.275390625,1.0770081522578842e-14
spectrum,Roland hardware demo,9587.65869140625,1.2043826798770283e-14
spectrum,Roland hardware demo,9593.0419921875,1.26515399041403e-14
spectrum,Roland hardware demo,9598.42529296875,1.2605327480604e-14
spectrum,Roland hardware demo,9603.80859375,1.4393288671381635e-14
spectrum,Roland hardware demo,9609.19189453125,1.432563106768675e-14
spectrum,Roland hardware demo,9614.5751953125,1.1992301784588804e-14
spectrum,Roland hardware demo,9619.95849609375,1.1278989081684593e-14
spectrum,Roland hardware demo,9625.341796875,1.2186061418306172e-14
spectrum,Roland hardware demo,9630.72509765625,1.2372509463622842e-14
spectrum,Roland hardware demo,9636.1083984375,1.2109232141858418e-14
spectrum,Roland hardware demo,9641.49169921875,1.2442964817142507e-14
spectrum,Roland hardware demo,9646.875,1.0699793881582733e-14
spectrum,Roland hardware demo,9652.25830078125,1.1378786503530094e-14
spectrum,Roland hardware demo,9657.6416015625,1.0051072523104346e-14
spectrum,Roland hardware demo,9663.02490234375,1.0065509352657348e-14
spectrum,Roland hardware demo,9668.408203125,1.0597710317812592e-14
spectrum,Roland hardware demo,9673.79150390625,1.2127643249999938e-14
spectrum,Roland hardware demo,9679.1748046875,1.0971422948207084e-14
spectrum,Roland hardware demo,9684.55810546875,1.1053049819268086e-14
spectrum,Roland hardware demo,9689.94140625,9.539903386029426e-15
spectrum,Roland hardware demo,9695.32470703125,9.299596750761592e-15
spectrum,Roland hardware demo,9700.7080078125,1.0304414995430423e-14
spectrum,Roland hardware demo,9706.09130859375,8.894247439787152e-15
spectrum,Roland hardware demo,9711.474609375,1.0128288046576048e-14
spectrum,Roland hardware demo,9716.85791015625,1.136844423124412e-14
spectrum,Roland hardware demo,9722.2412109375,1.2034096931305173e-14
spectrum,Roland hardware demo,9727.62451171875,9.573423867884068e-15
spectrum,Roland hardware demo,9733.0078125,9.158193070546959e-15
spectrum,Roland hardware demo,9738.39111328125,9.81217026846306e-15
spectrum,Roland hardware demo,9743.7744140625,8.790162337162649e-15
spectrum,Roland hardware demo,9749.15771484375,8.849735858408939e-15
spectrum,Roland hardware demo,9754.541015625,8.522328825174945e-15
spectrum,Roland hardware demo,9759.92431640625,9.03461604574024e-15
spectrum,Roland hardware demo,9765.3076171875,7.999088621568704e-15
spectrum,Roland hardware demo,9770.69091796875,9.30183376477529e-15
spectrum,Roland hardware demo,9776.07421875,9.117349141830357e-15
spectrum,Roland hardware demo,9781.45751953125,9.885516545431704e-15
spectrum,Roland hardware demo,9786.8408203125,8.919683839193199e-15
spectrum,Roland hardware demo,9792.22412109375,9.638505644386352e-15
spectrum,Roland hardware demo,9797.607421875,9.762667968959624e-15
spectrum,Roland hardware demo,9802.99072265625,8.405112170769159e-15
spectrum,Roland hardware demo,9808.3740234375,9.559312298982811e-15
spectrum,Roland hardware demo,9813.75732421875,1.029360007875988e-14
spectrum,Roland hardware demo,9819.140625,9.607257751929194e-15
spectrum,Roland hardware demo,9824.52392578125,1.0418459511448742e-14
spectrum,Roland hardware demo,9829.9072265625,8.542464492397074e-15
spectrum,Roland hardware demo,9835.29052734375,9.332225306922775e-15
spectrum,Roland hardware demo,9840.673828125,9.29536497415711e-15
spectrum,Roland hardware demo,9846.05712890625,9.140857694248453e-15
spectrum,Roland hardware demo,9851.4404296875,1.0386703399223231e-14
spectrum,Roland hardware demo,9856.82373046875,1.0757641149682518e-14
spectrum,Roland hardware demo,9862.20703125,1.030667403230075e-14
spectrum,Roland hardware demo,9867.59033203125,1.238062319222459e-14
spectrum,Roland hardware demo,9872.9736328125,1.1976783293962158e-14
spectrum,Roland hardware demo,9878.35693359375,1.1438971582564302e-14
spectrum,Roland hardware demo,9883.740234375,1.1123804175418132e-14
spectrum,Roland hardware demo,9889.12353515625,1.202639486071579e-14
spectrum,Roland hardware demo,9894.5068359375,1.0397666546659544e-14
spectrum,Roland hardware demo,9899.89013671875,1.0065325546507794e-14
spectrum,Roland hardware demo,9905.2734375,9.862324783335881e-15
spectrum,Roland hardware demo,9910.65673828125,1.1887458587476508e-14
spectrum,Roland hardware demo,9916.0400390625,1.0754104787127731e-14
spectrum,Roland hardware demo,9921.42333984375,1.1861432653139173e-14
spectrum,Roland hardware demo,9926.806640625,1.5314879152719153e-14
spectrum,Roland hardware demo,9932.18994140625,1.4723023351154683e-14
spectrum,Roland hardware demo,9937.5732421875,1.2664413110872672e-14
spectrum,Roland hardware demo,9942.95654296875,1.380100257707996e-14
spectrum,Roland hardware demo,9948.33984375,1.6349047089010346e-14
spectrum,Roland hardware demo,9953.72314453125,1.5012273244180765e-14
spectrum,Roland hardware demo,9959.1064453125,1.9103611786008487e-14
spectrum,Roland hardware demo,9964.48974609375,2.509220587386396e-14
spectrum,Roland hardware demo,9969.873046875,6.171209647898995e-14
spectrum,Roland hardware demo,9975.25634765625,1.1343775582501464e-13
spectrum,Roland hardware demo,9980.6396484375,6.796467007892312e-14
spectrum,Roland hardware demo,9986.02294921875,3.452176966598636e-14
spectrum,Roland hardware demo,9991.40625,3.65223124096023e-14
spectrum,Roland hardware demo,9996.78955078125,2.882274226147924e-14
spectrum,Roland hardware demo,10002.1728515625,2.1395896393581332e-14
spectrum,Roland hardware demo,10007.55615234375,1.7741050870132696e-14
spectrum,Roland hardware demo,10012.939453125,1.5291621322053445e-14
spectrum,Roland hardware demo,10018.32275390625,1.2217432130540683e-14
spectrum,Roland hardware demo,10023.7060546875,1.2318432339171285e-14
spectrum,Roland hardware demo,10029.08935546875,1.5561463996192036e-14
spectrum,Roland hardware demo,10034.47265625,1.4510646780289613e-14
spectrum,Roland hardware demo,10039.85595703125,1.0449323697980795e-14
spectrum,Roland hardware demo,10045.2392578125,1.1084168115684315e-14
spectrum,Roland hardware demo,10050.62255859375,1.3097685709986297e-14
spectrum,Roland hardware demo,10056.005859375,1.0355348780614719e-14
spectrum,Roland hardware demo,10061.38916015625,1.031433713937456e-14
spectrum,Roland hardware demo,10066.7724609375,1.347892846328188e-14
spectrum,Roland hardware demo,10072.15576171875,1.1425820549025231e-14
spectrum,Roland hardware demo,10077.5390625,1.0583918927365397e-14
spectrum,Roland hardware demo,10082.92236328125,1.110648912791036e-14
spectrum,Roland hardware demo,10088.3056640625,1.2800153528801962e-14
spectrum,Roland hardware demo,10093.68896484375,1.1641620827063104e-14
spectrum,Roland hardware demo,10099.072265625,1.0734472257476271e-14
spectrum,Roland hardware demo,10104.45556640625,9.931946656435448e-15
spectrum,Roland hardware demo,10109.8388671875,8.396494457563793e-15
spectrum,Roland hardware demo,10115.22216796875,8.348203415174931e-15
spectrum,Roland hardware demo,10120.60546875,9.511200827578767e-15
spectrum,Roland hardware demo,10125.98876953125,8.338698011440843e-15
spectrum,Roland hardware demo,10131.3720703125,8.474777242549036e-15
spectrum,Roland hardware demo,10136.75537109375,1.024466359726521e-14
spectrum,Roland hardware demo,10142.138671875,1.2817954773221459e-14
spectrum,Roland hardware demo,10147.52197265625,1.0210434148833717e-14
spectrum,Roland hardware demo,10152.9052734375,9.49569504244633e-15
spectrum,Roland hardware demo,10158.28857421875,9.70491895668172e-15
spectrum,Roland hardware demo,10163.671875,1.0539922342019115e-14
spectrum,Roland hardware demo,10169.05517578125,9.491692811770553e-15
spectrum,Roland hardware demo,10174.4384765625,1.0458039667008041e-14
spectrum,Roland hardware demo,10179.82177734375,1.0184407367463434e-14
spectrum,Roland hardware demo,10185.205078125,1.0138609990071289e-14
spectrum,Roland hardware demo,10190.58837890625,1.2435613418193287e-14
spectrum,Roland hardware demo,10195.9716796875,1.2490319041091706e-14
spectrum,Roland hardware demo,10201.35498046875,1.0553667992687157e-14
spectrum,Roland hardware demo,10206.73828125,9.641796367386435e-15
spectrum,Roland hardware demo,10212.12158203125,1.1746074389019662e-14
spectrum,Roland hardware demo,10217.5048828125,1.2247423873137063e-14
spectrum,Roland hardware demo,10222.88818359375,1.3175334914326993e-14
spectrum,Roland hardware demo,10228.271484375,1.2189596933828012e-14
spectrum,Roland hardware demo,10233.65478515625,9.662427548882708e-15
spectrum,Roland hardware demo,10239.0380859375,9.808345067673259e-15
spectrum,Roland hardware demo,10244.42138671875,9.168063545481313e-15
spectrum,Roland hardware demo,10249.8046875,8.794612648267523e-15
spectrum,Roland hardware demo,10255.18798828125,9.990321626061373e-15
spectrum,Roland hardware demo,10260.5712890625,9.91496957507363e-15
spectrum,Roland hardware demo,10265.95458984375,1.2000120745724908e-14
spectrum,Roland hardware demo,10271.337890625,1.259209004970431e-14
spectrum,Roland hardware demo,10276.72119140625,9.878254084941945e-15
spectrum,Roland hardware demo,10282.1044921875,8.512782763859389e-15
spectrum,Roland hardware demo,10287.48779296875,1.0680762745323823e-14
spectrum,Roland hardware demo,10292.87109375,9.741920743949577e-15
spectrum,Roland hardware demo,10298.25439453125,9.364765771657443e-15
spectrum,Roland hardware demo,10303.6376953125,1.1254081230837633e-14
spectrum,Roland hardware demo,10309.02099609375,1.284685384331588e-14
spectrum,Roland hardware demo,10314.404296875,1.1882394177484875e-14
spectrum,Roland hardware demo,10319.78759765625,1.1126067447453196e-14
spectrum,Roland hardware demo,10325.1708984375,1.0796073575598288e-14
spectrum,Roland hardware demo,10330.55419921875,1.1286953732487625e-14
spectrum,Roland hardware demo,10335.9375,9.486296364863596e-15
spectrum,Roland hardware demo,10341.32080078125,1.255510774419424e-14
spectrum,Roland hardware demo,10346.7041015625,1.2516583838720167e-14
spectrum,Roland hardware demo,10352.08740234375,1.0679064444264579e-14
spectrum,Roland hardware demo,10357.470703125,1.0560134242206497e-14
spectrum,Roland hardware demo,10362.85400390625,9.450992878654984e-15
spectrum,Roland hardware demo,10368.2373046875,9.277261338975443e-15
spectrum,Roland hardware demo,10373.62060546875,1.1822598733606405e-14
spectrum,Roland hardware demo,10379.00390625,1.2595989789393469e-14
spectrum,Roland hardware demo,10384.38720703125,1.1894461855884407e-14
spectrum,Roland hardware demo,10389.7705078125,9.948840728568435e-15
spectrum,Roland hardware demo,10395.15380859375,8.906774210044096e-15
spectrum,Roland hardware demo,10400.537109375,1.0798838291138126e-14
spectrum,Roland hardware demo,10405.92041015625,1.3006147706409472e-14
spectrum,Roland hardware demo,10411.3037109375,1.2754323964157821e-14
spectrum,Roland hardware demo,10416.68701171875,1.1804506956886e-14
spectrum,Roland hardware demo,10422.0703125,1.3811810717486925e-14
spectrum,Roland hardware demo,10427.45361328125,1.3293601042554427e-14
spectrum,Roland hardware demo,10432.8369140625,1.413759483559398e-14
spectrum,Roland hardware demo,10438.22021484375,1.6746295376877246e-14
spectrum,Roland hardware demo,10443.603515625,2.1676399824394066e-14
spectrum,Roland hardware demo,10448.98681640625,3.537975305518276e-14
spectrum,Roland hardware demo,10454.3701171875,3.1268017959985156e-14
spectrum,Roland hardware demo,10459.75341796875,2.243871931252757e-14
spectrum,Roland hardware demo,10465.13671875,1.9814472328530397e-14
spectrum,Roland hardware demo,10470.52001953125,1.5859192689020134e-14
spectrum,Roland hardware demo,10475.9033203125,1.3958179704838362e-14
spectrum,Roland hardware demo,10481.28662109375,1.3648578998221549e-14
spectrum,Roland hardware demo,10486.669921875,1.337084705921223e-14
spectrum,Roland hardware demo,10492.05322265625,1.134837971478956e-14
spectrum,Roland hardware demo,10497.4365234375,1.0518844774159639e-14
spectrum,Roland hardware demo,10502.81982421875,1.0178589945181692e-14
spectrum,Roland hardware demo,10508.203125,9.222098318285507e-15
spectrum,Roland hardware demo,10513.58642578125,1.0425273044476456e-14
spectrum,Roland hardware demo,10518.9697265625,9.484939418082095e-15
spectrum,Roland hardware demo,10524.35302734375,8.626769681637295e-15
spectrum,Roland hardware demo,10529.736328125,9.248864559418743e-15
spectrum,Roland hardware demo,10535.11962890625,9.945410245132055e-15
spectrum,Roland hardware demo,10540.5029296875,9.497172267906341e-15
spectrum,Roland hardware demo,10545.88623046875,8.293179307888345e-15
spectrum,Roland hardware demo,10551.26953125,8.663925628901552e-15
spectrum,Roland hardware demo,10556.65283203125,8.412785442238335e-15
spectrum,Roland hardware demo,10562.0361328125,8.80866577189542e-15
spectrum,Roland hardware demo,10567.41943359375,1.0117947468355967e-14
spectrum,Roland hardware demo,10572.802734375,9.420207466187026e-15
spectrum,Roland hardware demo,10578.18603515625,8.032630279247027e-15
spectrum,Roland hardware demo,10583.5693359375,7.057932526182559e-15
spectrum,Roland hardware demo,10588.95263671875,7.263349874352988e-15
spectrum,Roland hardware demo,10594.3359375,7.323254585481654e-15
spectrum,Roland hardware demo,10599.71923828125,7.099894538389537e-15
spectrum,Roland hardware demo,10605.1025390625,6.138971235113318e-15
spectrum,Roland hardware demo,10610.48583984375,8.01205584895822e-15
spectrum,Roland hardware demo,10615.869140625,9.61616515040252e-15
spectrum,Roland hardware demo,10621.25244140625,9.827096683059575e-15
spectrum,Roland hardware demo,10626.6357421875,9.124510805399392e-15
spectrum,Roland hardware demo,10632.01904296875,8.307774532602483e-15
spectrum,Roland hardware demo,10637.40234375,8.042494824950751e-15
spectrum,Roland hardware demo,10642.78564453125,8.380903122103683e-15
spectrum,Roland hardware demo,10648.1689453125,7.786589230926282e-15
spectrum,Roland hardware demo,10653.55224609375,9.097970722063073e-15
spectrum,Roland hardware demo,10658.935546875,9.723989056456203e-15
spectrum,Roland hardware demo,10664.31884765625,9.87124065213868e-15
spectrum,Roland hardware demo,10669.7021484375,1.0123470123172065e-14
spectrum,Roland hardware demo,10675.08544921875,9.4252134309053e-15
spectrum,Roland hardware demo,10680.46875,8.929729649947635e-15
spectrum,Roland hardware demo,10685.85205078125,9.161602378159658e-15
spectrum,Roland hardware demo,10691.2353515625,9.588310471932062e-15
spectrum,Roland hardware demo,10696.61865234375,9.655551335416897e-15
spectrum,Roland hardware demo,10702.001953125,8.752846300671361e-15
spectrum,Roland hardware demo,10707.38525390625,6.790816451101179e-15
spectrum,Roland hardware demo,10712.7685546875,7.57124211551519e-15
spectrum,Roland hardware demo,10718.15185546875,7.131521901607065e-15
spectrum,Roland hardware demo,10723.53515625,7.959997204019971e-15
spectrum,Roland hardware demo,10728.91845703125,7.451779129733285e-15
spectrum,Roland hardware demo,10734.3017578125,6.747422106180394e-15
spectrum,Roland hardware demo,10739.68505859375,8.414377864179173e-15
spectrum,Roland hardware demo,10745.068359375,7.988037382705877e-15
spectrum,Roland hardware demo,10750.45166015625,8.234462983984676e-15
spectrum,Roland hardware demo,10755.8349609375,1.010056296414652e-14
spectrum,Roland hardware demo,10761.21826171875,9.985554524634226e-15
spectrum,Roland hardware demo,10766.6015625,1.0667222923661963e-14
spectrum,Roland hardware demo,10771.98486328125,1.1773896880238124e-14
spectrum,Roland hardware demo,10777.3681640625,9.920175439567455e-15
spectrum,Roland hardware demo,10782.75146484375,1.0506354426319427e-14
spectrum,Roland hardware demo,10788.134765625,1.0533323955360004e-14
spectrum,Roland hardware demo,10793.51806640625,1.0666566473127841e-14
spectrum,Roland hardware demo,10798.9013671875,9.861842821588893e-15
spectrum,Roland hardware demo,10804.28466796875,1.0665691488093328e-14
spectrum,Roland hardware demo,10809.66796875,1.1003969342172383e-14
spectrum,Roland hardware demo,10815.05126953125,1.2672100781901952e-14
spectrum,Roland hardware demo,10820.4345703125,1.243438776151861e-14
spectrum,Roland hardware demo,10825.81787109375,9.87751547221194e-15
spectrum,Roland hardware demo,10831.201171875,9.254697228293536e-15
spectrum,Roland hardware demo,10836.58447265625,9.722882831427089e-15
spectrum,Roland hardware demo,10841.9677734375,8.88549928350791e-15
spectrum,Roland hardware demo,10847.35107421875,8.948835325105903e-15
spectrum,Roland hardware demo,10852.734375,7.613995256494904e-15
spectrum,Roland hardware demo,10858.11767578125,8.562739073022553e-15
spectrum,Roland hardware demo,10863.5009765625,1.2314554622338755e-14
spectrum,Roland hardware demo,10868.88427734375,1.2987455383329464e-14
spectrum,Roland hardware demo,10874.267578125,1.2508208376937717e-14
spectrum,Roland hardware demo,10879.65087890625,1.287945868255454e-14
spectrum,Roland hardware demo,10885.0341796875,1.381748245010174e-14
spectrum,Roland hardware demo,10890.41748046875,1.3107162314600178e-14
spectrum,Roland hardware demo,10895.80078125,1.633215894610799e-14
spectrum,Roland hardware demo,10901.18408203125,2.4411391284047054e-14
spectrum,Roland hardware demo,10906.5673828125,2.5367539015566654e-14
spectrum,Roland hardware demo,10911.95068359375,2.884396890713743e-14
spectrum,Roland hardware demo,10917.333984375,3.548055336403781e-14
spectrum,Roland hardware demo,10922.71728515625,7.16490262302541e-14
spectrum,Roland hardware demo,10928.1005859375,7.658572398223235e-14
spectrum,Roland hardware demo,10933.48388671875,3.649986942463185e-14
spectrum,Roland hardware demo,10938.8671875,3.8884118093353987e-14
spectrum,Roland hardware demo,10944.25048828125,3.795095883602287e-14
spectrum,Roland hardware demo,10949.6337890625,2.216517679847537e-14
spectrum,Roland hardware demo,10955.01708984375,1.5972754396258518e-14
spectrum,Roland hardware demo,10960.400390625,1.4905033790860688e-14
spectrum,Roland hardware demo,10965.78369140625,1.6397656615787376e-14
spectrum,Roland hardware demo,10971.1669921875,1.5360092077377693e-14
spectrum,Roland hardware demo,10976.55029296875,1.5674077026529495e-14
spectrum,Roland hardware demo,10981.93359375,1.7256094014643508e-14
spectrum,Roland hardware demo,10987.31689453125,1.6121735633219288e-14
spectrum,Roland hardware demo,10992.7001953125,1.148353398591935e-14
spectrum,Roland hardware demo,10998.08349609375,1.12041308509051e-14
spectrum,Roland hardware demo,11003.466796875,1.1613599283102037e-14
spectrum,Roland hardware demo,11008.85009765625,1.0294145567977912e-14
spectrum,Roland hardware demo,11014.2333984375,8.53929150697666e-15
spectrum,Roland hardware demo,11019.61669921875,7.224681126244935e-15
spectrum,Roland hardware demo,11025.0,6.245828676574184e-15
spectrum,Roland hardware demo,11030.38330078125,4.186319734335135e-15
spectrum,Roland hardware demo,11035.7666015625,2.8590495991737477e-15
spectrum,Roland hardware demo,11041.14990234375,2.181179507639735e-15
spectrum,Roland hardware demo,11046.533203125,1.3355951984834764e-15
spectrum,Roland hardware demo,11051.91650390625,8.031771811354985e-16
spectrum,Roland hardware demo,11057.2998046875,1.3971168955084507e-15
spectrum,Roland hardware demo,11062.68310546875,4.94083381385969e-15
spectrum,Roland hardware demo,11068.06640625,2.7226489190620724e-15
spectrum,Roland hardware demo,11073.44970703125,1.1045743736581544e-15
spectrum,Roland hardware demo,11078.8330078125,8.205895315530867e-16
spectrum,Roland hardware demo,11084.21630859375,3.8485534881562214e-16
spectrum,Roland hardware demo,11089.599609375,3.2149352565229703e-16
spectrum,Roland hardware demo,11094.98291015625,5.038127088675753e-16
spectrum,Roland hardware demo,11100.3662109375,7.550178523699344e-16
spectrum,Roland hardware demo,11105.74951171875,5.365075453568808e-16
spectrum,Roland hardware demo,11111.1328125,3.0427268409012706e-16
spectrum,Roland hardware demo,11116.51611328125,3.0013225469505004e-16
spectrum,Roland hardware demo,11121.8994140625,2.4030880578976136e-16
spectrum,Roland hardware demo,11127.28271484375,1.930893659582943e-16
spectrum,Roland hardware demo,11132.666015625,2.360695647074312e-16
spectrum,Roland hardware demo,11138.04931640625,2.3783110207014453e-16
spectrum,Roland hardware demo,11143.4326171875,2.8529345506901637e-16
spectrum,Roland hardware demo,11148.81591796875,2.489263072368898e-16
spectrum,Roland hardware demo,11154.19921875,3.6869671303908867e-16
spectrum,Roland hardware demo,11159.58251953125,2.432465013392965e-16
spectrum,Roland hardware demo,11164.9658203125,1.972951889438773e-16
spectrum,Roland hardware demo,11170.34912109375,2.370429908522836e-16
spectrum,Roland hardware demo,11175.732421875,3.7171241502911e-16
spectrum,Roland hardware demo,11181.11572265625,3.79237402792958e-16
spectrum,Roland hardware demo,11186.4990234375,2.0503037322754238e-16
spectrum,Roland hardware demo,11191.88232421875,1.7170747504273757e-16
spectrum,Roland hardware demo,11197.265625,1.846114528938954e-16
spectrum,Roland hardware demo,11202.64892578125,2.2093500499901798e-16
spectrum,Roland hardware demo,11208.0322265625,2.49225548095287e-16
spectrum,Roland hardware demo,11213.41552734375,2.032008085312527e-16
spectrum,Roland hardware demo,11218.798828125,1.6155882919454898e-16
spectrum,Roland hardware demo,11224.18212890625,1.3232531343485932e-16
spectrum,Roland hardware demo,11229.5654296875,1.2128768003874773e-16
spectrum,Roland hardware demo,11234.94873046875,9.85251121842767e-17
spectrum,Roland hardware demo,11240.33203125,9.196832278380977e-17
spectrum,Roland hardware demo,11245.71533203125,1.077783515629889e-16
spectrum,Roland hardware demo,11251.0986328125,1.34497992649236e-16
spectrum,Roland hardware demo,11256.48193359375,1.648523050517105e-16
spectrum,Roland hardware demo,11261.865234375,1.6827703131102706e-16
spectrum,Roland hardware demo,11267.24853515625,1.584536196448045e-16
spectrum,Roland hardware demo,11272.6318359375,1.6448186048618476e-16
spectrum,Roland hardware demo,11278.01513671875,1.6692344619153508e-16
spectrum,Roland hardware demo,11283.3984375,1.6396699680315215e-16
spectrum,Roland hardware demo,11288.78173828125,1.573865301848315e-16
spectrum,Roland hardware demo,11294.1650390625,1.5540592892613453e-16
spectrum,Roland hardware demo,11299.54833984375,1.5281334636304633e-16
spectrum,Roland hardware demo,11304.931640625,1.3612706199993263e-16
spectrum,Roland hardware demo,11310.31494140625,1.202513352277821e-16
spectrum,Roland hardware demo,11315.6982421875,1.07444534554987e-16
spectrum,Roland hardware demo,11321.08154296875,9.656961751153194e-17
spectrum,Roland hardware demo,11326.46484375,9.471006917239843e-17
spectrum,Roland hardware demo,11331.84814453125,1.0540002863088663e-16
spectrum,Roland hardware demo,11337.2314453125,8.36436035688557e-17
spectrum,Roland hardware demo,11342.61474609375,8.499745338614369e-17
spectrum,Roland hardware demo,11347.998046875,9.069986447551685e-17
spectrum,Roland hardware demo,11353.38134765625,9.669341667072908e-17
spectrum,Roland hardware demo,11358.7646484375,1.0367713714639178e-16
spectrum,Roland hardware demo,11364.14794921875,1.1266925214933323e-16
spectrum,Roland hardware demo,11369.53125,1.5118463435437432e-16
spectrum,Roland hardware demo,11374.91455078125,1.5339292865720509e-16
spectrum,Roland hardware demo,11380.2978515625,1.4315455025616674e-16
spectrum,Roland hardware demo,11385.68115234375,1.5717215143983736e-16
spectrum,Roland hardware demo,11391.064453125,1.7410738408010502e-16
spectrum,Roland hardware demo,11396.44775390625,1.896155250229268e-16
spectrum,Roland hardware demo,11401.8310546875,1.9492798331920776e-16
spectrum,Roland hardware demo,11407.21435546875,2.0311016277100669e-16
spectrum,Roland hardware demo,11412.59765625,2.1389770968944144e-16
spectrum,Roland hardware demo,11417.98095703125,2.1092811805548627e-16
spectrum,Roland hardware demo,11423.3642578125,2.1192498319017597e-16
spectrum,Roland hardware demo,11428.74755859375,2.084749518215602e-16
spectrum,Roland hardware demo,11434.130859375,1.9604793292904535e-16
spectrum,Roland hardware demo,11439.51416015625,1.7489910842288157e-16
spectrum,Roland hardware demo,11444.8974609375,1.5486282198826692e-16
spectrum,Roland hardware demo,11450.28076171875,1.4669048929447982e-16
spectrum,Roland hardware demo,11455.6640625,1.3602712534704643e-16
spectrum,Roland hardware demo,11461.04736328125,1.3002527487592907e-16
spectrum,Roland hardware demo,11466.4306640625,1.2165629818948096e-16
spectrum,Roland hardware demo,11471.81396484375,1.0717524425220913e-16
spectrum,Roland hardware demo,11477.197265625,8.951395217491183e-17
spectrum,Roland hardware demo,11482.58056640625,7.309939333429935e-17
spectrum,Roland hardware demo,11487.9638671875,6.645278535419896e-17
spectrum,Roland hardware demo,11493.34716796875,6.841405705634179e-17
spectrum,Roland hardware demo,11498.73046875,7.661060298101954e-17
spectrum,Roland hardware demo,11504.11376953125,9.415762501977632e-17
spectrum,Roland hardware demo,11509.4970703125,1.1072634385678908e-16
spectrum,Roland hardware demo,11514.88037109375,1.1826506943625036e-16
spectrum,Roland hardware demo,11520.263671875,1.2050692741961608e-16
spectrum,Roland hardware demo,11525.64697265625,1.2370585322404035e-16
spectrum,Roland hardware demo,11531.0302734375,1.221294322649715e-16
spectrum,Roland hardware demo,11536.41357421875,1.315997238364176e-16
spectrum,Roland hardware demo,11541.796875,1.4801732670168428e-16
spectrum,Roland hardware demo,11547.18017578125,1.678395652635498e-16
spectrum,Roland hardware demo,11552.5634765625,1.860308815901466e-16
spectrum,Roland hardware demo,11557.94677734375,1.9705930350295679e-16
spectrum,Roland hardware demo,11563.330078125,1.9751389549783633e-16
spectrum,Roland hardware demo,11568.71337890625,1.9086397217784083e-16
spectrum,Roland hardware demo,11574.0966796875,1.7681227791804322e-16
spectrum,Roland hardware demo,11579.47998046875,1.585361656524924e-16
spectrum,Roland hardware demo,11584.86328125,1.4054979159446176e-16
spectrum,Roland hardware demo,11590.24658203125,1.3125896512871516e-16
spectrum,Roland hardware demo,11595.6298828125,1.299805277135124e-16
spectrum,Roland hardware demo,11601.01318359375,1.3082384165673266e-16
spectrum,Roland hardware demo,11606.396484375,1.352560871370286e-16
spectrum,Roland hardware demo,11611.77978515625,1.138277682280505e-16
spectrum,Roland hardware demo,11617.1630859375,9.774377061254891e-17
spectrum,Roland hardware demo,11622.54638671875,8.032548434688499e-17
spectrum,Roland hardware demo,11627.9296875,5.966337953059231e-17
spectrum,Roland hardware demo,11633.31298828125,4.481552393121242e-17
spectrum,Roland hardware demo,11638.6962890625,3.874804825901755e-17
spectrum,Roland hardware demo,11644.07958984375,4.709363558646511e-17
spectrum,Roland hardware demo,11649.462890625,4.389783321603384e-17
spectrum,Roland hardware demo,11654.84619140625,3.892485976931199e-17
spectrum,Roland hardware demo,11660.2294921875,4.062675740986024e-17
spectrum,Roland hardware demo,11665.61279296875,4.286086636524756e-17
spectrum,Roland hardware demo,11670.99609375,4.042412462956435e-17
spectrum,Roland hardware demo,11676.37939453125,4.081343222177876e-17
spectrum,Roland hardware demo,11681.7626953125,4.271659614025096e-17
spectrum,Roland hardware demo,11687.14599609375,4.7117107663526914e-17
spectrum,Roland hardware demo,11692.529296875,5.2529965833837114e-17
spectrum,Roland hardware demo,11697.91259765625,5.532062506640726e-17
spectrum,Roland hardware demo,11703.2958984375,5.3503709616044737e-17
spectrum,Roland hardware demo,11708.67919921875,4.9725932745123207e-17
spectrum,Roland hardware demo,11714.0625,4.388022419515381e-17
spectrum,Roland hardware demo,11719.44580078125,4.222530048723122e-17
spectrum,Roland hardware demo,11724.8291015625,4.729421695884187e-17
spectrum,Roland hardware demo,11730.21240234375,6.019499196666789e-17
spectrum,Roland hardware demo,11735.595703125,7.900406662705398e-17
spectrum,Roland hardware demo,11740.97900390625,1.006700113649614e-16
spectrum,Roland hardware demo,11746.3623046875,1.2389455628282085e-16
spectrum,Roland hardware demo,11751.74560546875,1.3500066699876202e-16
spectrum,Roland hardware demo,11757.12890625,1.4448178471006523e-16
spectrum,Roland hardware demo,11762.51220703125,1.4599882071859768e-16
spectrum,Roland hardware demo,11767.8955078125,1.425736312381381e-16
spectrum,Roland hardware demo,11773.27880859375,1.383103423610398e-16
spectrum,Roland hardware demo,11778.662109375,1.3577934174019494e-16
spectrum,Roland hardware demo,11784.04541015625,1.3472686359856207e-16
spectrum,Roland hardware demo,11789.4287109375,1.2987335157590513e-16
spectrum,Roland hardware demo,11794.81201171875,1.2773783593208923e-16
spectrum,Roland hardware demo,11800.1953125,1.245348470164961e-16
spectrum,Roland hardware demo,11805.57861328125,1.232557743265829e-16
spectrum,Roland hardware demo,11810.9619140625,1.2300710398211476e-16
spectrum,Roland hardware demo,11816.34521484375,1.2528275063914204e-16
spectrum,Roland hardware demo,11821.728515625,1.3145400769971026e-16
spectrum,Roland hardware demo,11827.11181640625,1.4257864726137262e-16
spectrum,Roland hardware demo,11832.4951171875,1.5507886832937597e-16
spectrum,Roland hardware demo,11837.87841796875,1.6663454178207236e-16
spectrum,Roland hardware demo,11843.26171875,1.7544569613676681e-16
spectrum,Roland hardware demo,11848.64501953125,1.8221323792242246e-16
spectrum,Roland hardware demo,11854.0283203125,1.8620971142113566e-16
spectrum,Roland hardware demo,11859.41162109375,1.8542391630898988e-16
spectrum,Roland hardware demo,11864.794921875,1.8196807482375154e-16
spectrum,Roland hardware demo,11870.17822265625,1.7347716509756822e-16
spectrum,Roland hardware demo,11875.5615234375,1.55818592790125e-16
spectrum,Roland hardware demo,11880.94482421875,1.3629101581478554e-16
spectrum,Roland hardware demo,11886.328125,1.1514814700903215e-16
spectrum,Roland hardware demo,11891.71142578125,9.522883053047739e-17
spectrum,Roland hardware demo,11897.0947265625,7.656362573967143e-17
spectrum,Roland hardware demo,11902.47802734375,7.401045667841015e-17
spectrum,Roland hardware demo,11907.861328125,5.87990949044826e-17
spectrum,Roland hardware demo,11913.24462890625,5.797757220731944e-17
spectrum,Roland hardware demo,11918.6279296875,6.735166598224808e-17
spectrum,Roland hardware demo,11924.01123046875,8.555948621642652e-17
spectrum,Roland hardware demo,11929.39453125,1.1477170703842662e-16
spectrum,Roland hardware demo,11934.77783203125,1.475076643303434e-16
spectrum,Roland hardware demo,11940.1611328125,1.8495021313323792e-16
spectrum,Roland hardware demo,11945.54443359375,2.034333323101638e-16
spectrum,Roland hardware demo,11950.927734375,2.1537334696267684e-16
spectrum,Roland hardware demo,11956.31103515625,2.1890346264947754e-16
spectrum,Roland hardware demo,11961.6943359375,2.1428035682336357e-16
spectrum,Roland hardware demo,11967.07763671875,2.0747892048492795e-16
spectrum,Roland hardware demo,11972.4609375,2.005223447682468e-16
spectrum,Roland hardware demo,11977.84423828125,1.9832252079488857e-16
spectrum,Roland hardware demo,11983.2275390625,1.9248864754512358e-16
spectrum,Roland hardware demo,11988.61083984375,1.827194592224151e-16
spectrum,Roland hardware demo,11993.994140625,1.6822871072836416e-16
spectrum,Roland hardware demo,11999.37744140625,1.4799814934636285e-16
spectrum,Roland hardware demo,12004.7607421875,1.2394868698210632e-16
spectrum,Roland hardware demo,12010.14404296875,1.0342693155470674e-16
spectrum,Roland hardware demo,12015.52734375,8.752184979697792e-17
spectrum,Roland hardware demo,12020.91064453125,8.057379734932851e-17
spectrum,Roland hardware demo,12026.2939453125,8.858392323371641e-17
spectrum,Roland hardware demo,12031.67724609375,1.0827115268472349e-16
spectrum,Roland hardware demo,12037.060546875,1.2676909493822633e-16
spectrum,Roland hardware demo,12042.44384765625,1.5053351748084198e-16
spectrum,Roland hardware demo,12047.8271484375,1.8044545369172313e-16
spectrum,Roland hardware demo,12053.21044921875,2.2405101421883993e-16
spectrum,Roland hardware demo,12058.59375,2.248852887323262e-16
spectrum,Roland hardware demo,12063.97705078125,2.2080536925341866e-16
spectrum,Roland hardware demo,12069.3603515625,2.1180119726586864e-16
spectrum,Roland hardware demo,12074.74365234375,1.962297406102396e-16
spectrum,Roland hardware demo,12080.126953125,1.763500626266384e-16
spectrum,Roland hardware demo,12085.51025390625,1.5830974315777949e-16
spectrum,Roland hardware demo,12090.8935546875,1.5145285263107832e-16
spectrum,Roland hardware demo,12096.27685546875,1.534197425439416e-16
spectrum,Roland hardware demo,12101.66015625,1.4894955263458664e-16
spectrum,Roland hardware demo,12107.04345703125,1.4349743978112712e-16
spectrum,Roland hardware demo,12112.4267578125,1.3796837927836547e-16
spectrum,Roland hardware demo,12117.81005859375,1.3352334889452192e-16
spectrum,Roland hardware demo,12123.193359375,1.3923290682438754e-16
spectrum,Roland hardware demo,12128.57666015625,1.3885236403794374e-16
spectrum,Roland hardware demo,12133.9599609375,1.2427541670661987e-16
spectrum,Roland hardware demo,12139.34326171875,1.2045357757882886e-16
spectrum,Roland hardware demo,12144.7265625,1.1792358280960887e-16
spectrum,Roland hardware demo,12150.10986328125,1.0799786544522577e-16
spectrum,Roland hardware demo,12155.4931640625,8.972060174426228e-17
spectrum,Roland hardware demo,12160.87646484375,7.024855836652719e-17
spectrum,Roland hardware demo,12166.259765625,7.103126313190447e-17
spectrum,Roland hardware demo,12171.64306640625,7.610276040702628e-17
spectrum,Roland hardware demo,12177.0263671875,7.230007878222201e-17
spectrum,Roland hardware demo,12182.40966796875,6.23274768207194e-17
spectrum,Roland hardware demo,12187.79296875,6.515360886667827e-17
spectrum,Roland hardware demo,12193.17626953125,6.807560121946469e-17
spectrum,Roland hardware demo,12198.5595703125,6.099269186218953e-17
spectrum,Roland hardware demo,12203.94287109375,4.676109243660654e-17
spectrum,Roland hardware demo,12209.326171875,6.223517669924828e-17
spectrum,Roland hardware demo,12214.70947265625,6.795738718376351e-17
spectrum,Roland hardware demo,12220.0927734375,7.306491644636814e-17
spectrum,Roland hardware demo,12225.47607421875,6.473819214560924e-17
spectrum,Roland hardware demo,12230.859375,6.463051308218954e-17
spectrum,Roland hardware demo,12236.24267578125,6.18828904025293e-17
spectrum,Roland hardware demo,12241.6259765625,6.514581351658557e-17
spectrum,Roland hardware demo,12247.00927734375,9.695642040085154e-17
spectrum,Roland hardware demo,12252.392578125,8.613402601757115e-17
spectrum,Roland hardware demo,12257.77587890625,5.168791582259283e-17
spectrum,Roland hardware demo,12263.1591796875,4.775704767262244e-17
spectrum,Roland hardware demo,12268.54248046875,4.713514681832547e-17
spectrum,Roland hardware demo,12273.92578125,4.523892459955381e-17
spectrum,Roland hardware demo,12279.30908203125,4.5025055397817e-17
spectrum,Roland hardware demo,12284.6923828125,6.329223411275225e-17
spectrum,Roland hardware demo,12290.07568359375,7.540339574272495e-17
spectrum,Roland hardware demo,12295.458984375,2.691750533574775e-16
spectrum,Roland hardware demo,12300.84228515625,4.1739017548723543e-16
spectrum,Roland hardware demo,12306.2255859375,4.973507474525314e-16
spectrum,Roland hardware demo,12311.60888671875,1.0442304759463372e-15
spectrum,Roland hardware demo,12316.9921875,7.212603071691799e-16
spectrum,Roland hardware demo,12322.37548828125,2.8288372044946077e-15
spectrum,Roland hardware demo,12327.7587890625,3.3886510202138682e-15
spectrum,Roland hardware demo,12333.14208984375,7.233972654159841e-16
spectrum,Roland hardware demo,12338.525390625,1.5397076394591013e-16
spectrum,Roland hardware demo,12343.90869140625,1.847330682962754e-16
spectrum,Roland hardware demo,12349.2919921875,7.439177502939628e-16
spectrum,Roland hardware demo,12354.67529296875,1.1249643625226968e-15
spectrum,Roland hardware demo,12360.05859375,2.3320578866441177e-15
spectrum,Roland hardware demo,12365.44189453125,4.043078839657908e-15
spectrum,Roland hardware demo,12370.8251953125,7.831873094594154e-16
spectrum,Roland hardware demo,12376.20849609375,4.4523145363176974e-17
spectrum,Roland hardware demo,12381.591796875,1.4852744236800083e-17
spectrum,Roland hardware demo,12386.97509765625,8.427326006857597e-18
spectrum,Roland hardware demo,12392.3583984375,5.994362005031915e-18
spectrum,Roland hardware demo,12397.74169921875,4.6381307347603844e-18
spectrum,Roland hardware demo,12403.125,3.483062344836237e-18
spectrum,Roland hardware demo,12408.50830078125,4.017145982991819e-18
spectrum,Roland hardware demo,12413.8916015625,5.870334543985714e-18
spectrum,Roland hardware demo,12419.27490234375,7.667108973613187e-18
spectrum,Roland hardware demo,12424.658203125,1.0537530751109987e-17
spectrum,Roland hardware demo,12430.04150390625,1.768782306826433e-17
spectrum,Roland hardware demo,12435.4248046875,1.6102938066295583e-16
spectrum,Roland hardware demo,12440.80810546875,6.911166280378859e-16
spectrum,Roland hardware demo,12446.19140625,3.9673413886791645e-16
spectrum,Roland hardware demo,12451.57470703125,1.4696085162333155e-16
spectrum,Roland hardware demo,12456.9580078125,8.380633977384693e-17
spectrum,Roland hardware demo,12462.34130859375,1.7793283633281166e-17
spectrum,Roland hardware demo,12467.724609375,1.2175511318545655e-17
spectrum,Roland hardware demo,12473.10791015625,5.545798667892782e-17
spectrum,Roland hardware demo,12478.4912109375,2.5791343268637633e-16
spectrum,Roland hardware demo,12483.87451171875,2.1217901366501346e-16
spectrum,Roland hardware demo,12489.2578125,6.764307178588316e-17
spectrum,Roland hardware demo,12494.64111328125,1.0635697733793698e-16
spectrum,Roland hardware demo,12500.0244140625,5.797360174037919e-17
spectrum,Roland hardware demo,12505.40771484375,6.227249247104177e-17
spectrum,Roland hardware demo,12510.791015625,4.614616306051217e-17
spectrum,Roland hardware demo,12516.17431640625,2.4661944940098967e-17
spectrum,Roland hardware demo,12521.5576171875,2.2139780262557404e-17
spectrum,Roland hardware demo,12526.94091796875,2.3329297416271935e-17
spectrum,Roland hardware demo,12532.32421875,2.391029915236183e-17
spectrum,Roland hardware demo,12537.70751953125,2.4655016475288222e-17
spectrum,Roland hardware demo,12543.0908203125,2.4509626247742227e-17
spectrum,Roland hardware demo,12548.47412109375,2.718881792968718e-17
spectrum,Roland hardware demo,12553.857421875,5.3567306570260264e-17
spectrum,Roland hardware demo,12559.24072265625,7.031866357780229e-17
spectrum,Roland hardware demo,12564.6240234375,3.0378393284467153e-17
spectrum,Roland hardware demo,12570.00732421875,1.70824840241919e-17
spectrum,Roland hardware demo,12575.390625,1.402266187465822e-17
spectrum,Roland hardware demo,12580.77392578125,1.9382276083299605e-17
spectrum,Roland hardware demo,12586.1572265625,4.973408543724053e-17
spectrum,Roland hardware demo,12591.54052734375,3.822887992807722e-17
spectrum,Roland hardware demo,12596.923828125,2.6699858234717285e-17
spectrum,Roland hardware demo,12602.30712890625,1.2563808923232135e-17
spectrum,Roland hardware demo,12607.6904296875,1.6993945920146673e-17
spectrum,Roland hardware demo,12613.07373046875,1.621721009006958e-17
spectrum,Roland hardware demo,12618.45703125,4.1840536598121564e-18
spectrum,Roland hardware demo,12623.84033203125,3.612373008454814e-18
spectrum,Roland hardware demo,12629.2236328125,5.3351011247786835e-18
spectrum,Roland hardware demo,12634.60693359375,9.635952687083327e-18
spectrum,Roland hardware demo,12639.990234375,3.935626092853799e-18
spectrum,Roland hardware demo,12645.37353515625,3.2150996669415214e-18
spectrum,Roland hardware demo,12650.7568359375,2.727633032977284e-18
spectrum,Roland hardware demo,12656.14013671875,3.004779897213176e-18
spectrum,Roland hardware demo,12661.5234375,4.09038165929512e-18
spectrum,Roland hardware demo,12666.90673828125,4.521719125613959e-18
spectrum,Roland hardware demo,12672.2900390625,1.086169704290523e-17
spectrum,Roland hardware demo,12677.67333984375,1.8869260321755443e-17
spectrum,Roland hardware demo,12683.056640625,1.3302637547377761e-17
spectrum,Roland hardware demo,12688.43994140625,7.465254570273709e-18
spectrum,Roland hardware demo,12693.8232421875,9.533956354471864e-18
spectrum,Roland hardware demo,12699.20654296875,1.3007632680897462e-17
spectrum,Roland hardware demo,12704.58984375,2.6933806418643208e-17
spectrum,Roland hardware demo,12709.97314453125,7.286137707612089e-17
spectrum,Roland hardware demo,12715.3564453125,6.41369178670669e-17
spectrum,Roland hardware demo,12720.73974609375,3.319182645366211e-17
spectrum,Roland hardware demo,12726.123046875,2.743292885461893e-17
spectrum,Roland hardware demo,12731.50634765625,2.808969702609623e-17
spectrum,Roland hardware demo,12736.8896484375,2.8427431561479184e-17
spectrum,Roland hardware demo,12742.27294921875,2.982040702174093e-17
spectrum,Roland hardware demo,12747.65625,3.714680195540475e-17
spectrum,Roland hardware demo,12753.03955078125,4.2482828281698577e-17
spectrum,Roland hardware demo,12758.4228515625,2.402220841743413e-17
spectrum,Roland hardware demo,12763.80615234375,2.3473923328931932e-17
spectrum,Roland hardware demo,12769.189453125,2.1805483489800224e-17
spectrum,Roland hardware demo,12774.57275390625,2.123574464493085e-17
spectrum,Roland hardware demo,12779.9560546875,1.8409860753155742e-17
spectrum,Roland hardware demo,12785.33935546875,1.9633624838591193e-17
spectrum,Roland hardware demo,12790.72265625,2.5319082034129468e-17
spectrum,Roland hardware demo,12796.10595703125,1.6123573244728576e-17
spectrum,Roland hardware demo,12801.4892578125,1.0392380405941632e-17
spectrum,Roland hardware demo,12806.87255859375,8.931313092015743e-18
spectrum,Roland hardware demo,12812.255859375,9.621122993061477e-18
spectrum,Roland hardware demo,12817.63916015625,1.0973804831324542e-17
spectrum,Roland hardware demo,12823.0224609375,6.942271282348282e-18
spectrum,Roland hardware demo,12828.40576171875,4.030818451336708e-18
spectrum,Roland hardware demo,12833.7890625,3.574908757741369e-18
spectrum,Roland hardware demo,12839.17236328125,2.1241886460979056e-18
spectrum,Roland hardware demo,12844.5556640625,2.637468691847779e-18
spectrum,Roland hardware demo,12849.93896484375,3.4570975589985038e-18
spectrum,Roland hardware demo,12855.322265625,3.948478825211648e-18
spectrum,Roland hardware demo,12860.70556640625,6.880006088918966e-18
spectrum,Roland hardware demo,12866.0888671875,1.2500222722364571e-17
spectrum,Roland hardware demo,12871.47216796875,7.82629740095718e-18
spectrum,Roland hardware demo,12876.85546875,4.863035766639571e-18
spectrum,Roland hardware demo,12882.23876953125,4.544108423253932e-18
spectrum,Roland hardware demo,12887.6220703125,5.307004694502401e-18
spectrum,Roland hardware demo,12893.00537109375,3.1726913577068465e-18
spectrum,Roland hardware demo,12898.388671875,3.086282416558332e-18
spectrum,Roland hardware demo,12903.77197265625,4.729061045137114e-18
spectrum,Roland hardware demo,12909.1552734375,4.409114201646503e-18
spectrum,Roland hardware demo,12914.53857421875,1.2343927359212983e-18
spectrum,Roland hardware demo,12919.921875,1.2445351076045406e-18
spectrum,Roland hardware demo,12925.30517578125,6.481402640980688e-19
spectrum,Roland hardware demo,12930.6884765625,8.619459797228657e-19
spectrum,Roland hardware demo,12936.07177734375,1.8513400191199924e-18
spectrum,Roland hardware demo,12941.455078125,3.194033444691327e-18
spectrum,Roland hardware demo,12946.83837890625,4.745332514966644e-18
spectrum,Roland hardware demo,12952.2216796875,6.714854102948772e-18
spectrum,Roland hardware demo,12957.60498046875,8.484958161676004e-18
spectrum,Roland hardware demo,12962.98828125,1.0648833692793285e-17
spectrum,Roland hardware demo,12968.37158203125,1.2523279554758874e-17
spectrum,Roland hardware demo,12973.7548828125,1.404410735921927e-17
spectrum,Roland hardware demo,12979.13818359375,2.1870281510265178e-17
spectrum,Roland hardware demo,12984.521484375,2.318905886958092e-17
spectrum,Roland hardware demo,12989.90478515625,1.95424529914756e-17
spectrum,Roland hardware demo,12995.2880859375,2.1759641140252535e-17
spectrum,Roland hardware demo,13000.67138671875,2.246276782197976e-17
spectrum,Roland hardware demo,13006.0546875,2.0648454681824326e-17
spectrum,Roland hardware demo,13011.43798828125,2.2200488702073896e-17
spectrum,Roland hardware demo,13016.8212890625,2.497677649868155e-17
spectrum,Roland hardware demo,13022.20458984375,2.476291391438964e-17
spectrum,Roland hardware demo,13027.587890625,2.133105239510921e-17
spectrum,Roland hardware demo,13032.97119140625,1.4554332213376678e-17
spectrum,Roland hardware demo,13038.3544921875,1.086742526864716e-17
spectrum,Roland hardware demo,13043.73779296875,8.990213314713194e-18
spectrum,Roland hardware demo,13049.12109375,6.5774656070583085e-18
spectrum,Roland hardware demo,13054.50439453125,3.769025300040719e-18
spectrum,Roland hardware demo,13059.8876953125,2.1430582902314653e-18
spectrum,Roland hardware demo,13065.27099609375,1.6452982207246181e-18
spectrum,Roland hardware demo,13070.654296875,1.693994550180768e-18
spectrum,Roland hardware demo,13076.03759765625,4.22772838256465e-18
spectrum,Roland hardware demo,13081.4208984375,9.407358016081848e-18
spectrum,Roland hardware demo,13086.80419921875,1.1100868045218813e-17
spectrum,Roland hardware demo,13092.1875,9.290259847027004e-18
spectrum,Roland hardware demo,13097.57080078125,1.2432929097991544e-17
spectrum,Roland hardware demo,13102.9541015625,1.1658336492881575e-17
spectrum,Roland hardware demo,13108.33740234375,7.442210145588594e-18
spectrum,Roland hardware demo,13113.720703125,5.8206242978937275e-18
spectrum,Roland hardware demo,13119.10400390625,4.853956218645883e-18
spectrum,Roland hardware demo,13124.4873046875,4.0290226422268554e-18
spectrum,Roland hardware demo,13129.87060546875,3.121082111723591e-18
spectrum,Roland hardware demo,13135.25390625,2.3151468060233754e-18
spectrum,Roland hardware demo,13140.63720703125,1.7970484332053807e-18
spectrum,Roland hardware demo,13146.0205078125,1.2448557434894815e-18
spectrum,Roland hardware demo,13151.40380859375,1.1713919721322689e-18
spectrum,Roland hardware demo,13156.787109375,2.2608297843049277e-18
spectrum,Roland hardware demo,13162.17041015625,5.559171531419804e-18
spectrum,Roland hardware demo,13167.5537109375,2.4087451874658944e-18
spectrum,Roland hardware demo,13172.93701171875,1.3549273234334175e-18
spectrum,Roland hardware demo,13178.3203125,1.0507401317683202e-18
spectrum,Roland hardware demo,13183.70361328125,7.363406716582199e-19
spectrum,Roland hardware demo,13189.0869140625,4.121749485496473e-19
spectrum,Roland hardware demo,13194.47021484375,3.993496165495892e-19
spectrum,Roland hardware demo,13199.853515625,6.364443438268752e-19
spectrum,Roland hardware demo,13205.23681640625,4.670673777817022e-19
spectrum,Roland hardware demo,13210.6201171875,4.1128012007262394e-19
spectrum,Roland hardware demo,13216.00341796875,6.574134240538828e-19
spectrum,Roland hardware demo,13221.38671875,1.0269431795209353e-18
spectrum,Roland hardware demo,13226.77001953125,3.147325864222908e-18
spectrum,Roland hardware demo,13232.1533203125,3.7145124433122495e-18
spectrum,Roland hardware demo,13237.53662109375,4.832196405452063e-18
spectrum,Roland hardware demo,13242.919921875,6.108355765247848e-18
spectrum,Roland hardware demo,13248.30322265625,3.517344431733191e-18
spectrum,Roland hardware demo,13253.6865234375,2.9061522576463346e-18
spectrum,Roland hardware demo,13259.06982421875,6.560120043203378e-18
spectrum,Roland hardware demo,13264.453125,1.3683507897344127e-17
spectrum,Roland hardware demo,13269.83642578125,9.55425371234269e-18
spectrum,Roland hardware demo,13275.2197265625,2.402890196295091e-17
spectrum,Roland hardware demo,13280.60302734375,1.6676293675675284e-17
spectrum,Roland hardware demo,13285.986328125,8.481248256628703e-18
spectrum,Roland hardware demo,13291.36962890625,8.08926225359085e-18
spectrum,Roland hardware demo,13296.7529296875,4.802656131416569e-18
spectrum,Roland hardware demo,13302.13623046875,5.581146411572888e-18
spectrum,Roland hardware demo,13307.51953125,6.326046541414653e-18
spectrum,Roland hardware demo,13312.90283203125,1.2793187761454314e-17
spectrum,Roland hardware demo,13318.2861328125,2.124309331749277e-17
spectrum,Roland hardware demo,13323.66943359375,7.675071414189622e-18
spectrum,Roland hardware demo,13329.052734375,4.856911734974535e-18
spectrum,Roland hardware demo,13334.43603515625,4.99442224000535e-18
spectrum,Roland hardware demo,13339.8193359375,3.74762861913581e-18
spectrum,Roland hardware demo,13345.20263671875,3.152396688173011e-18
spectrum,Roland hardware demo,13350.5859375,3.809021137018883e-18
spectrum,Roland hardware demo,13355.96923828125,2.9159266373545674e-18
spectrum,Roland hardware demo,13361.3525390625,4.976939777759042e-18
spectrum,Roland hardware demo,13366.73583984375,9.838956044293641e-18
spectrum,Roland hardware demo,13372.119140625,6.424874772280039e-18
spectrum,Roland hardware demo,13377.50244140625,1.4979444731995749e-18
spectrum,Roland hardware demo,13382.8857421875,1.8603354014863534e-18
spectrum,Roland hardware demo,13388.26904296875,1.0095990011935306e-17
spectrum,Roland hardware demo,13393.65234375,3.012606680169153e-17
spectrum,Roland hardware demo,13399.03564453125,1.78562221517291e-17
spectrum,Roland hardware demo,13404.4189453125,3.022814088928057e-18
spectrum,Roland hardware demo,13409.80224609375,4.504474891384066e-18
spectrum,Roland hardware demo,13415.185546875,5.951386663487335e-18
spectrum,Roland hardware demo,13420.56884765625,1.8203953991995367e-18
spectrum,Roland hardware demo,13425.9521484375,1.8967106689233728e-18
spectrum,Roland hardware demo,13431.33544921875,1.2913222421683722e-17
spectrum,Roland hardware demo,13436.71875,1.2262950099556798e-17
spectrum,Roland hardware demo,13442.10205078125,1.3342880297768772e-18
spectrum,Roland hardware demo,13447.4853515625,2.9203373711758533e-19
spectrum,Roland hardware demo,13452.86865234375,6.010966415057998e-19
spectrum,Roland hardware demo,13458.251953125,1.5507671931414455e-18
spectrum,Roland hardware demo,13463.63525390625,5.9873040864553065e-18
spectrum,Roland hardware demo,13469.0185546875,3.484199552742375e-17
spectrum,Roland hardware demo,13474.40185546875,4.4497274462338766e-17
spectrum,Roland hardware demo,13479.78515625,1.1093363862701732e-17
spectrum,Roland hardware demo,13485.16845703125,3.807160807821251e-18
spectrum,Roland hardware demo,13490.5517578125,3.96973860772518e-18
spectrum,Roland hardware demo,13495.93505859375,4.821274726234219e-18
spectrum,Roland hardware demo,13501.318359375,2.0032974403441994e-17
spectrum,Roland hardware demo,13506.70166015625,3.5192624154195177e-17
spectrum,Roland hardware demo,13512.0849609375,2.6060159762360626e-17
spectrum,Roland hardware demo,13517.46826171875,1.2530982260622968e-17
spectrum,Roland hardware demo,13522.8515625,1.573349472018327e-17
spectrum,Roland hardware demo,13528.23486328125,1.0453862259330861e-17
spectrum,Roland hardware demo,13533.6181640625,7.329349622811859e-18
spectrum,Roland hardware demo,13539.00146484375,8.914868741438189e-18
spectrum,Roland hardware demo,13544.384765625,6.121748646545694e-17
spectrum,Roland hardware demo,13549.76806640625,1.3527147931386698e-16
spectrum,Roland hardware demo,13555.1513671875,5.112860607088653e-17
spectrum,Roland hardware demo,13560.53466796875,1.2073817734038386e-17
spectrum,Roland hardware demo,13565.91796875,9.453759539723623e-18
spectrum,Roland hardware demo,13571.30126953125,4.6240316066555406e-17
spectrum,Roland hardware demo,13576.6845703125,4.6163064014787854e-17
spectrum,Roland hardware demo,13582.06787109375,1.679890665787402e-17
spectrum,Roland hardware demo,13587.451171875,4.9681274918212694e-17
spectrum,Roland hardware demo,13592.83447265625,5.542699056701423e-17
spectrum,Roland hardware demo,13598.2177734375,6.413634876680546e-17
spectrum,Roland hardware demo,13603.60107421875,1.6037572930802663e-17
spectrum,Roland hardware demo,13608.984375,3.2412890323155628e-18
spectrum,Roland hardware demo,13614.36767578125,2.542968683537577e-18
spectrum,Roland hardware demo,13619.7509765625,8.591069717834919e-18
spectrum,Roland hardware demo,13625.13427734375,2.2736971577596188e-17
spectrum,Roland hardware demo,13630.517578125,1.369673451533885e-17
spectrum,Roland hardware demo,13635.90087890625,2.6679329266274944e-18
spectrum,Roland hardware demo,13641.2841796875,1.3330466384725882e-18
spectrum,Roland hardware demo,13646.66748046875,1.3878830262181427e-18
spectrum,Roland hardware demo,13652.05078125,1.5959188468776526e-18
spectrum,Roland hardware demo,13657.43408203125,2.641100635122346e-18
spectrum,Roland hardware demo,13662.8173828125,6.679826312729602e-18
spectrum,Roland hardware demo,13668.20068359375,1.0329716511457065e-17
spectrum,Roland hardware demo,13673.583984375,4.475314458685857e-17
spectrum,Roland hardware demo,13678.96728515625,6.802094774203209e-17
spectrum,Roland hardware demo,13684.3505859375,5.725590675370368e-17
spectrum,Roland hardware demo,13689.73388671875,1.1400307757835254e-16
spectrum,Roland hardware demo,13695.1171875,7.126603022463682e-17
spectrum,Roland hardware demo,13700.50048828125,2.547197743680928e-16
spectrum,Roland hardware demo,13705.8837890625,3.181410751261829e-16
spectrum,Roland hardware demo,13711.26708984375,8.015388076572719e-17
spectrum,Roland hardware demo,13716.650390625,2.8210303268128915e-17
spectrum,Roland hardware demo,13722.03369140625,6.369033959796177e-17
spectrum,Roland hardware demo,13727.4169921875,3.554267772500476e-16
spectrum,Roland hardware demo,13732.80029296875,7.154057213168766e-16
spectrum,Roland hardware demo,13738.18359375,2.5466346255896815e-15
spectrum,Roland hardware demo,13743.56689453125,5.0201241445356915e-15
spectrum,Roland hardware demo,13748.9501953125,1.12094752052858e-15
spectrum,Roland hardware demo,13754.33349609375,1.0021165404393352e-16
spectrum,Roland hardware demo,13759.716796875,4.679307785653274e-17
spectrum,Roland hardware demo,13765.10009765625,3.050730111112742e-17
spectrum,Roland hardware demo,13770.4833984375,2.5688262667679235e-17
spectrum,Roland hardware demo,13775.86669921875,2.7275910122021664e-17
spectrum,Roland hardware demo,13781.25,1.63782257593867e-17
spectrum,Roland hardware demo,13786.63330078125,1.8504917040427886e-17
spectrum,Roland hardware demo,13792.0166015625,2.188028046950972e-17
spectrum,Roland hardware demo,13797.39990234375,2.2562982407551784e-17
spectrum,Roland hardware demo,13802.783203125,2.7227910485436437e-17
spectrum,Roland hardware demo,13808.16650390625,4.2477805641019155e-17
spectrum,Roland hardware demo,13813.5498046875,4.977392179379659e-16
spectrum,Roland hardware demo,13818.93310546875,2.2556334919451512e-15
spectrum,Roland hardware demo,13824.31640625,1.170668989807118e-15
spectrum,Roland hardware demo,13829.69970703125,3.61127044287273e-16
spectrum,Roland hardware demo,13835.0830078125,2.0388808312372096e-16
spectrum,Roland hardware demo,13840.46630859375,4.057264656290947e-17
spectrum,Roland hardware demo,13845.849609375,2.690332481307063e-17
spectrum,Roland hardware demo,13851.23291015625,1.0699730777628163e-16
spectrum,Roland hardware demo,13856.6162109375,4.93849325006819e-16
spectrum,Roland hardware demo,13861.99951171875,3.831718443631746e-16
spectrum,Roland hardware demo,13867.3828125,6.96636556466685e-17
spectrum,Roland hardware demo,13872.76611328125,7.618379763727688e-17
spectrum,Roland hardware demo,13878.1494140625,2.905691600763204e-17
spectrum,Roland hardware demo,13883.53271484375,1.2675973787113713e-17
spectrum,Roland hardware demo,13888.916015625,9.541913831964624e-18
spectrum,Roland hardware demo,13894.29931640625,5.0523257100646745e-18
spectrum,Roland hardware demo,13899.6826171875,4.705155111844025e-18
spectrum,Roland hardware demo,13905.06591796875,4.4118447248485405e-18
spectrum,Roland hardware demo,13910.44921875,5.50374836242722e-18
spectrum,Roland hardware demo,13915.83251953125,1.0386498324605767e-17
spectrum,Roland hardware demo,13921.2158203125,1.652981156972072e-17
spectrum,Roland hardware demo,13926.59912109375,6.754154694622085e-17
spectrum,Roland hardware demo,13931.982421875,4.4164837853343094e-16
spectrum,Roland hardware demo,13937.36572265625,6.847241762640761e-16
spectrum,Roland hardware demo,13942.7490234375,1.9482802019654195e-16
spectrum,Roland hardware demo,13948.13232421875,3.0917370936716905e-17
spectrum,Roland hardware demo,13953.515625,2.4488397484501666e-17
spectrum,Roland hardware demo,13958.89892578125,9.518855676081341e-17
spectrum,Roland hardware demo,13964.2822265625,3.517021086831744e-16
spectrum,Roland hardware demo,13969.66552734375,2.596071280039705e-16
spectrum,Roland hardware demo,13975.048828125,1.6422949760746218e-16
spectrum,Roland hardware demo,13980.43212890625,5.966590739454427e-17
spectrum,Roland hardware demo,13985.8154296875,9.290436036497478e-17
spectrum,Roland hardware demo,13991.19873046875,8.832829133721302e-17
spectrum,Roland hardware demo,13996.58203125,1.0769324129540209e-17
spectrum,Roland hardware demo,14001.96533203125,9.255752353413129e-18
spectrum,Roland hardware demo,14007.3486328125,3.7957207345135205e-17
spectrum,Roland hardware demo,14012.73193359375,9.426129391158636e-17
spectrum,Roland hardware demo,14018.115234375,3.1375370915720166e-17
spectrum,Roland hardware demo,14023.49853515625,2.7830202196132223e-18
spectrum,Roland hardware demo,14028.8818359375,1.2774561722011152e-18
spectrum,Roland hardware demo,14034.26513671875,1.1932353305679567e-18
spectrum,Roland hardware demo,14039.6484375,1.7253920514865964e-18
spectrum,Roland hardware demo,14045.03173828125,9.58232698156182e-19
spectrum,Roland hardware demo,14050.4150390625,1.5798858118596904e-18
spectrum,Roland hardware demo,14055.79833984375,1.8807299530791546e-18
spectrum,Roland hardware demo,14061.181640625,6.711063651189325e-19
spectrum,Roland hardware demo,14066.56494140625,1.3453813489718258e-19
spectrum,Roland hardware demo,14071.9482421875,1.06070688266776e-19
spectrum,Roland hardware demo,14077.33154296875,1.2125940452386883e-19
spectrum,Roland hardware demo,14082.71484375,3.8856687782526006e-19
spectrum,Roland hardware demo,14088.09814453125,1.6223581241942616e-18
spectrum,Roland hardware demo,14093.4814453125,1.2079548027731847e-18
spectrum,Roland hardware demo,14098.86474609375,3.479818297570169e-19
spectrum,Roland hardware demo,14104.248046875,2.635853931894499e-19
spectrum,Roland hardware demo,14109.63134765625,3.1752134313945207e-19
spectrum,Roland hardware demo,14115.0146484375,2.8072038787969757e-19
spectrum,Roland hardware demo,14120.39794921875,6.725023874989805e-19
spectrum,Roland hardware demo,14125.78125,5.493337880827934e-18
spectrum,Roland hardware demo,14131.16455078125,6.124432020452816e-18
spectrum,Roland hardware demo,14136.5478515625,9.52180114216555e-19
spectrum,Roland hardware demo,14141.93115234375,9.928278729149874e-19
spectrum,Roland hardware demo,14147.314453125,3.00445398805183e-18
spectrum,Roland hardware demo,14152.69775390625,2.4049854447866878e-18
spectrum,Roland hardware demo,14158.0810546875,1.935849960377238e-18
spectrum,Roland hardware demo,14163.46435546875,1.191150173679833e-17
spectrum,Roland hardware demo,14168.84765625,2.029123342557085e-17
spectrum,Roland hardware demo,14174.23095703125,6.962051652336263e-18
spectrum,Roland hardware demo,14179.6142578125,1.4436996229895724e-18
spectrum,Roland hardware demo,14184.99755859375,1.3056046114584118e-18
spectrum,Roland hardware demo,14190.380859375,8.646521424558636e-18
spectrum,Roland hardware demo,14195.76416015625,1.4477705510152215e-17
spectrum,Roland hardware demo,14201.1474609375,7.061913031786727e-18
spectrum,Roland hardware demo,14206.53076171875,5.451865526456363e-18
spectrum,Roland hardware demo,14211.9140625,2.9783328650783243e-18
spectrum,Roland hardware demo,14217.29736328125,1.4698730651368222e-18
spectrum,Roland hardware demo,14222.6806640625,1.6420101777897198e-18
spectrum,Roland hardware demo,14228.06396484375,1.844263075389295e-18
spectrum,Roland hardware demo,14233.447265625,3.5156234824687744e-18
spectrum,Roland hardware demo,14238.83056640625,1.6320761522232642e-17
spectrum,Roland hardware demo,14244.2138671875,3.5467780821877266e-17
spectrum,Roland hardware demo,14249.59716796875,2.0052446235061493e-17
spectrum,Roland hardware demo,14254.98046875,3.517155834553529e-18
spectrum,Roland hardware demo,14260.36376953125,1.5357067157286926e-18
spectrum,Roland hardware demo,14265.7470703125,2.089375922837999e-18
spectrum,Roland hardware demo,14271.13037109375,1.503485445930338e-18
spectrum,Roland hardware demo,14276.513671875,1.0481098008179782e-18
spectrum,Roland hardware demo,14281.89697265625,3.196934780689857e-18
spectrum,Roland hardware demo,14287.2802734375,1.7542879518249113e-18
spectrum,Roland hardware demo,14292.66357421875,8.482251730109307e-19
spectrum,Roland hardware demo,14298.046875,8.433216980385046e-19
spectrum,Roland hardware demo,14303.43017578125,6.019921679164651e-19
spectrum,Roland hardware demo,14308.8134765625,6.234006361451031e-19
spectrum,Roland hardware demo,14314.19677734375,2.954423416267632e-19
spectrum,Roland hardware demo,14319.580078125,3.110266828612037e-19
spectrum,Roland hardware demo,14324.96337890625,2.93018366389859e-19
spectrum,Roland hardware demo,14330.3466796875,3.6502394757411135e-19
spectrum,Roland hardware demo,14335.72998046875,3.966762205086061e-19
spectrum,Roland hardware demo,14341.11328125,1.3472691302260367e-19
spectrum,Roland hardware demo,14346.49658203125,1.9706687582447683e-19
spectrum,Roland hardware demo,14351.8798828125,1.7743600580751817e-19
spectrum,Roland hardware demo,14357.26318359375,6.612678272144385e-19
spectrum,Roland hardware demo,14362.646484375,1.0227021211227994e-18
spectrum,Roland hardware demo,14368.02978515625,2.812934172490437e-19
spectrum,Roland hardware demo,14373.4130859375,1.5158276010550885e-19
spectrum,Roland hardware demo,14378.79638671875,3.9554657613519423e-19
spectrum,Roland hardware demo,14384.1796875,7.218396785322824e-19
spectrum,Roland hardware demo,14389.56298828125,5.8814392369140855e-19
spectrum,Roland hardware demo,14394.9462890625,1.1090990681524317e-18
spectrum,Roland hardware demo,14400.32958984375,2.573837409636831e-18
spectrum,Roland hardware demo,14405.712890625,1.2313090065977006e-18
spectrum,Roland hardware demo,14411.09619140625,3.220889310843933e-19
spectrum,Roland hardware demo,14416.4794921875,5.701176935899233e-19
spectrum,Roland hardware demo,14421.86279296875,2.0552950476250484e-18
spectrum,Roland hardware demo,14427.24609375,1.7392754508876864e-18
spectrum,Roland hardware demo,14432.62939453125,1.054158352252119e-18
spectrum,Roland hardware demo,14438.0126953125,7.939584542134839e-19
spectrum,Roland hardware demo,14443.39599609375,7.489674803112653e-19
spectrum,Roland hardware demo,14448.779296875,1.2704575004358806e-18
spectrum,Roland hardware demo,14454.16259765625,3.523567725071734e-18
spectrum,Roland hardware demo,14459.5458984375,9.249655205118e-18
spectrum,Roland hardware demo,14464.92919921875,1.1121509510224461e-17
spectrum,Roland hardware demo,14470.3125,5.6042743814998706e-18
spectrum,Roland hardware demo,14475.69580078125,7.12708328352733e-18
spectrum,Roland hardware demo,14481.0791015625,6.391276763749666e-18
spectrum,Roland hardware demo,14486.46240234375,3.082620901576866e-18
spectrum,Roland hardware demo,14491.845703125,2.2532325439689344e-18
spectrum,Roland hardware demo,14497.22900390625,2.2239085776636233e-18
spectrum,Roland hardware demo,14502.6123046875,1.7230561968343232e-18
spectrum,Roland hardware demo,14507.99560546875,1.6319119568716725e-18
spectrum,Roland hardware demo,14513.37890625,1.145451588122606e-18
spectrum,Roland hardware demo,14518.76220703125,1.1907777769680616e-18
spectrum,Roland hardware demo,14524.1455078125,6.291176949487634e-19
spectrum,Roland hardware demo,14529.52880859375,4.718823444285851e-19
spectrum,Roland hardware demo,14534.912109375,3.331787864605269e-19
spectrum,Roland hardware demo,14540.29541015625,3.244901330050582e-19
spectrum,Roland hardware demo,14545.6787109375,1.7268483546537843e-19
spectrum,Roland hardware demo,14551.06201171875,2.8041115157757345e-19
spectrum,Roland hardware demo,14556.4453125,4.423293007923851e-19
spectrum,Roland hardware demo,14561.82861328125,2.9508905795702065e-19
spectrum,Roland hardware demo,14567.2119140625,1.264039121719746e-19
spectrum,Roland hardware demo,14572.59521484375,1.4939137771709688e-19
spectrum,Roland hardware demo,14577.978515625,2.452292214211325e-19
spectrum,Roland hardware demo,14583.36181640625,2.1302873453566825e-19
spectrum,Roland hardware demo,14588.7451171875,2.710334308224539e-19
spectrum,Roland hardware demo,14594.12841796875,3.3576398436869654e-19
spectrum,Roland hardware demo,14599.51171875,2.9943229901020103e-19
spectrum,Roland hardware demo,14604.89501953125,1.6510330639114482e-18
spectrum,Roland hardware demo,14610.2783203125,2.7151171699238974e-18
spectrum,Roland hardware demo,14615.66162109375,1.3538095956307052e-18
spectrum,Roland hardware demo,14621.044921875,9.80684861522709e-19
spectrum,Roland hardware demo,14626.42822265625,1.5812705122051041e-18
spectrum,Roland hardware demo,14631.8115234375,3.0378605042703967e-18
spectrum,Roland hardware demo,14637.19482421875,3.223985241081566e-18
spectrum,Roland hardware demo,14642.578125,4.447256326871936e-18
spectrum,Roland hardware demo,14647.96142578125,2.7039365831743244e-18
spectrum,Roland hardware demo,14653.3447265625,8.597084975249404e-18
spectrum,Roland hardware demo,14658.72802734375,9.118996237100962e-18
spectrum,Roland hardware demo,14664.111328125,3.4234718399176106e-18
spectrum,Roland hardware demo,14669.49462890625,4.218611611443397e-18
spectrum,Roland hardware demo,14674.8779296875,3.2102747224284996e-18
spectrum,Roland hardware demo,14680.26123046875,2.3909136550010888e-18
spectrum,Roland hardware demo,14685.64453125,4.863801735886795e-18
spectrum,Roland hardware demo,14691.02783203125,2.6928858224218916e-17
spectrum,Roland hardware demo,14696.4111328125,4.930542059148085e-17
spectrum,Roland hardware demo,14701.79443359375,1.905319716584641e-17
spectrum,Roland hardware demo,14707.177734375,4.91859169812047e-18
spectrum,Roland hardware demo,14712.56103515625,4.074189185214088e-18
spectrum,Roland hardware demo,14717.9443359375,2.634230486544787e-18
spectrum,Roland hardware demo,14723.32763671875,1.8776340228415217e-18
spectrum,Roland hardware demo,14728.7109375,1.7244395530112416e-18
spectrum,Roland hardware demo,14734.09423828125,4.681853433988406e-18
spectrum,Roland hardware demo,14739.4775390625,4.119543911790677e-18
spectrum,Roland hardware demo,14744.86083984375,7.231652147843834e-18
spectrum,Roland hardware demo,14750.244140625,4.183383229925682e-18
spectrum,Roland hardware demo,14755.62744140625,7.916261667776023e-19
spectrum,Roland hardware demo,14761.0107421875,7.412091982497656e-19
spectrum,Roland hardware demo,14766.39404296875,2.582384253316035e-18
spectrum,Roland hardware demo,14771.77734375,7.64832783780517e-18
spectrum,Roland hardware demo,14777.16064453125,4.810829916639512e-18
spectrum,Roland hardware demo,14782.5439453125,1.6813742555750464e-18
spectrum,Roland hardware demo,14787.92724609375,2.1078249456300753e-18
spectrum,Roland hardware demo,14793.310546875,1.5335643179421802e-18
spectrum,Roland hardware demo,14798.69384765625,6.452783225762119e-19
spectrum,Roland hardware demo,14804.0771484375,4.607536632624498e-19
spectrum,Roland hardware demo,14809.46044921875,2.837371776122244e-18
spectrum,Roland hardware demo,14814.84375,3.1544243146495317e-18
spectrum,Roland hardware demo,14820.22705078125,6.2420031300228875e-19
spectrum,Roland hardware demo,14825.6103515625,4.572897410498074e-19
spectrum,Roland hardware demo,14830.99365234375,7.143608284214608e-19
spectrum,Roland hardware demo,14836.376953125,9.988490239913374e-19
spectrum,Roland hardware demo,14841.76025390625,1.305393163414328e-18
spectrum,Roland hardware demo,14847.1435546875,2.219139881432255e-18
spectrum,Roland hardware demo,14852.52685546875,2.645482831212499e-18
spectrum,Roland hardware demo,14857.91015625,2.5634935160768554e-18
spectrum,Roland hardware demo,14863.29345703125,2.766554775930048e-18
spectrum,Roland hardware demo,14868.6767578125,3.18267335974883e-18
spectrum,Roland hardware demo,14874.06005859375,3.657208679197026e-18
spectrum,Roland hardware demo,14879.443359375,5.139975008541712e-18
spectrum,Roland hardware demo,14884.82666015625,5.931603811957517e-18
spectrum,Roland hardware demo,14890.2099609375,6.701553452289226e-18
spectrum,Roland hardware demo,14895.59326171875,4.661039915415347e-18
spectrum,Roland hardware demo,14900.9765625,5.0728158010182256e-18
spectrum,Roland hardware demo,14906.35986328125,5.02019966943434e-18
spectrum,Roland hardware demo,14911.7431640625,4.820070764852648e-18
spectrum,Roland hardware demo,14917.12646484375,4.818850673449132e-18
spectrum,Roland hardware demo,14922.509765625,1.720231933389368e-17
spectrum,Roland hardware demo,14927.89306640625,2.9775802134389623e-17
spectrum,Roland hardware demo,14933.2763671875,1.50850380595009e-17
spectrum,Roland hardware demo,14938.65966796875,5.530278112623327e-18
spectrum,Roland hardware demo,14944.04296875,4.640741730363908e-18
spectrum,Roland hardware demo,14949.42626953125,1.6274401357621495e-17
spectrum,Roland hardware demo,14954.8095703125,1.646851086888564e-17
spectrum,Roland hardware demo,14960.19287109375,7.95362613982808e-18
spectrum,Roland hardware demo,14965.576171875,2.4990856767068427e-17
spectrum,Roland hardware demo,14970.95947265625,3.163511886295162e-17
spectrum,Roland hardware demo,14976.3427734375,4.2344884334026783e-17
spectrum,Roland hardware demo,14981.72607421875,1.1177928191084253e-17
spectrum,Roland hardware demo,14987.109375,2.923315014585891e-18
spectrum,Roland hardware demo,14992.49267578125,3.3089644005412825e-18
spectrum,Roland hardware demo,14997.8759765625,2.0497782078886567e-17
spectrum,Roland hardware demo,15003.25927734375,7.240168964866802e-17
spectrum,Roland hardware demo,15008.642578125,4.7233621015888683e-17
spectrum,Roland hardware demo,15014.02587890625,7.389166361628019e-18
spectrum,Roland hardware demo,15019.4091796875,1.980340283213709e-18
spectrum,Roland hardware demo,15024.79248046875,1.38949726918354e-18
spectrum,Roland hardware demo,15030.17578125,9.145066902057102e-19
spectrum,Roland hardware demo,15035.55908203125,1.0411207450273645e-18
spectrum,Roland hardware demo,15040.9423828125,2.5610065975652147e-18
spectrum,Roland hardware demo,15046.32568359375,4.534422138280936e-18
spectrum,Roland hardware demo,15051.708984375,2.7143640633351984e-17
spectrum,Roland hardware demo,15057.09228515625,4.560111059384383e-17
spectrum,Roland hardware demo,15062.4755859375,7.686201956512136e-17
spectrum,Roland hardware demo,15067.85888671875,1.875098143509424e-16
spectrum,Roland hardware demo,15073.2421875,1.5999414758273347e-16
spectrum,Roland hardware demo,15078.62548828125,8.132833429874264e-16
spectrum,Roland hardware demo,15084.0087890625,1.0494700099998155e-15
spectrum,Roland hardware demo,15089.39208984375,2.4070635540959925e-16
spectrum,Roland hardware demo,15094.775390625,6.638536020810853e-17
spectrum,Roland hardware demo,15100.15869140625,1.1038643218203389e-16
spectrum,Roland hardware demo,15105.5419921875,5.488038167730531e-16
spectrum,Roland hardware demo,15110.92529296875,9.64159604409441e-16
spectrum,Roland hardware demo,15116.30859375,2.7700416830103713e-15
spectrum,Roland hardware demo,15121.69189453125,5.138155221120263e-15
spectrum,Roland hardware demo,15127.0751953125,1.0897794609267004e-15
spectrum,Roland hardware demo,15132.45849609375,8.115521929316958e-17
spectrum,Roland hardware demo,15137.841796875,3.444454186053692e-17
spectrum,Roland hardware demo,15143.22509765625,2.084999723807287e-17
spectrum,Roland hardware demo,15148.6083984375,1.6103922742096767e-17
spectrum,Roland hardware demo,15153.99169921875,1.3410470466391399e-17
spectrum,Roland hardware demo,15159.375,8.177600179927838e-18
spectrum,Roland hardware demo,15164.75830078125,1.114333384350606e-17
spectrum,Roland hardware demo,15170.1416015625,1.1619698059288611e-17
spectrum,Roland hardware demo,15175.52490234375,1.1467266043187952e-17
spectrum,Roland hardware demo,15180.908203125,1.3855624330481711e-17
spectrum,Roland hardware demo,15186.29150390625,2.3445147369782437e-17
spectrum,Roland hardware demo,15191.6748046875,1.9945821992358917e-16
spectrum,Roland hardware demo,15197.05810546875,8.792538158700579e-16
spectrum,Roland hardware demo,15202.44140625,4.1730793388201296e-16
spectrum,Roland hardware demo,15207.82470703125,8.474371407888183e-17
spectrum,Roland hardware demo,15213.2080078125,3.410943114205699e-17
spectrum,Roland hardware demo,15218.59130859375,4.310768217078236e-18
spectrum,Roland hardware demo,15223.974609375,1.397606430921127e-18
spectrum,Roland hardware demo,15229.35791015625,1.0207750384497346e-17
spectrum,Roland hardware demo,15234.7412109375,7.922019237750183e-17
spectrum,Roland hardware demo,15240.12451171875,8.004757151340187e-17
spectrum,Roland hardware demo,15245.5078125,4.533707785103935e-17
spectrum,Roland hardware demo,15250.89111328125,1.0601236727730248e-16
spectrum,Roland hardware demo,15256.2744140625,6.257174656432876e-17
spectrum,Roland hardware demo,15261.65771484375,8.68320208707781e-17
spectrum,Roland hardware demo,15267.041015625,6.19655952288948e-17
spectrum,Roland hardware demo,15272.42431640625,1.7659627789904847e-17
spectrum,Roland hardware demo,15277.8076171875,1.2455176120566158e-17
spectrum,Roland hardware demo,15283.19091796875,6.175948829002619e-18
spectrum,Roland hardware demo,15288.57421875,4.754101870230625e-18
spectrum,Roland hardware demo,15293.95751953125,5.596569194093939e-18
spectrum,Roland hardware demo,15299.3408203125,6.7235655555698744e-18
spectrum,Roland hardware demo,15304.72412109375,1.5367798171373576e-17
spectrum,Roland hardware demo,15310.107421875,7.504207001627199e-17
spectrum,Roland hardware demo,15315.49072265625,1.0160251523054958e-16
spectrum,Roland hardware demo,15320.8740234375,2.6138599645487805e-17
spectrum,Roland hardware demo,15326.25732421875,4.462186936928518e-18
spectrum,Roland hardware demo,15331.640625,3.892735537322006e-18
spectrum,Roland hardware demo,15337.02392578125,1.4046259683173132e-17
spectrum,Roland hardware demo,15342.4072265625,5.55465148568057e-17
spectrum,Roland hardware demo,15347.79052734375,5.257142412613827e-17
spectrum,Roland hardware demo,15353.173828125,4.262715144625438e-17
spectrum,Roland hardware demo,15358.55712890625,2.4437863366519577e-17
spectrum,Roland hardware demo,15363.9404296875,5.774775496337261e-17
spectrum,Roland hardware demo,15369.32373046875,5.877174500470915e-17
spectrum,Roland hardware demo,15374.70703125,1.0539683902244463e-17
spectrum,Roland hardware demo,15380.09033203125,1.4190819421384124e-17
spectrum,Roland hardware demo,15385.4736328125,7.49658370510191e-17
spectrum,Roland hardware demo,15390.85693359375,2.2052861447279312e-16
spectrum,Roland hardware demo,15396.240234375,7.485630510302728e-17
spectrum,Roland hardware demo,15401.62353515625,1.0034963935063594e-17
spectrum,Roland hardware demo,15407.0068359375,6.958575012221703e-18
spectrum,Roland hardware demo,15412.39013671875,9.015487818329752e-18
spectrum,Roland hardware demo,15417.7734375,1.2141697829465712e-17
spectrum,Roland hardware demo,15423.15673828125,8.424593829294334e-18
spectrum,Roland hardware demo,15428.5400390625,1.016141338094335e-17
spectrum,Roland hardware demo,15433.92333984375,1.5429284160665868e-17
spectrum,Roland hardware demo,15439.306640625,6.932136665483283e-18
spectrum,Roland hardware demo,15444.68994140625,1.2515920956029602e-18
spectrum,Roland hardware demo,15450.0732421875,9.437633446886748e-19
spectrum,Roland hardware demo,15455.45654296875,1.3129180254467229e-18
spectrum,Roland hardware demo,15460.83984375,8.714003646111324e-18
spectrum,Roland hardware demo,15466.22314453125,4.821039227913825e-17
spectrum,Roland hardware demo,15471.6064453125,4.3355427727325666e-17
spectrum,Roland hardware demo,15476.98974609375,9.381154588637393e-18
spectrum,Roland hardware demo,15482.373046875,3.629691688939837e-18
spectrum,Roland hardware demo,15487.75634765625,1.862850650933974e-18
spectrum,Roland hardware demo,15493.1396484375,1.5576658794501378e-18
spectrum,Roland hardware demo,15498.52294921875,9.486612672112391e-18
spectrum,Roland hardware demo,15503.90625,7.178653197072459e-17
spectrum,Roland hardware demo,15509.28955078125,7.044391857487751e-17
spectrum,Roland hardware demo,15514.6728515625,8.95158149856513e-18
spectrum,Roland hardware demo,15520.05615234375,4.236953100755841e-18
spectrum,Roland hardware demo,15525.439453125,9.01347197917696e-18
spectrum,Roland hardware demo,15530.82275390625,6.1969695563191224e-18
spectrum,Roland hardware demo,15536.2060546875,3.1565973181187085e-18
spectrum,Roland hardware demo,15541.58935546875,9.27023876748077e-18
spectrum,Roland hardware demo,15546.97265625,1.1790833456219707e-17
spectrum,Roland hardware demo,15552.35595703125,4.006686697736392e-18
spectrum,Roland hardware demo,15557.7392578125,1.992123884629833e-18
spectrum,Roland hardware demo,15563.12255859375,2.060898989479942e-18
spectrum,Roland hardware demo,15568.505859375,2.3121865334062012e-18
spectrum,Roland hardware demo,15573.88916015625,3.0106348883839795e-18
spectrum,Roland hardware demo,15579.2724609375,2.8698297229733654e-18
spectrum,Roland hardware demo,15584.65576171875,2.899809229914125e-18
spectrum,Roland hardware demo,15590.0390625,3.2103090504239205e-18
spectrum,Roland hardware demo,15595.42236328125,2.6154040625982332e-18
spectrum,Roland hardware demo,15600.8056640625,2.5774447442881748e-18
spectrum,Roland hardware demo,15606.18896484375,2.2681991363821626e-18
spectrum,Roland hardware demo,15611.572265625,2.5200677746887403e-18
spectrum,Roland hardware demo,15616.95556640625,6.607122513560172e-18
spectrum,Roland hardware demo,15622.3388671875,1.1644507687400914e-17
spectrum,Roland hardware demo,15627.72216796875,7.786755686135307e-18
spectrum,Roland hardware demo,15633.10546875,1.368109170277486e-18
spectrum,Roland hardware demo,15638.48876953125,5.791525738305337e-19
spectrum,Roland hardware demo,15643.8720703125,2.7320829544800897e-19
spectrum,Roland hardware demo,15649.25537109375,4.2052939518825048e-19
spectrum,Roland hardware demo,15654.638671875,4.393970489184612e-19
spectrum,Roland hardware demo,15660.02197265625,2.5624707072494336e-18
spectrum,Roland hardware demo,15665.4052734375,2.173934460956232e-18
spectrum,Roland hardware demo,15670.78857421875,1.1905920749205435e-18
spectrum,Roland hardware demo,15676.171875,2.026886149872374e-18
spectrum,Roland hardware demo,15681.55517578125,7.572725804564508e-19
spectrum,Roland hardware demo,15686.9384765625,2.94668720958873e-19
spectrum,Roland hardware demo,15692.32177734375,4.353754001778049e-19
spectrum,Roland hardware demo,15697.705078125,1.113959167841487e-18
spectrum,Roland hardware demo,15703.08837890625,9.189108065820957e-19
spectrum,Roland hardware demo,15708.4716796875,6.736202186992694e-19
spectrum,Roland hardware demo,15713.85498046875,6.165069129200862e-19
spectrum,Roland hardware demo,15719.23828125,1.3051038569950875e-19
spectrum,Roland hardware demo,15724.62158203125,8.94803596981518e-20
spectrum,Roland hardware demo,15730.0048828125,4.8916385348483125e-20
spectrum,Roland hardware demo,15735.38818359375,7.346082452628041e-20
spectrum,Roland hardware demo,15740.771484375,1.8594616919643443e-19
spectrum,Roland hardware demo,15746.15478515625,1.2148300178319957e-19
spectrum,Roland hardware demo,15751.5380859375,1.775450902507986e-19
spectrum,Roland hardware demo,15756.92138671875,6.251222057949791e-19
spectrum,Roland hardware demo,15762.3046875,1.0026482645447935e-18
spectrum,Roland hardware demo,15767.68798828125,8.76583561047451e-19
spectrum,Roland hardware demo,15773.0712890625,3.124083743371393e-18
spectrum,Roland hardware demo,15778.45458984375,8.474021179616828e-18
spectrum,Roland hardware demo,15783.837890625,3.901741052650871e-18
spectrum,Roland hardware demo,15789.22119140625,8.576249432992536e-19
spectrum,Roland hardware demo,15794.6044921875,9.43219059845615e-19
spectrum,Roland hardware demo,15799.98779296875,2.4165242007414962e-18
spectrum,Roland hardware demo,15805.37109375,1.801224868118161e-18
spectrum,Roland hardware demo,15810.75439453125,1.7314196132126937e-18
spectrum,Roland hardware demo,15816.1376953125,1.7211049811668872e-18
spectrum,Roland hardware demo,15821.52099609375,1.8464160197286173e-18
spectrum,Roland hardware demo,15826.904296875,2.110035172226817e-18
spectrum,Roland hardware demo,15832.28759765625,3.341184946556601e-18
spectrum,Roland hardware demo,15837.6708984375,5.416971739496426e-18
spectrum,Roland hardware demo,15843.05419921875,6.308066943620201e-18
spectrum,Roland hardware demo,15848.4375,5.4167872782198264e-18
spectrum,Roland hardware demo,15853.82080078125,7.56186512991684e-18
spectrum,Roland hardware demo,15859.2041015625,6.3212364861526575e-18
spectrum,Roland hardware demo,15864.58740234375,3.931365285518539e-18
spectrum,Roland hardware demo,15869.970703125,2.700705202111386e-18
spectrum,Roland hardware demo,15875.35400390625,2.1838730360160568e-18
spectrum,Roland hardware demo,15880.7373046875,2.861946484940582e-18
spectrum,Roland hardware demo,15886.12060546875,1.5286432136829491e-18
spectrum,Roland hardware demo,15891.50390625,2.6106450857390625e-18
spectrum,Roland hardware demo,15896.88720703125,2.193556632652062e-18
spectrum,Roland hardware demo,15902.2705078125,1.1748152590973196e-18
spectrum,Roland hardware demo,15907.65380859375,1.4763705688484262e-18
spectrum,Roland hardware demo,15913.037109375,9.02701540734629e-18
spectrum,Roland hardware demo,15918.42041015625,1.926573460679701e-17
spectrum,Roland hardware demo,15923.8037109375,7.085318934399528e-18
spectrum,Roland hardware demo,15929.18701171875,8.811738964592374e-19
spectrum,Roland hardware demo,15934.5703125,6.220223464494366e-19
spectrum,Roland hardware demo,15939.95361328125,8.958964705917625e-19
spectrum,Roland hardware demo,15945.3369140625,5.26590002191311e-19
spectrum,Roland hardware demo,15950.72021484375,1.6343571027623792e-18
spectrum,Roland hardware demo,15956.103515625,5.325195636943361e-18
spectrum,Roland hardware demo,15961.48681640625,3.21046518076454e-18
spectrum,Roland hardware demo,15966.8701171875,8.752528342370063e-19
spectrum,Roland hardware demo,15972.25341796875,7.753648816093638e-19
spectrum,Roland hardware demo,15977.63671875,7.020201208627822e-19
spectrum,Roland hardware demo,15983.02001953125,1.9033884980085134e-18
spectrum,Roland hardware demo,15988.4033203125,2.128743516140929e-18
spectrum,Roland hardware demo,15993.78662109375,2.051861834492647e-18
spectrum,Roland hardware demo,15999.169921875,2.2585010640854378e-18
spectrum,Roland hardware demo,16004.55322265625,2.431465977736348e-18
spectrum,Roland hardware demo,16009.9365234375,2.8985645298873857e-18
spectrum,Roland hardware demo,16015.31982421875,3.109090681178563e-18
spectrum,Roland hardware demo,16020.703125,4.14084463974453e-18
spectrum,Roland hardware demo,16026.08642578125,4.721235916542362e-18
spectrum,Roland hardware demo,16031.4697265625,5.0405648561153956e-18
spectrum,Roland hardware demo,16036.85302734375,5.678530385088756e-18
spectrum,Roland hardware demo,16042.236328125,4.594318286435901e-18
spectrum,Roland hardware demo,16047.61962890625,5.319964960339882e-18
spectrum,Roland hardware demo,16053.0029296875,5.8201412244159965e-18
spectrum,Roland hardware demo,16058.38623046875,4.055719896497004e-18
spectrum,Roland hardware demo,16063.76953125,5.742062819216504e-18
spectrum,Roland hardware demo,16069.15283203125,3.0051795908851616e-17
spectrum,Roland hardware demo,16074.5361328125,4.472729353835506e-17
spectrum,Roland hardware demo,16079.91943359375,1.9352355306182337e-17
spectrum,Roland hardware demo,16085.302734375,6.329059546795878e-18
spectrum,Roland hardware demo,16090.68603515625,4.346871342093725e-18
spectrum,Roland hardware demo,16096.0693359375,3.039257819120152e-18
spectrum,Roland hardware demo,16101.45263671875,2.269774708653923e-18
spectrum,Roland hardware demo,16106.8359375,2.037888272404789e-18
spectrum,Roland hardware demo,16112.21923828125,4.0844127239949375e-18
spectrum,Roland hardware demo,16117.6025390625,1.9767606591128858e-18
spectrum,Roland hardware demo,16122.98583984375,2.036949008819235e-18
spectrum,Roland hardware demo,16128.369140625,1.2728952017010743e-18
spectrum,Roland hardware demo,16133.75244140625,3.9712705979184164e-19
spectrum,Roland hardware demo,16139.1357421875,4.072270384686907e-19
spectrum,Roland hardware demo,16144.51904296875,2.8483633521018487e-18
spectrum,Roland hardware demo,16149.90234375,1.0871787819197765e-17
spectrum,Roland hardware demo,16155.28564453125,7.783304688619736e-18
spectrum,Roland hardware demo,16160.6689453125,2.3985086205903976e-18
spectrum,Roland hardware demo,16166.05224609375,6.951409146575156e-18
spectrum,Roland hardware demo,16171.435546875,1.0516587365180757e-17
spectrum,Roland hardware demo,16176.81884765625,4.4211033574448466e-18
spectrum,Roland hardware demo,16182.2021484375,9.141756938835971e-18
spectrum,Roland hardware demo,16187.58544921875,7.524785931778538e-17
spectrum,Roland hardware demo,16192.96875,7.790592811560818e-17
spectrum,Roland hardware demo,16198.35205078125,9.967410575978226e-18
spectrum,Roland hardware demo,16203.7353515625,1.86800667448717e-18
spectrum,Roland hardware demo,16209.11865234375,1.937450141272222e-18
spectrum,Roland hardware demo,16214.501953125,3.480055543309607e-18
spectrum,Roland hardware demo,16219.88525390625,9.253738995802175e-18
spectrum,Roland hardware demo,16225.2685546875,4.532411758520187e-17
spectrum,Roland hardware demo,16230.65185546875,4.6523112574375035e-17
spectrum,Roland hardware demo,16236.03515625,9.076732270883178e-18
spectrum,Roland hardware demo,16241.41845703125,2.1958969334001276e-18
spectrum,Roland hardware demo,16246.8017578125,1.983518931512597e-18
spectrum,Roland hardware demo,16252.18505859375,2.0738046613969944e-18
spectrum,Roland hardware demo,16257.568359375,3.0099919622528726e-18
spectrum,Roland hardware demo,16262.95166015625,3.715255251502322e-18
spectrum,Roland hardware demo,16268.3349609375,3.571141363641496e-18
spectrum,Roland hardware demo,16273.71826171875,2.5117006359976133e-18
spectrum,Roland hardware demo,16279.1015625,3.1374592538763754e-18
spectrum,Roland hardware demo,16284.48486328125,2.762387853594312e-18
spectrum,Roland hardware demo,16289.8681640625,2.4863039164455508e-18
spectrum,Roland hardware demo,16295.25146484375,2.7056269267560765e-18
spectrum,Roland hardware demo,16300.634765625,1.1245402968011429e-17
spectrum,Roland hardware demo,16306.01806640625,2.6988934697747417e-17
spectrum,Roland hardware demo,16311.4013671875,1.0124942987735887e-17
spectrum,Roland hardware demo,16316.78466796875,1.7063674143857596e-18
spectrum,Roland hardware demo,16322.16796875,9.827000802900412e-19
spectrum,Roland hardware demo,16327.55126953125,2.997915952490211e-18
spectrum,Roland hardware demo,16332.9345703125,2.561865831426504e-18
spectrum,Roland hardware demo,16338.31787109375,1.4577523876210827e-18
spectrum,Roland hardware demo,16343.701171875,4.0717155015922485e-18
spectrum,Roland hardware demo,16349.08447265625,8.937031391590322e-18
spectrum,Roland hardware demo,16354.4677734375,1.4967317023444803e-17
spectrum,Roland hardware demo,16359.85107421875,5.3159618197654316e-18
spectrum,Roland hardware demo,16365.234375,2.1085849178178584e-18
spectrum,Roland hardware demo,16370.61767578125,3.4227368899433573e-18
spectrum,Roland hardware demo,16376.0009765625,2.757299038465886e-17
spectrum,Roland hardware demo,16381.38427734375,1.0363190029305248e-16
spectrum,Roland hardware demo,16386.767578125,7.090788087173606e-17
spectrum,Roland hardware demo,16392.15087890625,1.185094632569516e-17
spectrum,Roland hardware demo,16397.5341796875,3.105301780382764e-18
spectrum,Roland hardware demo,16402.91748046875,2.018064268639496e-18
spectrum,Roland hardware demo,16408.30078125,1.1012451950313939e-18
spectrum,Roland hardware demo,16413.68408203125,8.261433280648862e-19
spectrum,Roland hardware demo,16419.0673828125,1.5672698599521847e-18
spectrum,Roland hardware demo,16424.45068359375,3.1472547266902283e-18
spectrum,Roland hardware demo,16429.833984375,2.7666994498191835e-17
spectrum,Roland hardware demo,16435.21728515625,5.333765145371349e-17
spectrum,Roland hardware demo,16440.6005859375,1.1103593439901053e-16
spectrum,Roland hardware demo,16445.98388671875,2.9382283861985076e-16
spectrum,Roland hardware demo,16451.3671875,2.6632817562175577e-16
spectrum,Roland hardware demo,16456.75048828125,1.3878713191309332e-15
spectrum,Roland hardware demo,16462.1337890625,1.7927138926446783e-15
spectrum,Roland hardware demo,16467.51708984375,4.078166650102325e-16
spectrum,Roland hardware demo,16472.900390625,1.0294864910708368e-16
spectrum,Roland hardware demo,16478.28369140625,1.5661383761358857e-16
spectrum,Roland hardware demo,16483.6669921875,7.291666185779699e-16
spectrum,Roland hardware demo,16489.05029296875,1.183700485821507e-15
spectrum,Roland hardware demo,16494.43359375,2.8606716672677397e-15
spectrum,Roland hardware demo,16499.81689453125,5.042461250387735e-15
spectrum,Roland hardware demo,16505.2001953125,1.0309207296087751e-15
spectrum,Roland hardware demo,16510.58349609375,5.539467096612056e-17
spectrum,Roland hardware demo,16515.966796875,1.794528303392146e-17
spectrum,Roland hardware demo,16521.35009765625,8.10751647534867e-18
spectrum,Roland hardware demo,16526.7333984375,4.5793066126792884e-18
spectrum,Roland hardware demo,16532.11669921875,2.622145171000234e-18
spectrum,Roland hardware demo,16537.5,2.071929856538643e-18
spectrum,Roland hardware demo,16542.88330078125,3.675922399785119e-18
spectrum,Roland hardware demo,16548.2666015625,4.435310184465445e-18
spectrum,Roland hardware demo,16553.64990234375,8.884454137495226e-18
spectrum,Roland hardware demo,16559.033203125,2.180949697013233e-17
spectrum,Roland hardware demo,16564.41650390625,6.821757188235839e-17
spectrum,Roland hardware demo,16569.7998046875,1.284731505275566e-15
spectrum,Roland hardware demo,16575.18310546875,6.2906185082755705e-15
spectrum,Roland hardware demo,16580.56640625,3.6801336920889126e-15
spectrum,Roland hardware demo,16585.94970703125,1.6367050350787763e-15
spectrum,Roland hardware demo,16591.3330078125,1.045480273060011e-15
spectrum,Roland hardware demo,16596.71630859375,2.393251887797623e-16
spectrum,Roland hardware demo,16602.099609375,1.812469321482829e-16
spectrum,Roland hardware demo,16607.48291015625,8.362947929446024e-16
spectrum,Roland hardware demo,16612.8662109375,4.0120283058774596e-15
spectrum,Roland hardware demo,16618.24951171875,3.243525477229e-15
spectrum,Roland hardware demo,16623.6328125,7.687629736423851e-16
spectrum,Roland hardware demo,16629.01611328125,1.0635751202748493e-15
spectrum,Roland hardware demo,16634.3994140625,4.74543750072999e-16
spectrum,Roland hardware demo,16639.78271484375,3.583157948748952e-16
spectrum,Roland hardware demo,16645.166015625,2.1872730626622825e-16
spectrum,Roland hardware demo,16650.54931640625,3.8463858779046384e-17
spectrum,Roland hardware demo,16655.9326171875,2.1495681189341963e-17
spectrum,Roland hardware demo,16661.31591796875,6.910552214579324e-18
spectrum,Roland hardware demo,16666.69921875,3.6964741156943056e-18
spectrum,Roland hardware demo,16672.08251953125,2.8712369639904713e-18
spectrum,Roland hardware demo,16677.4658203125,1.947066115893151e-18
spectrum,Roland hardware demo,16682.84912109375,1.3586849981610928e-18
spectrum,Roland hardware demo,16688.232421875,2.0511490115997795e-18
spectrum,Roland hardware demo,16693.61572265625,3.034404130080844e-18
spectrum,Roland hardware demo,16698.9990234375,1.836160841289338e-18
spectrum,Roland hardware demo,16704.38232421875,9.8816071310381e-19
spectrum,Roland hardware demo,16709.765625,1.3977882038607355e-18
spectrum,Roland hardware demo,16715.14892578125,1.0397794303050791e-17
spectrum,Roland hardware demo,16720.5322265625,4.2146791120932584e-17
spectrum,Roland hardware demo,16725.91552734375,3.617023252422465e-17
spectrum,Roland hardware demo,16731.298828125,3.1205312507946614e-17
spectrum,Roland hardware demo,16736.68212890625,1.1886135416133779e-17
spectrum,Roland hardware demo,16742.0654296875,2.90173701569071e-17
spectrum,Roland hardware demo,16747.44873046875,2.932119690462028e-17
spectrum,Roland hardware demo,16752.83203125,4.0586427391914605e-18
spectrum,Roland hardware demo,16758.21533203125,5.298964498948386e-18
spectrum,Roland hardware demo,16763.5986328125,2.7791792891568935e-17
spectrum,Roland hardware demo,16768.98193359375,7.48847270288746e-17
spectrum,Roland hardware demo,16774.365234375,2.735244418101752e-17
spectrum,Roland hardware demo,16779.74853515625,2.442579562856304e-18
spectrum,Roland hardware demo,16785.1318359375,1.3647448199310797e-18
spectrum,Roland hardware demo,16790.51513671875,1.9786944005898816e-18
spectrum,Roland hardware demo,16795.8984375,3.0608193157621122e-18
spectrum,Roland hardware demo,16801.28173828125,1.7831660677800563e-18
spectrum,Roland hardware demo,16806.6650390625,2.404647955096766e-18
spectrum,Roland hardware demo,16812.04833984375,3.002036552711644e-18
spectrum,Roland hardware demo,16817.431640625,1.221795188782422e-18
spectrum,Roland hardware demo,16822.81494140625,1.013882902377518e-19
spectrum,Roland hardware demo,16828.1982421875,4.9244032881585086e-20
spectrum,Roland hardware demo,16833.58154296875,3.436874375964169e-20
spectrum,Roland hardware demo,16838.96484375,1.7338357043843846e-19
spectrum,Roland hardware demo,16844.34814453125,1.3090222115567512e-18
spectrum,Roland hardware demo,16849.7314453125,1.649438259690446e-18
spectrum,Roland hardware demo,16855.11474609375,6.362319652046022e-19
spectrum,Roland hardware demo,16860.498046875,3.366812501198354e-19
spectrum,Roland hardware demo,16865.88134765625,4.918938080001977e-19
spectrum,Roland hardware demo,16871.2646484375,7.156458535030619e-19
spectrum,Roland hardware demo,16876.64794921875,1.7348843626059487e-18
spectrum,Roland hardware demo,16882.03125,1.1922553696962651e-17
spectrum,Roland hardware demo,16887.41455078125,1.2524316839247015e-17
spectrum,Roland hardware demo,16892.7978515625,1.6248447325131725e-18
spectrum,Roland hardware demo,16898.18115234375,1.5809485321516679e-18
spectrum,Roland hardware demo,16903.564453125,4.435606315124739e-18
spectrum,Roland hardware demo,16908.94775390625,3.78372388593548e-18
spectrum,Roland hardware demo,16914.3310546875,2.5834992927817567e-18
spectrum,Roland hardware demo,16919.71435546875,6.1777942689492244e-18
spectrum,Roland hardware demo,16925.09765625,9.17534874351175e-18
spectrum,Roland hardware demo,16930.48095703125,4.277207431675428e-18
spectrum,Roland hardware demo,16935.8642578125,2.0863103914878774e-18
spectrum,Roland hardware demo,16941.24755859375,2.0331193693782675e-18
spectrum,Roland hardware demo,16946.630859375,3.5884149627831346e-18
spectrum,Roland hardware demo,16952.01416015625,4.519264053555902e-18
spectrum,Roland hardware demo,16957.3974609375,3.15545084578971e-18
spectrum,Roland hardware demo,16962.78076171875,3.1322045890351323e-18
spectrum,Roland hardware demo,16968.1640625,3.473417418893869e-18
spectrum,Roland hardware demo,16973.54736328125,3.1674141521939113e-18
spectrum,Roland hardware demo,16978.9306640625,3.3107872998161962e-18
spectrum,Roland hardware demo,16984.31396484375,3.860231475151735e-18
spectrum,Roland hardware demo,16989.697265625,3.660261802837959e-18
spectrum,Roland hardware demo,16995.08056640625,3.985978231101127e-18
spectrum,Roland hardware demo,17000.4638671875,5.016021580160335e-18
spectrum,Roland hardware demo,17005.84716796875,4.687562220985941e-18
spectrum,Roland hardware demo,17011.23046875,2.3073582801707292e-18
spectrum,Roland hardware demo,17016.61376953125,2.0137674789475894e-18
spectrum,Roland hardware demo,17021.9970703125,1.6069597435012807e-18
spectrum,Roland hardware demo,17027.38037109375,1.3990850162660655e-18
spectrum,Roland hardware demo,17032.763671875,1.2919506512797287e-18
spectrum,Roland hardware demo,17038.14697265625,1.2804468437058006e-18
spectrum,Roland hardware demo,17043.5302734375,1.2765612661759093e-18
spectrum,Roland hardware demo,17048.91357421875,7.598959837691627e-19
spectrum,Roland hardware demo,17054.296875,7.429642170156617e-19
spectrum,Roland hardware demo,17059.68017578125,5.982629792211346e-19
spectrum,Roland hardware demo,17065.0634765625,7.525626140485739e-19
spectrum,Roland hardware demo,17070.44677734375,4.3339980853169274e-19
spectrum,Roland hardware demo,17075.830078125,2.775615919155107e-19
spectrum,Roland hardware demo,17081.21337890625,3.4966589193599243e-19
spectrum,Roland hardware demo,17086.5966796875,4.453425646675509e-19
spectrum,Roland hardware demo,17091.97998046875,3.3155849473690038e-19
spectrum,Roland hardware demo,17097.36328125,1.0019095922577836e-19
spectrum,Roland hardware demo,17102.74658203125,8.18753580815673e-20
spectrum,Roland hardware demo,17108.1298828125,6.888638649189146e-20
spectrum,Roland hardware demo,17113.51318359375,2.0056578519209078e-19
spectrum,Roland hardware demo,17118.896484375,5.08539111767814e-19
spectrum,Roland hardware demo,17124.27978515625,2.776293431775576e-19
spectrum,Roland hardware demo,17129.6630859375,2.864329747381712e-19
spectrum,Roland hardware demo,17135.04638671875,7.687343052167153e-19
spectrum,Roland hardware demo,17140.4296875,1.1042215976705128e-18
spectrum,Roland hardware demo,17145.81298828125,1.35413312664779e-18
spectrum,Roland hardware demo,17151.1962890625,3.3834143779838114e-18
spectrum,Roland hardware demo,17156.57958984375,6.974390705533716e-18
spectrum,Roland hardware demo,17161.962890625,4.854325554789388e-18
spectrum,Roland hardware demo,17167.34619140625,2.212737917081401e-18
spectrum,Roland hardware demo,17172.7294921875,2.1758253958365284e-18
spectrum,Roland hardware demo,17178.11279296875,2.950080924846882e-18
spectrum,Roland hardware demo,17183.49609375,2.2295952375797722e-18
spectrum,Roland hardware demo,17188.87939453125,2.0762820673315907e-18
spectrum,Roland hardware demo,17194.2626953125,2.6632450873010033e-18
spectrum,Roland hardware demo,17199.64599609375,1.77705982049819e-18
spectrum,Roland hardware demo,17205.029296875,1.7122163050995455e-18
spectrum,Roland hardware demo,17210.41259765625,2.136925159579691e-18
spectrum,Roland hardware demo,17215.7958984375,3.432279245489769e-18
spectrum,Roland hardware demo,17221.17919921875,3.133630855206327e-18
spectrum,Roland hardware demo,17226.5625,1.7508960977231376e-18
spectrum,Roland hardware demo,17231.94580078125,1.4977820356067848e-18
spectrum,Roland hardware demo,17237.3291015625,1.2680711877662416e-18
spectrum,Roland hardware demo,17242.71240234375,5.852441903553156e-19
spectrum,Roland hardware demo,17248.095703125,3.2813050318211578e-19
spectrum,Roland hardware demo,17253.47900390625,2.7372817846299854e-19
spectrum,Roland hardware demo,17258.8623046875,5.627135999269611e-19
spectrum,Roland hardware demo,17264.24560546875,5.091980128245007e-19
spectrum,Roland hardware demo,17269.62890625,9.446150305268747e-19
spectrum,Roland hardware demo,17275.01220703125,1.4250970547962908e-18
spectrum,Roland hardware demo,17280.3955078125,6.151191106473753e-19
spectrum,Roland hardware demo,17285.77880859375,3.35306605188743e-19
spectrum,Roland hardware demo,17291.162109375,7.397351106994078e-19
spectrum,Roland hardware demo,17296.54541015625,1.1628277576602011e-18
spectrum,Roland hardware demo,17301.9287109375,6.781560118894156e-19
spectrum,Roland hardware demo,17307.31201171875,2.4630402888981095e-18
spectrum,Roland hardware demo,17312.6953125,3.1553292502396647e-18
spectrum,Roland hardware demo,17318.07861328125,1.2380644872628446e-18
spectrum,Roland hardware demo,17323.4619140625,3.463316044349736e-19
spectrum,Roland hardware demo,17328.84521484375,1.8123708166795832e-19
spectrum,Roland hardware demo,17334.228515625,3.6686747466555063e-19
spectrum,Roland hardware demo,17339.61181640625,3.6003974494377894e-19
spectrum,Roland hardware demo,17344.9951171875,3.086943178771397e-19
spectrum,Roland hardware demo,17350.37841796875,4.997468022418347e-19
spectrum,Roland hardware demo,17355.76171875,3.961459977359596e-19
spectrum,Roland hardware demo,17361.14501953125,1.1094810188002781e-18
spectrum,Roland hardware demo,17366.5283203125,1.2851077996623838e-18
spectrum,Roland hardware demo,17371.91162109375,1.767238911880501e-18
spectrum,Roland hardware demo,17377.294921875,2.2594177869992997e-18
spectrum,Roland hardware demo,17382.67822265625,1.8843401828626423e-18
spectrum,Roland hardware demo,17388.0615234375,3.2179788758586653e-18
spectrum,Roland hardware demo,17393.44482421875,3.619714236391222e-18
spectrum,Roland hardware demo,17398.828125,5.6593381405163005e-18
spectrum,Roland hardware demo,17404.21142578125,4.345747203641266e-18
spectrum,Roland hardware demo,17409.5947265625,5.702746511111552e-18
spectrum,Roland hardware demo,17414.97802734375,9.76320780687971e-18
spectrum,Roland hardware demo,17420.361328125,3.93630024505303e-18
spectrum,Roland hardware demo,17425.74462890625,3.030290974484924e-18
spectrum,Roland hardware demo,17431.1279296875,4.4435989477935324e-18
spectrum,Roland hardware demo,17436.51123046875,2.681217240469943e-18
spectrum,Roland hardware demo,17441.89453125,3.925996056162457e-18
spectrum,Roland hardware demo,17447.27783203125,1.663160937898517e-17
spectrum,Roland hardware demo,17452.6611328125,2.6976298686710057e-17
spectrum,Roland hardware demo,17458.04443359375,1.2063888257965299e-17
spectrum,Roland hardware demo,17463.427734375,3.122902529456667e-18
spectrum,Roland hardware demo,17468.81103515625,2.2704292153136056e-18
spectrum,Roland hardware demo,17474.1943359375,1.15887135279036e-18
spectrum,Roland hardware demo,17479.57763671875,4.825162681908371e-19
spectrum,Roland hardware demo,17484.9609375,7.144354297729554e-19
spectrum,Roland hardware demo,17490.34423828125,1.4647830092374771e-18
spectrum,Roland hardware demo,17495.7275390625,1.2478056763489987e-18
spectrum,Roland hardware demo,17501.11083984375,2.5047310189513946e-18
spectrum,Roland hardware demo,17506.494140625,1.5900609605747052e-18
spectrum,Roland hardware demo,17511.87744140625,2.7326813679544835e-19
spectrum,Roland hardware demo,17517.2607421875,2.652936504013426e-19
spectrum,Roland hardware demo,17522.64404296875,1.056841519364088e-18
spectrum,Roland hardware demo,17528.02734375,3.3275710012400503e-18
spectrum,Roland hardware demo,17533.41064453125,2.0620890955862527e-18
spectrum,Roland hardware demo,17538.7939453125,6.753405992770148e-19
spectrum,Roland hardware demo,17544.17724609375,1.4488423082553912e-18
spectrum,Roland hardware demo,17549.560546875,1.8267268464031707e-18
spectrum,Roland hardware demo,17554.94384765625,8.59415996120584e-19
spectrum,Roland hardware demo,17560.3271484375,1.3250120263877075e-18
spectrum,Roland hardware demo,17565.71044921875,9.893359713181254e-18
spectrum,Roland hardware demo,17571.09375,8.162768831544762e-18
spectrum,Roland hardware demo,17576.47705078125,2.5430892451118567e-18
spectrum,Roland hardware demo,17581.8603515625,1.6209813854622436e-18
spectrum,Roland hardware demo,17587.24365234375,2.128166557663673e-18
spectrum,Roland hardware demo,17592.626953125,2.8031753024186893e-18
spectrum,Roland hardware demo,17598.01025390625,4.478752055875505e-18
spectrum,Roland hardware demo,17603.3935546875,1.4062359926615864e-17
spectrum,Roland hardware demo,17608.77685546875,2.0670621467879522e-17
spectrum,Roland hardware demo,17614.16015625,5.393167135828375e-18
spectrum,Roland hardware demo,17619.54345703125,3.51959270863811e-18
spectrum,Roland hardware demo,17624.9267578125,3.4256984033314502e-18
spectrum,Roland hardware demo,17630.31005859375,3.421156974973381e-18
spectrum,Roland hardware demo,17635.693359375,6.494309967258965e-18
spectrum,Roland hardware demo,17641.07666015625,1.127561325834309e-17
spectrum,Roland hardware demo,17646.4599609375,6.3472231922766234e-18
spectrum,Roland hardware demo,17651.84326171875,4.700506770391783e-18
spectrum,Roland hardware demo,17657.2265625,5.142684025047823e-18
spectrum,Roland hardware demo,17662.60986328125,3.923488044545196e-18
spectrum,Roland hardware demo,17667.9931640625,2.852124128756821e-18
spectrum,Roland hardware demo,17673.37646484375,2.8066498745817183e-18
spectrum,Roland hardware demo,17678.759765625,8.491778265826503e-18
spectrum,Roland hardware demo,17684.14306640625,2.227509708460373e-17
spectrum,Roland hardware demo,17689.5263671875,7.970692530226273e-18
spectrum,Roland hardware demo,17694.90966796875,1.3738210592023178e-18
spectrum,Roland hardware demo,17700.29296875,7.6715857784859e-19
spectrum,Roland hardware demo,17705.67626953125,3.6288310075124755e-18
spectrum,Roland hardware demo,17711.0595703125,3.692786130933238e-18
spectrum,Roland hardware demo,17716.44287109375,1.635365022338775e-18
spectrum,Roland hardware demo,17721.826171875,5.025406771390361e-18
spectrum,Roland hardware demo,17727.20947265625,7.835210272057438e-18
spectrum,Roland hardware demo,17732.5927734375,1.2269462492519428e-17
spectrum,Roland hardware demo,17737.97607421875,3.853306732653747e-18
spectrum,Roland hardware demo,17743.359375,1.499619927530301e-18
spectrum,Roland hardware demo,17748.74267578125,2.3018112069829486e-18
spectrum,Roland hardware demo,17754.1259765625,1.8931983773244114e-17
spectrum,Roland hardware demo,17759.50927734375,7.261853008316512e-17
spectrum,Roland hardware demo,17764.892578125,5.0279048568402715e-17
spectrum,Roland hardware demo,17770.27587890625,8.909272037413655e-18
spectrum,Roland hardware demo,17775.6591796875,2.68235440701705e-18
spectrum,Roland hardware demo,17781.04248046875,1.8895907118008226e-18
spectrum,Roland hardware demo,17786.42578125,1.1847598312165852e-18
spectrum,Roland hardware demo,17791.80908203125,1.0252196453171045e-18
spectrum,Roland hardware demo,17797.1923828125,1.1439528402502364e-18
spectrum,Roland hardware demo,17802.57568359375,1.1103057178709935e-18
spectrum,Roland hardware demo,17807.958984375,1.1807422149814152e-18
spectrum,Roland hardware demo,17813.34228515625,2.1032092778120294e-18
spectrum,Roland hardware demo,17818.7255859375,1.5292011883651468e-17
spectrum,Roland hardware demo,17824.10888671875,4.738130915117635e-17
spectrum,Roland hardware demo,17829.4921875,6.257310314053334e-17
spectrum,Roland hardware demo,17834.87548828125,4.3166694228298627e-16
spectrum,Roland hardware demo,17840.2587890625,5.915832687136907e-16
spectrum,Roland hardware demo,17845.64208984375,1.4842518630067702e-16
spectrum,Roland hardware demo,17851.025390625,4.89177905215487e-17
spectrum,Roland hardware demo,17856.40869140625,9.01016209867389e-17
spectrum,Roland hardware demo,17861.7919921875,4.666771962731707e-16
spectrum,Roland hardware demo,17867.17529296875,8.34610679687224e-16
spectrum,Roland hardware demo,17872.55859375,2.4291822842663216e-15
spectrum,Roland hardware demo,17877.94189453125,4.505775669293253e-15
spectrum,Roland hardware demo,17883.3251953125,9.580649905957094e-16
spectrum,Roland hardware demo,17888.70849609375,6.699280194529808e-17
spectrum,Roland hardware demo,17894.091796875,2.6677385391835444e-17
spectrum,Roland hardware demo,17899.47509765625,1.4484134357872978e-17
spectrum,Roland hardware demo,17904.8583984375,9.599502973391178e-18
spectrum,Roland hardware demo,17910.24169921875,7.05630226569178e-18
spectrum,Roland hardware demo,17915.625,3.559072798504347e-18
spectrum,Roland hardware demo,17921.00830078125,3.0357859352941137e-18
spectrum,Roland hardware demo,17926.3916015625,2.0367986687429033e-18
spectrum,Roland hardware demo,17931.77490234375,1.0430933639931503e-18
spectrum,Roland hardware demo,17937.158203125,5.330425279571074e-19
spectrum,Roland hardware demo,17942.54150390625,1.1959869468756143e-18
spectrum,Roland hardware demo,17947.9248046875,7.128999199262125e-17
spectrum,Roland hardware demo,17953.30810546875,3.9708335467020163e-16
spectrum,Roland hardware demo,17958.69140625,2.7363007608312067e-16
spectrum,Roland hardware demo,17964.07470703125,1.8361215253948234e-16
spectrum,Roland hardware demo,17969.4580078125,1.349222238069124e-16
spectrum,Roland hardware demo,17974.84130859375,3.47032177816945e-17
spectrum,Roland hardware demo,17980.224609375,2.8963256001233884e-17
spectrum,Roland hardware demo,17985.60791015625,1.3711442448374533e-16
spectrum,Roland hardware demo,17990.9912109375,6.42499001508298e-16
spectrum,Roland hardware demo,17996.37451171875,5.104857403051631e-16
spectrum,Roland hardware demo,18001.7578125,1.0639467030408979e-16
spectrum,Roland hardware demo,18007.14111328125,1.2702835319453515e-16
spectrum,Roland hardware demo,18012.5244140625,5.16476056569819e-17
spectrum,Roland hardware demo,18017.90771484375,2.782146220577999e-17
spectrum,Roland hardware demo,18023.291015625,1.7091619406876934e-17
spectrum,Roland hardware demo,18028.67431640625,4.398721918020693e-18
spectrum,Roland hardware demo,18034.0576171875,3.3931184473399773e-18
spectrum,Roland hardware demo,18039.44091796875,2.6336429815147212e-18
spectrum,Roland hardware demo,18044.82421875,3.24080781999421e-18
spectrum,Roland hardware demo,18050.20751953125,6.209871505923418e-18
spectrum,Roland hardware demo,18055.5908203125,1.0110317607325337e-17
spectrum,Roland hardware demo,18060.97412109375,4.344912412967077e-17
spectrum,Roland hardware demo,18066.357421875,2.9542015746991516e-16
spectrum,Roland hardware demo,18071.74072265625,4.628642774611054e-16
spectrum,Roland hardware demo,18077.1240234375,1.3271606032133957e-16
spectrum,Roland hardware demo,18082.50732421875,2.128814819109731e-17
spectrum,Roland hardware demo,18087.890625,1.7210572942045735e-17
spectrum,Roland hardware demo,18093.27392578125,7.193069962532523e-17
spectrum,Roland hardware demo,18098.6572265625,2.743337487040522e-16
spectrum,Roland hardware demo,18104.04052734375,2.0565507326103223e-16
spectrum,Roland hardware demo,18109.423828125,1.453300352671812e-16
spectrum,Roland hardware demo,18114.80712890625,4.9287272248841436e-17
spectrum,Roland hardware demo,18120.1904296875,9.447947106995335e-17
spectrum,Roland hardware demo,18125.57373046875,9.153317284204767e-17
spectrum,Roland hardware demo,18130.95703125,1.0631063371693808e-17
spectrum,Roland hardware demo,18136.34033203125,1.1514837200215876e-17
spectrum,Roland hardware demo,18141.7236328125,6.203329830767104e-17
spectrum,Roland hardware demo,18147.10693359375,1.6745832102794657e-16
spectrum,Roland hardware demo,18152.490234375,6.113852049546018e-17
spectrum,Roland hardware demo,18157.87353515625,5.523420785345262e-18
spectrum,Roland hardware demo,18163.2568359375,3.160466041843619e-18
spectrum,Roland hardware demo,18168.64013671875,4.74249280392375e-18
spectrum,Roland hardware demo,18174.0234375,7.595076431510844e-18
spectrum,Roland hardware demo,18179.40673828125,5.238356148286013e-18
spectrum,Roland hardware demo,18184.7900390625,9.233672421322251e-18
spectrum,Roland hardware demo,18190.17333984375,1.4679330784462016e-17
spectrum,Roland hardware demo,18195.556640625,7.122540407603189e-18
spectrum,Roland hardware demo,18200.93994140625,1.0040388585520717e-18
spectrum,Roland hardware demo,18206.3232421875,8.049546830840341e-19
spectrum,Roland hardware demo,18211.70654296875,9.366602413711054e-19
spectrum,Roland hardware demo,18217.08984375,4.884391502104159e-18
spectrum,Roland hardware demo,18222.47314453125,2.4780431945402287e-17
spectrum,Roland hardware demo,18227.8564453125,2.0951015843200297e-17
spectrum,Roland hardware demo,18233.23974609375,3.589117239123192e-18
spectrum,Roland hardware demo,18238.623046875,1.1177296638686569e-18
spectrum,Roland hardware demo,18244.00634765625,7.124243986074742e-19
spectrum,Roland hardware demo,18249.3896484375,7.768423812797483e-19
spectrum,Roland hardware demo,18254.77294921875,2.2661082305887817e-18
spectrum,Roland hardware demo,18260.15625,1.4279484911243683e-17
spectrum,Roland hardware demo,18265.53955078125,1.2576399439335804e-17
spectrum,Roland hardware demo,18270.9228515625,2.963952536924243e-18
spectrum,Roland hardware demo,18276.30615234375,1.7523740626826167e-18
spectrum,Roland hardware demo,18281.689453125,3.556819972106059e-18
spectrum,Roland hardware demo,18287.07275390625,3.256415477382167e-18
spectrum,Roland hardware demo,18292.4560546875,1.6726041765280295e-18
spectrum,Roland hardware demo,18297.83935546875,4.0921741596825226e-18
spectrum,Roland hardware demo,18303.22265625,5.899095613884183e-18
spectrum,Roland hardware demo,18308.60595703125,2.0712242714761352e-18
spectrum,Roland hardware demo,18313.9892578125,6.995223456056018e-19
spectrum,Roland hardware demo,18319.37255859375,6.12470374928404e-19
spectrum,Roland hardware demo,18324.755859375,2.7055249767455793e-18
spectrum,Roland hardware demo,18330.13916015625,3.631229417698573e-18
spectrum,Roland hardware demo,18335.5224609375,1.4898087382848096e-18
spectrum,Roland hardware demo,18340.90576171875,1.502016062969714e-18
spectrum,Roland hardware demo,18346.2890625,4.967409829921818e-19
spectrum,Roland hardware demo,18351.67236328125,3.352289536087396e-19
spectrum,Roland hardware demo,18357.0556640625,9.623306543083464e-19
spectrum,Roland hardware demo,18362.43896484375,2.2206854684068104e-18
spectrum,Roland hardware demo,18367.822265625,1.6945983920279317e-18
spectrum,Roland hardware demo,18373.20556640625,2.5420976623525588e-18
spectrum,Roland hardware demo,18378.5888671875,4.2098761705845305e-18
spectrum,Roland hardware demo,18383.97216796875,1.9648064516954225e-18
spectrum,Roland hardware demo,18389.35546875,2.3508289478058636e-19
spectrum,Roland hardware demo,18394.73876953125,1.4412638604289393e-19
spectrum,Roland hardware demo,18400.1220703125,5.002641520161983e-19
spectrum,Roland hardware demo,18405.50537109375,6.316372353958116e-19
spectrum,Roland hardware demo,18410.888671875,2.0637657389891094e-19
spectrum,Roland hardware demo,18416.27197265625,4.0286554774324584e-19
spectrum,Roland hardware demo,18421.6552734375,4.704745864235964e-19
spectrum,Roland hardware demo,18427.03857421875,3.7066883486932635e-19
spectrum,Roland hardware demo,18432.421875,6.335597582357497e-19
spectrum,Roland hardware demo,18437.80517578125,3.1127284664162064e-19
spectrum,Roland hardware demo,18443.1884765625,1.835540791872047e-19
spectrum,Roland hardware demo,18448.57177734375,2.418384012951245e-19
spectrum,Roland hardware demo,18453.955078125,5.46001656421246e-19
spectrum,Roland hardware demo,18459.33837890625,4.932403546398574e-19
spectrum,Roland hardware demo,18464.7216796875,6.136262564368703e-19
spectrum,Roland hardware demo,18470.10498046875,5.384599405838704e-19
spectrum,Roland hardware demo,18475.48828125,9.531013478496947e-20
spectrum,Roland hardware demo,18480.87158203125,6.873572329813317e-20
spectrum,Roland hardware demo,18486.2548828125,8.34860338305729e-20
spectrum,Roland hardware demo,18491.63818359375,2.3973395041921304e-19
spectrum,Roland hardware demo,18497.021484375,3.3901883668151613e-19
spectrum,Roland hardware demo,18502.40478515625,2.4217149658804196e-19
spectrum,Roland hardware demo,18507.7880859375,2.0946048416826763e-19
spectrum,Roland hardware demo,18513.17138671875,3.6510806150265034e-19
spectrum,Roland hardware demo,18518.5546875,5.371300409540382e-19
spectrum,Roland hardware demo,18523.93798828125,7.469427489668886e-19
spectrum,Roland hardware demo,18529.3212890625,4.005041021907718e-18
spectrum,Roland hardware demo,18534.70458984375,9.841607985337486e-18
spectrum,Roland hardware demo,18540.087890625,4.799456596807214e-18
spectrum,Roland hardware demo,18545.47119140625,1.6200239239032135e-18
spectrum,Roland hardware demo,18550.8544921875,1.3740675590248586e-18
spectrum,Roland hardware demo,18556.23779296875,1.8359788615545764e-18
spectrum,Roland hardware demo,18561.62109375,1.9816006996720867e-18
spectrum,Roland hardware demo,18567.00439453125,1.0270775963704752e-18
spectrum,Roland hardware demo,18572.3876953125,9.754746576393905e-19
spectrum,Roland hardware demo,18577.77099609375,6.004676740475298e-19
spectrum,Roland hardware demo,18583.154296875,5.848197950022876e-19
spectrum,Roland hardware demo,18588.53759765625,1.1727961112220776e-18
spectrum,Roland hardware demo,18593.9208984375,2.4962660661528332e-18
spectrum,Roland hardware demo,18599.30419921875,2.902753372509354e-18
spectrum,Roland hardware demo,18604.6875,3.1577650903484802e-18
spectrum,Roland hardware demo,18610.07080078125,6.092836202595128e-18
spectrum,Roland hardware demo,18615.4541015625,4.806023997280579e-18
spectrum,Roland hardware demo,18620.83740234375,1.3896756300031217e-18
spectrum,Roland hardware demo,18626.220703125,2.6689230618207204e-19
spectrum,Roland hardware demo,18631.60400390625,1.9558366343798682e-19
spectrum,Roland hardware demo,18636.9873046875,2.6630774798293847e-19
spectrum,Roland hardware demo,18642.37060546875,2.4693866770515577e-19
spectrum,Roland hardware demo,18647.75390625,3.599261885553119e-19
spectrum,Roland hardware demo,18653.13720703125,4.2542004886118197e-19
spectrum,Roland hardware demo,18658.5205078125,1.645286019810583e-19
spectrum,Roland hardware demo,18663.90380859375,1.8527655356587568e-19
spectrum,Roland hardware demo,18669.287109375,1.2027760317531433e-18
spectrum,Roland hardware demo,18674.67041015625,2.750695862431028e-18
spectrum,Roland hardware demo,18680.0537109375,1.030442050114458e-18
spectrum,Roland hardware demo,18685.43701171875,1.2533942119649836e-19
spectrum,Roland hardware demo,18690.8203125,9.303642207621434e-20
spectrum,Roland hardware demo,18696.20361328125,1.1355748706629638e-19
spectrum,Roland hardware demo,18701.5869140625,5.956951521058286e-20
spectrum,Roland hardware demo,18706.97021484375,7.664841671554179e-20
spectrum,Roland hardware demo,18712.353515625,1.5392412067873434e-19
spectrum,Roland hardware demo,18717.73681640625,1.0638738211911016e-19
spectrum,Roland hardware demo,18723.1201171875,9.70219915249965e-20
spectrum,Roland hardware demo,18728.50341796875,2.4226703594879184e-19
spectrum,Roland hardware demo,18733.88671875,3.5384904769124966e-19
spectrum,Roland hardware demo,18739.27001953125,1.7127024805045735e-18
spectrum,Roland hardware demo,18744.6533203125,2.5280730218618754e-18
spectrum,Roland hardware demo,18750.03662109375,2.072376947659728e-18
spectrum,Roland hardware demo,18755.419921875,2.381869055388281e-18
spectrum,Roland hardware demo,18760.80322265625,1.8479301738398956e-18
spectrum,Roland hardware demo,18766.1865234375,2.605639402262198e-18
spectrum,Roland hardware demo,18771.56982421875,4.213345779663884e-18
spectrum,Roland hardware demo,18776.953125,7.532515107422233e-18
spectrum,Roland hardware demo,18782.33642578125,5.1097212912278915e-18
spectrum,Roland hardware demo,18787.7197265625,1.0963415442830876e-17
spectrum,Roland hardware demo,18793.10302734375,1.570411491918661e-17
spectrum,Roland hardware demo,18798.486328125,3.909580656906342e-18
spectrum,Roland hardware demo,18803.86962890625,2.427733118427049e-18
spectrum,Roland hardware demo,18809.2529296875,2.5874867169245685e-18
spectrum,Roland hardware demo,18814.63623046875,2.730295313778786e-18
spectrum,Roland hardware demo,18820.01953125,4.582522277310588e-18
spectrum,Roland hardware demo,18825.40283203125,2.110878896451621e-17
spectrum,Roland hardware demo,18830.7861328125,3.8217712989807755e-17
spectrum,Roland hardware demo,18836.16943359375,1.4162566240381763e-17
spectrum,Roland hardware demo,18841.552734375,3.2308136170381912e-18
spectrum,Roland hardware demo,18846.93603515625,1.3888511377275594e-18
spectrum,Roland hardware demo,18852.3193359375,5.594728613833432e-19
spectrum,Roland hardware demo,18857.70263671875,3.968335140719619e-19
spectrum,Roland hardware demo,18863.0859375,7.730556001342688e-19
spectrum,Roland hardware demo,18868.46923828125,2.2259967951200134e-18
spectrum,Roland hardware demo,18873.8525390625,2.3847451623781277e-18
spectrum,Roland hardware demo,18879.23583984375,5.1254774275358015e-18
spectrum,Roland hardware demo,18884.619140625,3.011024490452492e-18
spectrum,Roland hardware demo,18890.00244140625,3.9153394883309363e-19
spectrum,Roland hardware demo,18895.3857421875,5.4097260509207675e-19
spectrum,Roland hardware demo,18900.76904296875,3.095509616291361e-18
spectrum,Roland hardware demo,18906.15234375,1.0192738710740734e-17
spectrum,Roland hardware demo,18911.53564453125,6.381595028270039e-18
spectrum,Roland hardware demo,18916.9189453125,1.3715361795552932e-18
spectrum,Roland hardware demo,18922.30224609375,2.404430820185971e-18
spectrum,Roland hardware demo,18927.685546875,3.2728203300854716e-18
spectrum,Roland hardware demo,18933.06884765625,1.5759243405085973e-18
spectrum,Roland hardware demo,18938.4521484375,3.216401856020833e-18
spectrum,Roland hardware demo,18943.83544921875,1.880977941826798e-17
spectrum,Roland hardware demo,18949.21875,2.0121376849866762e-17
spectrum,Roland hardware demo,18954.60205078125,3.807856053126102e-18
spectrum,Roland hardware demo,18959.9853515625,2.038252231874312e-18
spectrum,Roland hardware demo,18965.36865234375,2.3138140112613993e-18
spectrum,Roland hardware demo,18970.751953125,3.3636158100223547e-18
spectrum,Roland hardware demo,18976.13525390625,6.734324280207045e-18
spectrum,Roland hardware demo,18981.5185546875,3.532840088866208e-17
spectrum,Roland hardware demo,18986.90185546875,4.3355751982125787e-17
spectrum,Roland hardware demo,18992.28515625,9.838908067818113e-18
spectrum,Roland hardware demo,18997.66845703125,3.89164324532313e-18
spectrum,Roland hardware demo,19003.0517578125,3.885849672312808e-18
spectrum,Roland hardware demo,19008.43505859375,4.330234258433446e-18
spectrum,Roland hardware demo,19013.818359375,1.6594851126924538e-17
spectrum,Roland hardware demo,19019.20166015625,3.357188616662818e-17
spectrum,Roland hardware demo,19024.5849609375,1.8645084449586222e-17
spectrum,Roland hardware demo,19029.96826171875,1.2494081733496977e-17
spectrum,Roland hardware demo,19035.3515625,1.6003443458728725e-17
spectrum,Roland hardware demo,19040.73486328125,1.1462192117310551e-17
spectrum,Roland hardware demo,19046.1181640625,8.25313169602128e-18
spectrum,Roland hardware demo,19051.50146484375,9.86396833165602e-18
spectrum,Roland hardware demo,19056.884765625,4.958138458744079e-17
spectrum,Roland hardware demo,19062.26806640625,1.4075535590284854e-16
spectrum,Roland hardware demo,19067.6513671875,4.9119883980085205e-17
spectrum,Roland hardware demo,19073.03466796875,8.377857297504475e-18
spectrum,Roland hardware demo,19078.41796875,5.425085140534652e-18
spectrum,Roland hardware demo,19083.80126953125,2.999399914509131e-17
spectrum,Roland hardware demo,19089.1845703125,2.889550990906579e-17
spectrum,Roland hardware demo,19094.56787109375,1.1920604032258864e-17
spectrum,Roland hardware demo,19099.951171875,2.2427485260131923e-17
spectrum,Roland hardware demo,19105.33447265625,2.5712027566677884e-17
spectrum,Roland hardware demo,19110.7177734375,2.8425443019286606e-17
spectrum,Roland hardware demo,19116.10107421875,7.40470908533789e-18
spectrum,Roland hardware demo,19121.484375,1.6564477882012204e-18
spectrum,Roland hardware demo,19126.86767578125,1.4311492251456116e-18
spectrum,Roland hardware demo,19132.2509765625,5.333957961172135e-18
spectrum,Roland hardware demo,19137.63427734375,1.6978801897492052e-17
spectrum,Roland hardware demo,19143.017578125,1.1456850184914684e-17
spectrum,Roland hardware demo,19148.40087890625,2.5731272750809542e-18
spectrum,Roland hardware demo,19153.7841796875,1.918011810467532e-18
spectrum,Roland hardware demo,19159.16748046875,2.0688581213339273e-18
spectrum,Roland hardware demo,19164.55078125,1.9782369697111398e-18
spectrum,Roland hardware demo,19169.93408203125,2.619441944758411e-18
spectrum,Roland hardware demo,19175.3173828125,4.053265238029253e-18
spectrum,Roland hardware demo,19180.70068359375,6.760101296045729e-18
spectrum,Roland hardware demo,19186.083984375,3.221732166529094e-17
spectrum,Roland hardware demo,19191.46728515625,5.326569335786628e-17
spectrum,Roland hardware demo,19196.8505859375,8.636054115651267e-17
spectrum,Roland hardware demo,19202.23388671875,2.0358021311717362e-16
spectrum,Roland hardware demo,19207.6171875,1.646820514293124e-16
spectrum,Roland hardware demo,19213.00048828125,8.051807316931101e-16
spectrum,Roland hardware demo,19218.3837890625,1.0228788929284244e-15
spectrum,Roland hardware demo,19223.76708984375,2.294227383516491e-16
spectrum,Roland hardware demo,19229.150390625,5.905619587375389e-17
spectrum,Roland hardware demo,19234.53369140625,9.397401739356915e-17
spectrum,Roland hardware demo,19239.9169921875,4.610086929714673e-16
spectrum,Roland hardware demo,19245.30029296875,7.975095248667424e-16
spectrum,Roland hardware demo,19250.68359375,2.2332779631265053e-15
spectrum,Roland hardware demo,19256.06689453125,4.184253820976782e-15
spectrum,Roland hardware demo,19261.4501953125,8.84128119904592e-16
spectrum,Roland hardware demo,19266.83349609375,6.873113192874561e-17
spectrum,Roland hardware demo,19272.216796875,2.9633103552556875e-17
spectrum,Roland hardware demo,19277.60009765625,1.8862312004609997e-17
spectrum,Roland hardware demo,19282.9833984375,1.6456204075732075e-17
spectrum,Roland hardware demo,19288.36669921875,1.6395058884852155e-17
spectrum,Roland hardware demo,19293.75,1.0094164424323402e-17
spectrum,Roland hardware demo,19299.13330078125,1.2524804875808422e-17
spectrum,Roland hardware demo,19304.5166015625,1.6695889584386665e-17
spectrum,Roland hardware demo,19309.89990234375,1.8955197769954802e-17
spectrum,Roland hardware demo,19315.283203125,2.438393449930357e-17
spectrum,Roland hardware demo,19320.66650390625,4.504095050046782e-17
spectrum,Roland hardware demo,19326.0498046875,4.671463995863903e-16
spectrum,Roland hardware demo,19331.43310546875,2.1248071356593564e-15
spectrum,Roland hardware demo,19336.81640625,1.1070413571170326e-15
spectrum,Roland hardware demo,19342.19970703125,3.0540180547859665e-16
spectrum,Roland hardware demo,19347.5830078125,1.5378060504925154e-16
spectrum,Roland hardware demo,19352.96630859375,2.7108270390359217e-17
spectrum,Roland hardware demo,19358.349609375,1.1661979396299259e-17
spectrum,Roland hardware demo,19363.73291015625,1.9642429349031208e-17
spectrum,Roland hardware demo,19369.1162109375,5.066288022496202e-17
spectrum,Roland hardware demo,19374.49951171875,3.012531572169533e-17
spectrum,Roland hardware demo,19379.8828125,3.375839471524357e-18
spectrum,Roland hardware demo,19385.26611328125,4.396981116421575e-18
spectrum,Roland hardware demo,19390.6494140625,5.2068719998110195e-18
spectrum,Roland hardware demo,19396.03271484375,1.525374154543109e-17
spectrum,Roland hardware demo,19401.416015625,1.196418073410877e-17
spectrum,Roland hardware demo,19406.79931640625,4.789915068441415e-18
spectrum,Roland hardware demo,19412.1826171875,3.8983392723817465e-18
spectrum,Roland hardware demo,19417.56591796875,2.34192284924687e-18
spectrum,Roland hardware demo,19422.94921875,2.1048826641912242e-18
spectrum,Roland hardware demo,19428.33251953125,3.1879317469028297e-18
spectrum,Roland hardware demo,19433.7158203125,3.899663588542444e-18
spectrum,Roland hardware demo,19439.09912109375,1.0056085992005136e-17
spectrum,Roland hardware demo,19444.482421875,5.3647324713996194e-17
spectrum,Roland hardware demo,19449.86572265625,7.467399449602059e-17
spectrum,Roland hardware demo,19455.2490234375,2.0344599809970322e-17
spectrum,Roland hardware demo,19460.63232421875,3.7989704789860575e-18
spectrum,Roland hardware demo,19466.015625,3.213023030013707e-18
spectrum,Roland hardware demo,19471.39892578125,6.089776875099601e-18
spectrum,Roland hardware demo,19476.7822265625,1.6261480796453417e-17
spectrum,Roland hardware demo,19482.16552734375,1.2899674857611328e-17
spectrum,Roland hardware demo,19487.548828125,7.442770974043905e-18
spectrum,Roland hardware demo,19492.93212890625,4.013254511800063e-18
spectrum,Roland hardware demo,19498.3154296875,5.532546241862947e-18
spectrum,Roland hardware demo,19503.69873046875,5.824066196422561e-18
spectrum,Roland hardware demo,19509.08203125,3.8782143816686376e-18
spectrum,Roland hardware demo,19514.46533203125,3.390672681063811e-18
spectrum,Roland hardware demo,19519.8486328125,4.7490093327894425e-18
spectrum,Roland hardware demo,19525.23193359375,1.077873661773045e-17
spectrum,Roland hardware demo,19530.615234375,4.142004760553636e-18
spectrum,Roland hardware demo,19535.99853515625,2.3425572967766982e-18
spectrum,Roland hardware demo,19541.3818359375,2.1804743576742295e-18
spectrum,Roland hardware demo,19546.76513671875,1.8103687294044752e-18
spectrum,Roland hardware demo,19552.1484375,1.5717363250672414e-18
spectrum,Roland hardware demo,19557.53173828125,1.173271429881566e-18
spectrum,Roland hardware demo,19562.9150390625,8.651539929334995e-19
spectrum,Roland hardware demo,19568.29833984375,6.752693583467587e-19
spectrum,Roland hardware demo,19573.681640625,3.5922859095559413e-19
spectrum,Roland hardware demo,19579.06494140625,2.18588913366279e-19
spectrum,Roland hardware demo,19584.4482421875,1.4699241176902532e-19
spectrum,Roland hardware demo,19589.83154296875,1.5965260491460548e-19
spectrum,Roland hardware demo,19595.21484375,8.75298742761003e-19
spectrum,Roland hardware demo,19600.59814453125,5.064839298371377e-18
spectrum,Roland hardware demo,19605.9814453125,4.728806687098754e-18
spectrum,Roland hardware demo,19611.36474609375,1.077737859395979e-18
spectrum,Roland hardware demo,19616.748046875,6.639717772392977e-19
spectrum,Roland hardware demo,19622.13134765625,4.782835849964033e-19
spectrum,Roland hardware demo,19627.5146484375,7.405634286853031e-19
spectrum,Roland hardware demo,19632.89794921875,2.2280147022243365e-18
spectrum,Roland hardware demo,19638.28125,1.5510883873733e-17
spectrum,Roland hardware demo,19643.66455078125,1.2924308296253157e-17
spectrum,Roland hardware demo,19649.0478515625,3.828571137206268e-18
spectrum,Roland hardware demo,19654.43115234375,3.3214281512160783e-18
spectrum,Roland hardware demo,19659.814453125,5.967003833452336e-18
spectrum,Roland hardware demo,19665.19775390625,5.0163681688369944e-18
spectrum,Roland hardware demo,19670.5810546875,4.908272206388565e-18
spectrum,Roland hardware demo,19675.96435546875,1.4627914891946945e-17
spectrum,Roland hardware demo,19681.34765625,2.4053351767496752e-17
spectrum,Roland hardware demo,19686.73095703125,8.30969265194643e-18
spectrum,Roland hardware demo,19692.1142578125,3.472553428744057e-18
spectrum,Roland hardware demo,19697.49755859375,3.355219099624329e-18
spectrum,Roland hardware demo,19702.880859375,1.021955838774154e-17
spectrum,Roland hardware demo,19708.26416015625,1.6176018149925663e-17
spectrum,Roland hardware demo,19713.6474609375,7.84382949404024e-18
spectrum,Roland hardware demo,19719.03076171875,9.99797820833451e-18
spectrum,Roland hardware demo,19724.4140625,2.88831617568816e-18
spectrum,Roland hardware demo,19729.79736328125,2.4002390824318585e-18
spectrum,Roland hardware demo,19735.1806640625,2.0833188928025793e-18
spectrum,Roland hardware demo,19740.56396484375,2.065030343049338e-18
spectrum,Roland hardware demo,19745.947265625,3.3570000194831556e-18
spectrum,Roland hardware demo,19751.33056640625,1.4816462440772282e-17
spectrum,Roland hardware demo,19756.7138671875,3.629151705435962e-17
spectrum,Roland hardware demo,19762.09716796875,1.9780115216351884e-17
spectrum,Roland hardware demo,19767.48046875,2.329578419375435e-18
spectrum,Roland hardware demo,19772.86376953125,6.15996180590623e-19
spectrum,Roland hardware demo,19778.2470703125,3.555272420577549e-19
spectrum,Roland hardware demo,19783.63037109375,2.5045705459125593e-19
spectrum,Roland hardware demo,19789.013671875,4.887332542772091e-19
spectrum,Roland hardware demo,19794.39697265625,2.3875867345774005e-18
spectrum,Roland hardware demo,19799.7802734375,1.978982052647897e-18
spectrum,Roland hardware demo,19805.16357421875,7.716163575672149e-19
spectrum,Roland hardware demo,19810.546875,9.9162711685829e-19
spectrum,Roland hardware demo,19815.93017578125,1.2413368137661044e-18
spectrum,Roland hardware demo,19821.3134765625,1.7182623749918487e-18
spectrum,Roland hardware demo,19826.69677734375,1.0171145160850037e-18
spectrum,Roland hardware demo,19832.080078125,6.776801762420445e-19
spectrum,Roland hardware demo,19837.46337890625,1.2288148502557e-18
spectrum,Roland hardware demo,19842.8466796875,2.4187962590890262e-18
spectrum,Roland hardware demo,19848.22998046875,1.6947952610137193e-18
spectrum,Roland hardware demo,19853.61328125,9.707220914299671e-19
spectrum,Roland hardware demo,19858.99658203125,9.997131175387256e-19
spectrum,Roland hardware demo,19864.3798828125,1.2112613538742888e-18
spectrum,Roland hardware demo,19869.76318359375,1.612854129148757e-18
spectrum,Roland hardware demo,19875.146484375,1.2947692692170032e-18
spectrum,Roland hardware demo,19880.52978515625,1.7404845821480858e-18
spectrum,Roland hardware demo,19885.9130859375,1.7911907536975864e-18
spectrum,Roland hardware demo,19891.29638671875,2.5345783837892986e-18
spectrum,Roland hardware demo,19896.6796875,3.050528568556493e-18
spectrum,Roland hardware demo,19902.06298828125,2.389099441122607e-18
spectrum,Roland hardware demo,19907.4462890625,2.3925980015234e-18
spectrum,Roland hardware demo,19912.82958984375,3.401658466779128e-18
spectrum,Roland hardware demo,19918.212890625,2.7296263314583837e-18
spectrum,Roland hardware demo,19923.59619140625,1.818602485221828e-18
spectrum,Roland hardware demo,19928.9794921875,1.7794154240875878e-18
spectrum,Roland hardware demo,19934.36279296875,2.7555797435626944e-18
spectrum,Roland hardware demo,19939.74609375,1.6703897106306485e-18
spectrum,Roland hardware demo,19945.12939453125,1.416326975749274e-18
spectrum,Roland hardware demo,19950.5126953125,1.2588329244925197e-18
spectrum,Roland hardware demo,19955.89599609375,7.197664020257066e-19
spectrum,Roland hardware demo,19961.279296875,8.839957197213855e-19
spectrum,Roland hardware demo,19966.66259765625,2.203856272049266e-18
spectrum,Roland hardware demo,19972.0458984375,5.8292410383346924e-18
spectrum,Roland hardware demo,19977.42919921875,6.755746603710944e-18
spectrum,Roland hardware demo,19982.8125,4.113836365564061e-18
spectrum,Roland hardware demo,19988.19580078125,5.577169327187733e-18
spectrum,Roland hardware demo,19993.5791015625,4.089291435247775e-18
spectrum,Roland hardware demo,19998.96240234375,1.1014487848596585e-18
spectrum,Roland hardware demo,20004.345703125,2.6604294678934493e-19
spectrum,Roland hardware demo,20009.72900390625,1.2328206791671412e-19
spectrum,Roland hardware demo,20015.1123046875,1.6692378099288801e-19
spectrum,Roland hardware demo,20020.49560546875,1.9207414289407746e-19
spectrum,Roland hardware demo,20025.87890625,2.964145114910603e-19
spectrum,Roland hardware demo,20031.26220703125,3.2655777434371105e-19
spectrum,Roland hardware demo,20036.6455078125,1.3354166660239175e-19
spectrum,Roland hardware demo,20042.02880859375,1.0525473921597779e-19
spectrum,Roland hardware demo,20047.412109375,6.760988654047845e-19
spectrum,Roland hardware demo,20052.79541015625,1.7217273311802568e-18
spectrum,Roland hardware demo,20058.1787109375,7.27075163123072e-19
spectrum,Roland hardware demo,20063.56201171875,1.8245815534845145e-19
spectrum,Roland hardware demo,20068.9453125,1.9720077568613385e-19
spectrum,Roland hardware demo,20074.32861328125,2.6053500958429574e-19
spectrum,Roland hardware demo,20079.7119140625,1.738799563541527e-19
spectrum,Roland hardware demo,20085.09521484375,6.148145013868027e-19
spectrum,Roland hardware demo,20090.478515625,2.2355726514812335e-18
spectrum,Roland hardware demo,20095.86181640625,1.5856574645837791e-18
spectrum,Roland hardware demo,20101.2451171875,4.180149729212424e-19
spectrum,Roland hardware demo,20106.62841796875,4.845539242322849e-19
spectrum,Roland hardware demo,20112.01171875,3.9755964940281273e-19
spectrum,Roland hardware demo,20117.39501953125,1.2519037358987396e-18
spectrum,Roland hardware demo,20122.7783203125,1.6510738025566165e-18
spectrum,Roland hardware demo,20128.16162109375,9.717243241396517e-19
spectrum,Roland hardware demo,20133.544921875,8.234488906170713e-19
spectrum,Roland hardware demo,20138.92822265625,4.998957464508825e-19
spectrum,Roland hardware demo,20144.3115234375,5.890804989399717e-19
spectrum,Roland hardware demo,20149.69482421875,6.178611109804121e-19
spectrum,Roland hardware demo,20155.078125,9.171274051814314e-19
spectrum,Roland hardware demo,20160.46142578125,5.15621070280975e-19
spectrum,Roland hardware demo,20165.8447265625,1.3737344120331528e-18
spectrum,Roland hardware demo,20171.22802734375,1.6375271690624121e-18
spectrum,Roland hardware demo,20176.611328125,3.8924472648785313e-19
spectrum,Roland hardware demo,20181.99462890625,2.8405017758613564e-19
spectrum,Roland hardware demo,20187.3779296875,2.806060301600121e-19
spectrum,Roland hardware demo,20192.76123046875,1.9899747660008438e-19
spectrum,Roland hardware demo,20198.14453125,4.714992047086082e-19
spectrum,Roland hardware demo,20203.52783203125,2.9759410723371272e-18
spectrum,Roland hardware demo,20208.9111328125,4.96189253523609e-18
spectrum,Roland hardware demo,20214.29443359375,2.171162578723567e-18
spectrum,Roland hardware demo,20219.677734375,1.2846815948517658e-18
spectrum,Roland hardware demo,20225.06103515625,1.5287035978676655e-18
spectrum,Roland hardware demo,20230.4443359375,6.508928109839155e-19
spectrum,Roland hardware demo,20235.82763671875,1.51798072634017e-19
spectrum,Roland hardware demo,20241.2109375,8.086517022083545e-20
spectrum,Roland hardware demo,20246.59423828125,8.258803880276709e-20
spectrum,Roland hardware demo,20251.9775390625,8.612384818051915e-20
spectrum,Roland hardware demo,20257.36083984375,1.8645519546588424e-19
spectrum,Roland hardware demo,20262.744140625,1.333338374734878e-19
spectrum,Roland hardware demo,20268.12744140625,4.7649713336723017e-20
spectrum,Roland hardware demo,20273.5107421875,4.245960735735026e-20
spectrum,Roland hardware demo,20278.89404296875,2.2729904766827995e-19
spectrum,Roland hardware demo,20284.27734375,8.04546986439622e-19
spectrum,Roland hardware demo,20289.66064453125,6.095575617988751e-19
spectrum,Roland hardware demo,20295.0439453125,5.038130670367805e-19
spectrum,Roland hardware demo,20300.42724609375,9.825106559297666e-19
spectrum,Roland hardware demo,20305.810546875,9.140877232254521e-19
spectrum,Roland hardware demo,20311.19384765625,5.1757249274356415e-19
spectrum,Roland hardware demo,20316.5771484375,1.0424903493265992e-18
spectrum,Roland hardware demo,20321.96044921875,9.100733743537016e-18
spectrum,Roland hardware demo,20327.34375,1.0051104710356341e-17
spectrum,Roland hardware demo,20332.72705078125,1.4882637716957137e-18
spectrum,Roland hardware demo,20338.1103515625,5.209149228037378e-19
spectrum,Roland hardware demo,20343.49365234375,6.156560542624988e-19
spectrum,Roland hardware demo,20348.876953125,1.0105139249895602e-18
spectrum,Roland hardware demo,20354.26025390625,2.8154018590528356e-18
spectrum,Roland hardware demo,20359.6435546875,1.428310961668789e-17
spectrum,Roland hardware demo,20365.02685546875,1.671304365592979e-17
spectrum,Roland hardware demo,20370.41015625,2.905261590921768e-18
spectrum,Roland hardware demo,20375.79345703125,4.2794902433709214e-19
spectrum,Roland hardware demo,20381.1767578125,3.0064303293303724e-19
spectrum,Roland hardware demo,20386.56005859375,2.7181855447073745e-19
spectrum,Roland hardware demo,20391.943359375,9.645739681295902e-19
spectrum,Roland hardware demo,20397.32666015625,2.100239699412964e-18
spectrum,Roland hardware demo,20402.7099609375,1.4378691370444159e-18
spectrum,Roland hardware demo,20408.09326171875,6.557863080902027e-19
spectrum,Roland hardware demo,20413.4765625,9.740479778778897e-19
spectrum,Roland hardware demo,20418.85986328125,6.927157865376326e-19
spectrum,Roland hardware demo,20424.2431640625,4.1822365508015305e-19
spectrum,Roland hardware demo,20429.62646484375,6.470466279306971e-19
spectrum,Roland hardware demo,20435.009765625,5.9746606307924335e-18
spectrum,Roland hardware demo,20440.39306640625,1.584263127584229e-17
spectrum,Roland hardware demo,20445.7763671875,5.8778643691017845e-18
spectrum,Roland hardware demo,20451.15966796875,1.2493223120021147e-18
spectrum,Roland hardware demo,20456.54296875,8.880174718596183e-19
spectrum,Roland hardware demo,20461.92626953125,4.5232047419941044e-18
spectrum,Roland hardware demo,20467.3095703125,4.775120943185904e-18
spectrum,Roland hardware demo,20472.69287109375,3.2208063859875247e-18
spectrum,Roland hardware demo,20478.076171875,1.1959360752679423e-17
spectrum,Roland hardware demo,20483.45947265625,2.6005866935675096e-17
spectrum,Roland hardware demo,20488.8427734375,4.451667350206436e-17
spectrum,Roland hardware demo,20494.22607421875,1.505695031462105e-17
spectrum,Roland hardware demo,20499.609375,6.8269788485706414e-18
spectrum,Roland hardware demo,20504.99267578125,1.3216314633012952e-17
spectrum,Roland hardware demo,20510.3759765625,1.23288464504391e-16
spectrum,Roland hardware demo,20515.75927734375,4.992393662271125e-16
spectrum,Roland hardware demo,20521.142578125,3.619003853681162e-16
spectrum,Roland hardware demo,20526.52587890625,7.1523071636904e-17
spectrum,Roland hardware demo,20531.9091796875,2.716385031007788e-17
spectrum,Roland hardware demo,20537.29248046875,2.2564517654768683e-17
spectrum,Roland hardware demo,20542.67578125,1.823573923421333e-17
spectrum,Roland hardware demo,20548.05908203125,2.274855872361683e-17
spectrum,Roland hardware demo,20553.4423828125,4.3999487095871704e-17
spectrum,Roland hardware demo,20558.82568359375,5.982448122669314e-17
spectrum,Roland hardware demo,20564.208984375,2.0141425722681577e-16
spectrum,Roland hardware demo,20569.59228515625,2.8309535163133226e-16
spectrum,Roland hardware demo,20574.9755859375,1.8637482990629104e-16
spectrum,Roland hardware demo,20580.35888671875,3.081169166514611e-16
spectrum,Roland hardware demo,20585.7421875,1.3960720274284533e-16
spectrum,Roland hardware demo,20591.12548828125,2.744542920803583e-16
spectrum,Roland hardware demo,20596.5087890625,2.9638273100513087e-16
spectrum,Roland hardware demo,20601.89208984375,6.431816968288951e-17
spectrum,Roland hardware demo,20607.275390625,1.9801544157300683e-17
spectrum,Roland hardware demo,20612.65869140625,5.1086942637793456e-17
spectrum,Roland hardware demo,20618.0419921875,3.092400029301815e-16
spectrum,Roland hardware demo,20623.42529296875,6.355438551597153e-16
spectrum,Roland hardware demo,20628.80859375,2.3146850291376952e-15
spectrum,Roland hardware demo,20634.19189453125,4.506614655427508e-15
spectrum,Roland hardware demo,20639.5751953125,9.948601018244362e-16
spectrum,Roland hardware demo,20644.95849609375,8.500043123634888e-17
spectrum,Roland hardware demo,20650.341796875,3.990109171080217e-17
spectrum,Roland hardware demo,20655.72509765625,2.5210099334064382e-17
spectrum,Roland hardware demo,20661.1083984375,1.8033205715590946e-17
spectrum,Roland hardware demo,20666.49169921875,1.3574839525911811e-17
spectrum,Roland hardware demo,20671.875,9.518398741510966e-18
spectrum,Roland hardware demo,20677.25830078125,1.0016781678019066e-17
spectrum,Roland hardware demo,20682.6416015625,7.372703813076988e-18
spectrum,Roland hardware demo,20688.02490234375,7.288876502620252e-18
spectrum,Roland hardware demo,20693.408203125,7.941853705350225e-18
spectrum,Roland hardware demo,20698.79150390625,7.709089216880865e-18
spectrum,Roland hardware demo,20704.1748046875,2.934943354201039e-17
spectrum,Roland hardware demo,20709.55810546875,9.63100283829781e-17
spectrum,Roland hardware demo,20714.94140625,5.654146093247428e-17
spectrum,Roland hardware demo,20720.32470703125,3.8922308744302874e-17
spectrum,Roland hardware demo,20725.7080078125,3.6652975129710595e-17
spectrum,Roland hardware demo,20731.09130859375,1.2917808310999716e-17
spectrum,Roland hardware demo,20736.474609375,1.6222904401406394e-17
spectrum,Roland hardware demo,20741.85791015625,1.0908660056746806e-16
spectrum,Roland hardware demo,20747.2412109375,6.073965268059813e-16
spectrum,Roland hardware demo,20752.62451171875,5.199700211551287e-16
spectrum,Roland hardware demo,20758.0078125,1.5752110254432653e-16
spectrum,Roland hardware demo,20763.39111328125,2.732372116142723e-16
spectrum,Roland hardware demo,20768.7744140625,1.3988942353295862e-16
spectrum,Roland hardware demo,20774.15771484375,1.4066988498451466e-16
spectrum,Roland hardware demo,20779.541015625,9.751482687132894e-17
spectrum,Roland hardware demo,20784.92431640625,2.467656453024523e-17
spectrum,Roland hardware demo,20790.3076171875,1.8016691881841938e-17
spectrum,Roland hardware demo,20795.69091796875,8.477775752417206e-18
spectrum,Roland hardware demo,20801.07421875,7.185537655874615e-18
spectrum,Roland hardware demo,20806.45751953125,9.002349708660572e-18
spectrum,Roland hardware demo,20811.8408203125,1.0943164407074353e-17
spectrum,Roland hardware demo,20817.22412109375,2.430671884348297e-17
spectrum,Roland hardware demo,20822.607421875,1.1928649852641044e-16
spectrum,Roland hardware demo,20827.99072265625,1.5764818395619428e-16
spectrum,Roland hardware demo,20833.3740234375,4.105794350212698e-17
spectrum,Roland hardware demo,20838.75732421875,7.060677223951573e-18
spectrum,Roland hardware demo,20844.140625,5.2986634052054164e-18
spectrum,Roland hardware demo,20849.52392578125,9.989383801770085e-18
spectrum,Roland hardware demo,20854.9072265625,2.825971572920038e-17
spectrum,Roland hardware demo,20860.29052734375,2.493367542568386e-17
spectrum,Roland hardware demo,20865.673828125,1.678471223856261e-17
spectrum,Roland hardware demo,20871.05712890625,1.1160290218882785e-17
spectrum,Roland hardware demo,20876.4404296875,2.4348646974372057e-17
spectrum,Roland hardware demo,20881.82373046875,2.4824643094782022e-17
spectrum,Roland hardware demo,20887.20703125,4.678589379291272e-18
spectrum,Roland hardware demo,20892.59033203125,6.561864567115252e-18
spectrum,Roland hardware demo,20897.9736328125,4.0917435294556275e-17
spectrum,Roland hardware demo,20903.35693359375,1.164248638885608e-16
spectrum,Roland hardware demo,20908.740234375,4.211240687722998e-17
spectrum,Roland hardware demo,20914.12353515625,4.861149381252644e-18
spectrum,Roland hardware demo,20919.5068359375,3.0224737041059915e-18
spectrum,Roland hardware demo,20924.89013671875,4.149017184196554e-18
spectrum,Roland hardware demo,20930.2734375,6.3201454349247e-18
spectrum,Roland hardware demo,20935.65673828125,3.7104501593240016e-18
spectrum,Roland hardware demo,20941.0400390625,4.799016536721336e-18
spectrum,Roland hardware demo,20946.42333984375,5.63055390956068e-18
spectrum,Roland hardware demo,20951.806640625,2.1989372357415662e-18
spectrum,Roland hardware demo,20957.18994140625,1.478782834309784e-19
spectrum,Roland hardware demo,20962.5732421875,3.7827492862281337e-20
spectrum,Roland hardware demo,20967.95654296875,7.936293268025672e-20
spectrum,Roland hardware demo,20973.33984375,1.4786020953459412e-18
spectrum,Roland hardware demo,20978.72314453125,1.0728881615031266e-17
spectrum,Roland hardware demo,20984.1064453125,1.091136592996659e-17
spectrum,Roland hardware demo,20989.48974609375,2.9521579753650026e-18
spectrum,Roland hardware demo,20994.873046875,1.5436581961620117e-18
spectrum,Roland hardware demo,21000.25634765625,9.420784811784809e-19
spectrum,Roland hardware demo,21005.6396484375,7.755655763054844e-19
spectrum,Roland hardware demo,21011.02294921875,5.56670631961955e-18
spectrum,Roland hardware demo,21016.40625,4.429674602952121e-17
spectrum,Roland hardware demo,21021.78955078125,4.363843599338211e-17
spectrum,Roland hardware demo,21027.1728515625,5.423202891050788e-18
spectrum,Roland hardware demo,21032.55615234375,2.873756969726614e-18
spectrum,Roland hardware demo,21037.939453125,6.782456265690281e-18
spectrum,Roland hardware demo,21043.32275390625,4.943502655857811e-18
spectrum,Roland hardware demo,21048.7060546875,2.1399402329124466e-18
spectrum,Roland hardware demo,21054.08935546875,8.141899064690049e-18
spectrum,Roland hardware demo,21059.47265625,1.1776532330609278e-17
spectrum,Roland hardware demo,21064.85595703125,3.0588440084593356e-18
spectrum,Roland hardware demo,21070.2392578125,3.1438281310027274e-19
spectrum,Roland hardware demo,21075.62255859375,1.9110632865269335e-19
spectrum,Roland hardware demo,21081.005859375,5.70718640304943e-19
spectrum,Roland hardware demo,21086.38916015625,7.648551383365713e-19
spectrum,Roland hardware demo,21091.7724609375,2.8731446492781717e-19
spectrum,Roland hardware demo,21097.15576171875,2.8020071165986113e-19
spectrum,Roland hardware demo,21102.5390625,1.013679596892589e-19
spectrum,Roland hardware demo,21107.92236328125,5.980965608216466e-20
spectrum,Roland hardware demo,21113.3056640625,1.1597525844860645e-19
spectrum,Roland hardware demo,21118.68896484375,2.405306287466782e-19
spectrum,Roland hardware demo,21124.072265625,2.8445484985143307e-19
spectrum,Roland hardware demo,21129.45556640625,9.895635080251234e-19
spectrum,Roland hardware demo,21134.8388671875,1.8753183307166795e-18
spectrum,Roland hardware demo,21140.22216796875,8.455138300593467e-19
spectrum,Roland hardware demo,21145.60546875,8.695745236751653e-20
spectrum,Roland hardware demo,21150.98876953125,3.8255184013062466e-20
spectrum,Roland hardware demo,21156.3720703125,7.24414148941883e-20
spectrum,Roland hardware demo,21161.75537109375,1.402068811831909e-19
spectrum,Roland hardware demo,21167.138671875,3.5375195736685125e-19
spectrum,Roland hardware demo,21172.52197265625,2.2780767068718115e-18
spectrum,Roland hardware demo,21177.9052734375,2.2834176052919132e-18
spectrum,Roland hardware demo,21183.28857421875,1.7284425901881154e-18
spectrum,Roland hardware demo,21188.671875,3.529760826317918e-18
spectrum,Roland hardware demo,21194.05517578125,1.3976175978593964e-18
spectrum,Roland hardware demo,21199.4384765625,4.719634598274036e-19
spectrum,Roland hardware demo,21204.82177734375,1.3193957802212022e-18
spectrum,Roland hardware demo,21210.205078125,4.285394451788172e-18
spectrum,Roland hardware demo,21215.58837890625,4.345883688442337e-18
spectrum,Roland hardware demo,21220.9716796875,5.9941155052093744e-18
spectrum,Roland hardware demo,21226.35498046875,5.639269084494539e-18
spectrum,Roland hardware demo,21231.73828125,1.1882880667218536e-18
spectrum,Roland hardware demo,21237.12158203125,1.231403925572991e-18
spectrum,Roland hardware demo,21242.5048828125,1.1765392068914567e-18
spectrum,Roland hardware demo,21247.88818359375,4.063250548793687e-18
spectrum,Roland hardware demo,21253.271484375,6.124813350715203e-18
spectrum,Roland hardware demo,21258.65478515625,1.626967898350443e-18
spectrum,Roland hardware demo,21264.0380859375,4.0614456923958847e-19
spectrum,Roland hardware demo,21269.42138671875,7.424500725661717e-19
spectrum,Roland hardware demo,21274.8046875,4.2518528466358176e-19
spectrum,Roland hardware demo,21280.18798828125,5.1848249481494905e-19
spectrum,Roland hardware demo,21285.5712890625,4.748212757859554e-18
spectrum,Roland hardware demo,21290.95458984375,1.2973741436839939e-17
spectrum,Roland hardware demo,21296.337890625,5.765792976629425e-18
spectrum,Roland hardware demo,21301.72119140625,8.212799196533807e-19
spectrum,Roland hardware demo,21307.1044921875,5.646265067922783e-19
spectrum,Roland hardware demo,21312.48779296875,1.4387501877943614e-18
spectrum,Roland hardware demo,21317.87109375,1.24105515876753e-18
spectrum,Roland hardware demo,21323.25439453125,6.423372819082796e-19
spectrum,Roland hardware demo,21328.6376953125,6.746544012601138e-19
spectrum,Roland hardware demo,21334.02099609375,4.59430898065401e-19
spectrum,Roland hardware demo,21339.404296875,5.652132363405198e-19
spectrum,Roland hardware demo,21344.78759765625,2.2098489887920595e-18
spectrum,Roland hardware demo,21350.1708984375,6.8737865178931796e-18
spectrum,Roland hardware demo,21355.55419921875,7.423247030045816e-18
spectrum,Roland hardware demo,21360.9375,2.41556963431461e-18
spectrum,Roland hardware demo,21366.32080078125,7.202036186782291e-19
spectrum,Roland hardware demo,21371.7041015625,8.636988788384422e-19
spectrum,Roland hardware demo,21377.08740234375,5.103073654235109e-19
spectrum,Roland hardware demo,21382.470703125,1.9836344266056248e-19
spectrum,Roland hardware demo,21387.85400390625,1.993897411561935e-19
spectrum,Roland hardware demo,21393.2373046875,3.8140424335298097e-19
spectrum,Roland hardware demo,21398.62060546875,3.7281743651043284e-19
spectrum,Roland hardware demo,21404.00390625,9.962395793514623e-19
spectrum,Roland hardware demo,21409.38720703125,1.3452219099087563e-18
spectrum,Roland hardware demo,21414.7705078125,4.661854481523558e-19
spectrum,Roland hardware demo,21420.15380859375,2.4408828086248046e-19
spectrum,Roland hardware demo,21425.537109375,6.094571627520264e-19
spectrum,Roland hardware demo,21430.92041015625,1.2415772131316276e-18
spectrum,Roland hardware demo,21436.3037109375,7.780178049301862e-19
spectrum,Roland hardware demo,21441.68701171875,1.6308310386062188e-18
spectrum,Roland hardware demo,21447.0703125,1.932665315018909e-18
spectrum,Roland hardware demo,21452.45361328125,7.724676298151085e-19
spectrum,Roland hardware demo,21457.8369140625,2.262521213561234e-19
spectrum,Roland hardware demo,21463.22021484375,1.510696237823904e-19
spectrum,Roland hardware demo,21468.603515625,3.7624354105944506e-19
spectrum,Roland hardware demo,21473.98681640625,3.259987811953842e-19
spectrum,Roland hardware demo,21479.3701171875,2.998933488041228e-19
spectrum,Roland hardware demo,21484.75341796875,3.82385486354622e-19
spectrum,Roland hardware demo,21490.13671875,4.481302667294312e-19
spectrum,Roland hardware demo,21495.52001953125,1.8764060732221867e-18
spectrum,Roland hardware demo,21500.9033203125,2.074528030842672e-18
spectrum,Roland hardware demo,21506.28662109375,1.903521260496828e-18
spectrum,Roland hardware demo,21511.669921875,2.204032668314893e-18
spectrum,Roland hardware demo,21517.05322265625,1.6076778396705533e-18
spectrum,Roland hardware demo,21522.4365234375,1.4555953073786975e-18
spectrum,Roland hardware demo,21527.81982421875,1.964996910031463e-18
spectrum,Roland hardware demo,21533.203125,2.4958226973445048e-18
spectrum,Roland hardware demo,21538.58642578125,2.215220906485132e-18
spectrum,Roland hardware demo,21543.9697265625,2.3396092250735592e-18
spectrum,Roland hardware demo,21549.35302734375,2.473828171651873e-18
spectrum,Roland hardware demo,21554.736328125,2.339879506338711e-18
spectrum,Roland hardware demo,21560.11962890625,3.2089284859815695e-18
spectrum,Roland hardware demo,21565.5029296875,2.7477752944832566e-18
spectrum,Roland hardware demo,21570.88623046875,2.4997774478531208e-18
spectrum,Roland hardware demo,21576.26953125,3.478292821424256e-18
spectrum,Roland hardware demo,21581.65283203125,1.5692813977657912e-17
spectrum,Roland hardware demo,21587.0361328125,2.7248930799162634e-17
spectrum,Roland hardware demo,21592.41943359375,1.195572777542909e-17
spectrum,Roland hardware demo,21597.802734375,3.904808651952524e-18
spectrum,Roland hardware demo,21603.18603515625,2.3411723896361313e-18
spectrum,Roland hardware demo,21608.5693359375,1.9751722655416308e-18
spectrum,Roland hardware demo,21613.95263671875,1.6719859624177227e-18
spectrum,Roland hardware demo,21619.3359375,1.4421580685205033e-18
spectrum,Roland hardware demo,21624.71923828125,3.891170925193362e-18
spectrum,Roland hardware demo,21630.1025390625,2.2877851189261932e-18
spectrum,Roland hardware demo,21635.48583984375,3.355755939841876e-18
spectrum,Roland hardware demo,21640.869140625,1.7953336877955582e-18
spectrum,Roland hardware demo,21646.25244140625,3.440356095484678e-19
spectrum,Roland hardware demo,21651.6357421875,3.716259345368385e-19
spectrum,Roland hardware demo,21657.01904296875,1.6513278504022468e-18
spectrum,Roland hardware demo,21662.40234375,6.7206609108488945e-18
spectrum,Roland hardware demo,21667.78564453125,4.8091362643353095e-18
spectrum,Roland hardware demo,21673.1689453125,2.56918120996877e-18
spectrum,Roland hardware demo,21678.55224609375,6.1228562413859025e-18
spectrum,Roland hardware demo,21683.935546875,8.159291364249589e-18
spectrum,Roland hardware demo,21689.31884765625,4.7899638720975554e-18
spectrum,Roland hardware demo,21694.7021484375,8.30819214631526e-18
spectrum,Roland hardware demo,21700.08544921875,4.4463882835371225e-17
spectrum,Roland hardware demo,21705.46875,5.3398227544331975e-17
spectrum,Roland hardware demo,21710.85205078125,7.948317294656714e-18
spectrum,Roland hardware demo,21716.2353515625,3.706684005995048e-18
spectrum,Roland hardware demo,21721.61865234375,3.698398137799104e-18
spectrum,Roland hardware demo,21727.001953125,4.1564307904365606e-18
spectrum,Roland hardware demo,21732.38525390625,7.760754090760315e-18
spectrum,Roland hardware demo,21737.7685546875,2.802177557163828e-17
spectrum,Roland hardware demo,21743.15185546875,2.6155082046373536e-17
spectrum,Roland hardware demo,21748.53515625,6.963318893034694e-18
spectrum,Roland hardware demo,21753.91845703125,2.7091924887864863e-18
spectrum,Roland hardware demo,21759.3017578125,2.1997435300436523e-18
spectrum,Roland hardware demo,21764.68505859375,1.8869042359664035e-18
spectrum,Roland hardware demo,21770.068359375,2.103259735829395e-18
spectrum,Roland hardware demo,21775.45166015625,2.2683974529340222e-18
spectrum,Roland hardware demo,21780.8349609375,1.949830553500303e-18
spectrum,Roland hardware demo,21786.21826171875,1.0646983910148463e-18
spectrum,Roland hardware demo,21791.6015625,1.3244784948926108e-18
spectrum,Roland hardware demo,21796.98486328125,7.237994761985737e-19
spectrum,Roland hardware demo,21802.3681640625,5.107343974147414e-19
spectrum,Roland hardware demo,21807.75146484375,5.64656440390695e-19
spectrum,Roland hardware demo,21813.134765625,3.0280617227340935e-18
spectrum,Roland hardware demo,21818.51806640625,7.222775672690527e-18
spectrum,Roland hardware demo,21823.9013671875,2.3217892731373293e-18
spectrum,Roland hardware demo,21829.28466796875,4.1849367785136333e-19
spectrum,Roland hardware demo,21834.66796875,3.3239653209499316e-19
spectrum,Roland hardware demo,21840.05126953125,2.2222579387512737e-19
spectrum,Roland hardware demo,21845.4345703125,2.1982774558054786e-19
spectrum,Roland hardware demo,21850.81787109375,8.94776157849636e-19
spectrum,Roland hardware demo,21856.201171875,3.647550518364857e-18
spectrum,Roland hardware demo,21861.58447265625,8.043916212410693e-18
spectrum,Roland hardware demo,21866.9677734375,1.2781483982967302e-17
spectrum,Roland hardware demo,21872.35107421875,4.272503669122145e-18
spectrum,Roland hardware demo,21877.734375,1.400784872424862e-18
spectrum,Roland hardware demo,21883.11767578125,1.7528896029993904e-18
spectrum,Roland hardware demo,21888.5009765625,1.0384051524353835e-17
spectrum,Roland hardware demo,21893.88427734375,3.5550879386214343e-17
spectrum,Roland hardware demo,21899.267578125,2.185876053869354e-17
spectrum,Roland hardware demo,21904.65087890625,2.620145461869387e-18
spectrum,Roland hardware demo,21910.0341796875,1.1996999538502117e-18
spectrum,Roland hardware demo,21915.41748046875,1.107515430869699e-18
spectrum,Roland hardware demo,21920.80078125,5.842167286369482e-19
spectrum,Roland hardware demo,21926.18408203125,1.1485125699793584e-18
spectrum,Roland hardware demo,21931.5673828125,5.347308242668435e-18
spectrum,Roland hardware demo,21936.95068359375,1.1781086787061995e-17
spectrum,Roland hardware demo,21942.333984375,8.39930046595981e-17
spectrum,Roland hardware demo,21947.71728515625,1.481317423240126e-16
spectrum,Roland hardware demo,21953.1005859375,2.28510430927897e-16
spectrum,Roland hardware demo,21958.48388671875,5.494094453303399e-16
spectrum,Roland hardware demo,21963.8671875,4.2842532072406446e-16
spectrum,Roland hardware demo,21969.25048828125,1.9551671886315278e-15
spectrum,Roland hardware demo,21974.6337890625,2.4577546114013405e-15
spectrum,Roland hardware demo,21980.01708984375,5.308955815044067e-16
spectrum,Roland hardware demo,21985.400390625,1.2049187934991252e-16
spectrum,Roland hardware demo,21990.78369140625,1.6569671749078424e-16
spectrum,Roland hardware demo,21996.1669921875,7.196679911074602e-16
spectrum,Roland hardware demo,22001.55029296875,1.1375903415135878e-15
spectrum,Roland hardware demo,22006.93359375,2.5244792083048244e-15
spectrum,Roland hardware demo,22012.31689453125,4.3628913754868194e-15
spectrum,Roland hardware demo,22017.7001953125,8.771927200115922e-16
spectrum,Roland hardware demo,22023.08349609375,4.6448993882767834e-17
spectrum,Roland hardware demo,22028.466796875,1.302781092476008e-17
spectrum,Roland hardware demo,22033.85009765625,4.911344768773893e-18
spectrum,Roland hardware demo,22039.2333984375,1.9467309009499138e-18
spectrum,Roland hardware demo,22044.61669921875,6.928006759479959e-19
spectrum,Roland hardware demo,22050.0,8.270809631386092e-20
spectrum,Septum / reconstructed MIDI,0.0,1.220249373545812e-06
spectrum,Septum / reconstructed MIDI,5.38330078125,2.4555338313803077e-06
spectrum,Septum / reconstructed MIDI,10.7666015625,3.272642743468168e-06
spectrum,Septum / reconstructed MIDI,16.14990234375,4.702866135630757e-06
spectrum,Septum / reconstructed MIDI,21.533203125,7.946772711875383e-06
spectrum,Septum / reconstructed MIDI,26.91650390625,1.7022381143760867e-05
spectrum,Septum / reconstructed MIDI,32.2998046875,0.00012901581067126244
spectrum,Septum / reconstructed MIDI,37.68310546875,0.0006710851448588073
spectrum,Septum / reconstructed MIDI,43.06640625,0.00039960688445717096
spectrum,Septum / reconstructed MIDI,48.44970703125,0.00013373239198699594
spectrum,Septum / reconstructed MIDI,53.8330078125,8.183692261809483e-05
spectrum,Septum / reconstructed MIDI,59.21630859375,2.9371580239967443e-05
spectrum,Septum / reconstructed MIDI,64.599609375,2.787783887470141e-05
spectrum,Septum / reconstructed MIDI,69.98291015625,5.327687904355116e-05
spectrum,Septum / reconstructed MIDI,75.3662109375,0.00014853611355647445
spectrum,Septum / reconstructed MIDI,80.74951171875,9.908989886753261e-05
spectrum,Septum / reconstructed MIDI,86.1328125,1.8518838260206394e-05
spectrum,Septum / reconstructed MIDI,91.51611328125,2.3409687855746597e-05
spectrum,Septum / reconstructed MIDI,96.8994140625,1.4846239537291694e-05
spectrum,Septum / reconstructed MIDI,102.28271484375,9.19010562938638e-06
spectrum,Septum / reconstructed MIDI,107.666015625,3.5418840980128152e-06
spectrum,Septum / reconstructed MIDI,113.04931640625,4.614618774212431e-06
spectrum,Septum / reconstructed MIDI,118.4326171875,4.803947831533151e-06
spectrum,Septum / reconstructed MIDI,123.81591796875,1.2053934597133775e-06
spectrum,Septum / reconstructed MIDI,129.19921875,9.45979593325319e-07
spectrum,Septum / reconstructed MIDI,134.58251953125,1.1037698186555644e-06
spectrum,Septum / reconstructed MIDI,139.9658203125,1.1161353086208692e-06
spectrum,Septum / reconstructed MIDI,145.34912109375,1.0254435665046913e-06
spectrum,Septum / reconstructed MIDI,150.732421875,1.0064313755719922e-06
spectrum,Septum / reconstructed MIDI,156.11572265625,1.06431218682701e-06
spectrum,Septum / reconstructed MIDI,161.4990234375,6.090728561503056e-07
spectrum,Septum / reconstructed MIDI,166.88232421875,5.385490453591046e-07
spectrum,Septum / reconstructed MIDI,172.265625,4.6235274453465536e-07
spectrum,Septum / reconstructed MIDI,177.64892578125,4.534759341368044e-07
spectrum,Septum / reconstructed MIDI,183.0322265625,3.91836238122778e-07
spectrum,Septum / reconstructed MIDI,188.41552734375,4.891159051112481e-07
spectrum,Septum / reconstructed MIDI,193.798828125,7.941221156215761e-07
spectrum,Septum / reconstructed MIDI,199.18212890625,4.857980115957616e-07
spectrum,Septum / reconstructed MIDI,204.5654296875,2.2969815915985237e-07
spectrum,Septum / reconstructed MIDI,209.94873046875,2.2535431298820185e-07
spectrum,Septum / reconstructed MIDI,215.33203125,2.0710139381208137e-07
spectrum,Septum / reconstructed MIDI,220.71533203125,1.9432947340192186e-07
spectrum,Septum / reconstructed MIDI,226.0986328125,2.7454589712760935e-07
spectrum,Septum / reconstructed MIDI,231.48193359375,6.25609288817941e-07
spectrum,Septum / reconstructed MIDI,236.865234375,5.13500026499969e-07
spectrum,Septum / reconstructed MIDI,242.24853515625,2.0022598334890063e-07
spectrum,Septum / reconstructed MIDI,247.6318359375,1.3631020578941389e-07
spectrum,Septum / reconstructed MIDI,253.01513671875,1.3834376488830458e-07
spectrum,Septum / reconstructed MIDI,258.3984375,1.324396805557626e-07
spectrum,Septum / reconstructed MIDI,263.78173828125,1.2957400485902326e-07
spectrum,Septum / reconstructed MIDI,269.1650390625,1.7380875760864e-07
spectrum,Septum / reconstructed MIDI,274.54833984375,2.3699035978097527e-07
spectrum,Septum / reconstructed MIDI,279.931640625,1.5071744030592527e-07
spectrum,Septum / reconstructed MIDI,285.31494140625,1.1628034712884983e-07
spectrum,Septum / reconstructed MIDI,290.6982421875,8.854016186887748e-08
spectrum,Septum / reconstructed MIDI,296.08154296875,9.214573992721853e-08
spectrum,Septum / reconstructed MIDI,301.46484375,8.134531270798107e-08
spectrum,Septum / reconstructed MIDI,306.84814453125,9.096554975940307e-08
spectrum,Septum / reconstructed MIDI,312.2314453125,8.889705327419506e-08
spectrum,Septum / reconstructed MIDI,317.61474609375,8.229037717910614e-08
spectrum,Septum / reconstructed MIDI,322.998046875,7.881720875957399e-08
spectrum,Septum / reconstructed MIDI,328.38134765625,7.46546007235338e-08
spectrum,Septum / reconstructed MIDI,333.7646484375,6.501404214986906e-08
spectrum,Septum / reconstructed MIDI,339.14794921875,6.613134928556974e-08
spectrum,Septum / reconstructed MIDI,344.53125,6.62301147258404e-08
spectrum,Septum / reconstructed MIDI,349.91455078125,7.233565924025243e-08
spectrum,Septum / reconstructed MIDI,355.2978515625,5.964651705880897e-08
spectrum,Septum / reconstructed MIDI,360.68115234375,5.351646237272689e-08
spectrum,Septum / reconstructed MIDI,366.064453125,5.155375504273252e-08
spectrum,Septum / reconstructed MIDI,371.44775390625,4.652305563013215e-08
spectrum,Septum / reconstructed MIDI,376.8310546875,4.659232999415508e-08
spectrum,Septum / reconstructed MIDI,382.21435546875,4.59399522867443e-08
spectrum,Septum / reconstructed MIDI,387.59765625,5.0707921417370017e-08
spectrum,Septum / reconstructed MIDI,392.98095703125,4.1106968495796536e-08
spectrum,Septum / reconstructed MIDI,398.3642578125,3.582050922545932e-08
spectrum,Septum / reconstructed MIDI,403.74755859375,3.226567812930625e-08
spectrum,Septum / reconstructed MIDI,409.130859375,3.155608752081207e-08
spectrum,Septum / reconstructed MIDI,414.51416015625,2.9139449964077357e-08
spectrum,Septum / reconstructed MIDI,419.8974609375,2.9603896223306947e-08
spectrum,Septum / reconstructed MIDI,425.28076171875,3.212178967260115e-08
spectrum,Septum / reconstructed MIDI,430.6640625,3.051352592819967e-08
spectrum,Septum / reconstructed MIDI,436.04736328125,2.6665357921729083e-08
spectrum,Septum / reconstructed MIDI,441.4306640625,2.4840961287964092e-08
spectrum,Septum / reconstructed MIDI,446.81396484375,2.4428937095422043e-08
spectrum,Septum / reconstructed MIDI,452.197265625,2.243815266922411e-08
spectrum,Septum / reconstructed MIDI,457.58056640625,2.252730268992309e-08
spectrum,Septum / reconstructed MIDI,462.9638671875,2.2948876576833754e-08
spectrum,Septum / reconstructed MIDI,468.34716796875,2.2439344604663347e-08
spectrum,Septum / reconstructed MIDI,473.73046875,2.0088343433144473e-08
spectrum,Septum / reconstructed MIDI,479.11376953125,2.0495580344004338e-08
spectrum,Septum / reconstructed MIDI,484.4970703125,1.9236134463085364e-08
spectrum,Septum / reconstructed MIDI,489.88037109375,1.9167499587524617e-08
spectrum,Septum / reconstructed MIDI,495.263671875,1.8314468164248865e-08
spectrum,Septum / reconstructed MIDI,500.64697265625,1.8446803196070505e-08
spectrum,Septum / reconstructed MIDI,506.0302734375,1.8363873977023104e-08
spectrum,Septum / reconstructed MIDI,511.41357421875,1.622958833991106e-08
spectrum,Septum / reconstructed MIDI,516.796875,1.583161335361183e-08
spectrum,Septum / reconstructed MIDI,522.18017578125,1.4530288083847154e-08
spectrum,Septum / reconstructed MIDI,527.5634765625,1.4914432355794816e-08
spectrum,Septum / reconstructed MIDI,532.94677734375,1.4096210421143951e-08
spectrum,Septum / reconstructed MIDI,538.330078125,1.4468626297059473e-08
spectrum,Septum / reconstructed MIDI,543.71337890625,1.3423187006367243e-08
spectrum,Septum / reconstructed MIDI,549.0966796875,1.2945002403341732e-08
spectrum,Septum / reconstructed MIDI,554.47998046875,1.2278199790216604e-08
spectrum,Septum / reconstructed MIDI,559.86328125,1.263455118305501e-08
spectrum,Septum / reconstructed MIDI,565.24658203125,1.1488269002768448e-08
spectrum,Septum / reconstructed MIDI,570.6298828125,1.1756251083738789e-08
spectrum,Septum / reconstructed MIDI,576.01318359375,1.1100801167174268e-08
spectrum,Septum / reconstructed MIDI,581.396484375,1.1565170154881343e-08
spectrum,Septum / reconstructed MIDI,586.77978515625,1.0371811853815416e-08
spectrum,Septum / reconstructed MIDI,592.1630859375,1.0480075474106343e-08
spectrum,Septum / reconstructed MIDI,597.54638671875,9.626902830461859e-09
spectrum,Septum / reconstructed MIDI,602.9296875,9.79160841296789e-09
spectrum,Septum / reconstructed MIDI,608.31298828125,8.99111007868214e-09
spectrum,Septum / reconstructed MIDI,613.6962890625,9.162754111002869e-09
spectrum,Septum / reconstructed MIDI,619.07958984375,8.39051317313988e-09
spectrum,Septum / reconstructed MIDI,624.462890625,8.506489734827483e-09
spectrum,Septum / reconstructed MIDI,629.84619140625,7.76512099065485e-09
spectrum,Septum / reconstructed MIDI,635.2294921875,7.889584985321108e-09
spectrum,Septum / reconstructed MIDI,640.61279296875,7.1523289513208965e-09
spectrum,Septum / reconstructed MIDI,645.99609375,7.495220444297956e-09
spectrum,Septum / reconstructed MIDI,651.37939453125,6.864379287208067e-09
spectrum,Septum / reconstructed MIDI,656.7626953125,6.9360708288002115e-09
spectrum,Septum / reconstructed MIDI,662.14599609375,6.2144325241320075e-09
spectrum,Septum / reconstructed MIDI,667.529296875,6.346680070379307e-09
spectrum,Septum / reconstructed MIDI,672.91259765625,5.694944515965972e-09
spectrum,Septum / reconstructed MIDI,678.2958984375,5.88625503894491e-09
spectrum,Septum / reconstructed MIDI,683.67919921875,5.33111821354737e-09
spectrum,Septum / reconstructed MIDI,689.0625,5.498776101120484e-09
spectrum,Septum / reconstructed MIDI,694.44580078125,4.887113380647179e-09
spectrum,Septum / reconstructed MIDI,699.8291015625,5.079943132813014e-09
spectrum,Septum / reconstructed MIDI,705.21240234375,4.718339940978922e-09
spectrum,Septum / reconstructed MIDI,710.595703125,4.76831019113888e-09
spectrum,Septum / reconstructed MIDI,715.97900390625,4.370514172791218e-09
spectrum,Septum / reconstructed MIDI,721.3623046875,4.4020409539768934e-09
spectrum,Septum / reconstructed MIDI,726.74560546875,4.146123444570549e-09
spectrum,Septum / reconstructed MIDI,732.12890625,4.082151505713227e-09
spectrum,Septum / reconstructed MIDI,737.51220703125,3.866519548978431e-09
spectrum,Septum / reconstructed MIDI,742.8955078125,3.7444958245203e-09
spectrum,Septum / reconstructed MIDI,748.27880859375,3.573997098271775e-09
spectrum,Septum / reconstructed MIDI,753.662109375,3.450316921060903e-09
spectrum,Septum / reconstructed MIDI,759.04541015625,3.3519023112660307e-09
spectrum,Septum / reconstructed MIDI,764.4287109375,3.1753444318383117e-09
spectrum,Septum / reconstructed MIDI,769.81201171875,3.12782666433975e-09
spectrum,Septum / reconstructed MIDI,775.1953125,2.900754969559216e-09
spectrum,Septum / reconstructed MIDI,780.57861328125,2.89721824309197e-09
spectrum,Septum / reconstructed MIDI,785.9619140625,2.67309663293247e-09
spectrum,Septum / reconstructed MIDI,791.34521484375,2.6964883659275074e-09
spectrum,Septum / reconstructed MIDI,796.728515625,2.46886422416992e-09
spectrum,Septum / reconstructed MIDI,802.11181640625,2.5176429829798508e-09
spectrum,Septum / reconstructed MIDI,807.4951171875,2.2679429445560118e-09
spectrum,Septum / reconstructed MIDI,812.87841796875,2.3125865666884238e-09
spectrum,Septum / reconstructed MIDI,818.26171875,2.0828834212949232e-09
spectrum,Septum / reconstructed MIDI,823.64501953125,2.1484689582962346e-09
spectrum,Septum / reconstructed MIDI,829.0283203125,1.9586872124222054e-09
spectrum,Septum / reconstructed MIDI,834.41162109375,2.0008923407033308e-09
spectrum,Septum / reconstructed MIDI,839.794921875,1.8021374392773737e-09
spectrum,Septum / reconstructed MIDI,845.17822265625,1.8425491132845195e-09
spectrum,Septum / reconstructed MIDI,850.5615234375,1.6521541912339899e-09
spectrum,Septum / reconstructed MIDI,855.94482421875,1.6471775055038052e-09
spectrum,Septum / reconstructed MIDI,861.328125,1.5485734916609317e-09
spectrum,Septum / reconstructed MIDI,866.71142578125,1.5840830869251477e-09
spectrum,Septum / reconstructed MIDI,872.0947265625,1.44529244128222e-09
spectrum,Septum / reconstructed MIDI,877.47802734375,1.464206200729734e-09
spectrum,Septum / reconstructed MIDI,882.861328125,1.3482935878883495e-09
spectrum,Septum / reconstructed MIDI,888.24462890625,1.3678289612073513e-09
spectrum,Septum / reconstructed MIDI,893.6279296875,1.2715877240054851e-09
spectrum,Septum / reconstructed MIDI,899.01123046875,1.2763842205387732e-09
spectrum,Septum / reconstructed MIDI,904.39453125,1.1860762372251088e-09
spectrum,Septum / reconstructed MIDI,909.77783203125,1.186838183286909e-09
spectrum,Septum / reconstructed MIDI,915.1611328125,1.1100474983649633e-09
spectrum,Septum / reconstructed MIDI,920.54443359375,1.1054224202666774e-09
spectrum,Septum / reconstructed MIDI,925.927734375,1.0399193728360956e-09
spectrum,Septum / reconstructed MIDI,931.31103515625,1.0309793019303015e-09
spectrum,Septum / reconstructed MIDI,936.6943359375,9.628422503737966e-10
spectrum,Septum / reconstructed MIDI,942.07763671875,9.507674647579734e-10
spectrum,Septum / reconstructed MIDI,947.4609375,9.069285877849609e-10
spectrum,Septum / reconstructed MIDI,952.84423828125,8.823751729281071e-10
spectrum,Septum / reconstructed MIDI,958.2275390625,8.507205495611458e-10
spectrum,Septum / reconstructed MIDI,963.61083984375,8.166307075008206e-10
spectrum,Septum / reconstructed MIDI,968.994140625,7.903637189166091e-10
spectrum,Septum / reconstructed MIDI,974.37744140625,7.560674308848547e-10
spectrum,Septum / reconstructed MIDI,979.7607421875,7.509715627129765e-10
spectrum,Septum / reconstructed MIDI,985.14404296875,7.011709546311806e-10
spectrum,Septum / reconstructed MIDI,990.52734375,7.064158702441148e-10
spectrum,Septum / reconstructed MIDI,995.91064453125,6.550281983486173e-10
spectrum,Septum / reconstructed MIDI,1001.2939453125,6.698582244446527e-10
spectrum,Septum / reconstructed MIDI,1006.67724609375,6.205428948469205e-10
spectrum,Septum / reconstructed MIDI,1012.060546875,6.36724117875076e-10
spectrum,Septum / reconstructed MIDI,1017.44384765625,5.589215756884869e-10
spectrum,Septum / reconstructed MIDI,1022.8271484375,5.937779157250134e-10
spectrum,Septum / reconstructed MIDI,1028.21044921875,5.25012811003478e-10
spectrum,Septum / reconstructed MIDI,1033.59375,5.611585640608041e-10
spectrum,Septum / reconstructed MIDI,1038.97705078125,4.911818729524953e-10
spectrum,Septum / reconstructed MIDI,1044.3603515625,5.305512140729718e-10
spectrum,Septum / reconstructed MIDI,1049.74365234375,4.624382266005256e-10
spectrum,Septum / reconstructed MIDI,1055.126953125,5.00490093813255e-10
spectrum,Septum / reconstructed MIDI,1060.51025390625,4.304450684777805e-10
spectrum,Septum / reconstructed MIDI,1065.8935546875,4.663820440953259e-10
spectrum,Septum / reconstructed MIDI,1071.27685546875,4.058929026218294e-10
spectrum,Septum / reconstructed MIDI,1076.66015625,4.3815828743021257e-10
spectrum,Septum / reconstructed MIDI,1082.04345703125,3.81992243392304e-10
spectrum,Septum / reconstructed MIDI,1087.4267578125,4.092471916905538e-10
spectrum,Septum / reconstructed MIDI,1092.81005859375,3.6175709650088095e-10
spectrum,Septum / reconstructed MIDI,1098.193359375,3.8310785099859856e-10
spectrum,Septum / reconstructed MIDI,1103.57666015625,3.4095884449136804e-10
spectrum,Septum / reconstructed MIDI,1108.9599609375,3.569575746098508e-10
spectrum,Septum / reconstructed MIDI,1114.34326171875,3.2222227663858405e-10
spectrum,Septum / reconstructed MIDI,1119.7265625,3.325826558597811e-10
spectrum,Septum / reconstructed MIDI,1125.10986328125,3.042845697631691e-10
spectrum,Septum / reconstructed MIDI,1130.4931640625,3.1018368429336363e-10
spectrum,Septum / reconstructed MIDI,1135.87646484375,2.872791449171075e-10
spectrum,Septum / reconstructed MIDI,1141.259765625,2.888139172263493e-10
spectrum,Septum / reconstructed MIDI,1146.64306640625,2.7316363060414517e-10
spectrum,Septum / reconstructed MIDI,1152.0263671875,2.689332923022647e-10
spectrum,Septum / reconstructed MIDI,1157.40966796875,2.556080624938062e-10
spectrum,Septum / reconstructed MIDI,1162.79296875,2.531734821786813e-10
spectrum,Septum / reconstructed MIDI,1168.17626953125,2.45639508733575e-10
spectrum,Septum / reconstructed MIDI,1173.5595703125,2.3353963207739525e-10
spectrum,Septum / reconstructed MIDI,1178.94287109375,2.283574440653524e-10
spectrum,Septum / reconstructed MIDI,1184.326171875,2.1856039200685018e-10
spectrum,Septum / reconstructed MIDI,1189.70947265625,2.1652532544713665e-10
spectrum,Septum / reconstructed MIDI,1195.0927734375,2.0520897481279832e-10
spectrum,Septum / reconstructed MIDI,1200.47607421875,2.0435113323724607e-10
spectrum,Septum / reconstructed MIDI,1205.859375,1.9243898141674265e-10
spectrum,Septum / reconstructed MIDI,1211.24267578125,1.9238834136903193e-10
spectrum,Septum / reconstructed MIDI,1216.6259765625,1.8035713200692527e-10
spectrum,Septum / reconstructed MIDI,1222.00927734375,1.8177211125181003e-10
spectrum,Septum / reconstructed MIDI,1227.392578125,1.6947282466261981e-10
spectrum,Septum / reconstructed MIDI,1232.77587890625,1.7144202724139745e-10
spectrum,Septum / reconstructed MIDI,1238.1591796875,1.5922661800171767e-10
spectrum,Septum / reconstructed MIDI,1243.54248046875,1.6159351634570385e-10
spectrum,Septum / reconstructed MIDI,1248.92578125,1.4907905465655347e-10
spectrum,Septum / reconstructed MIDI,1254.30908203125,1.5119856755507755e-10
spectrum,Septum / reconstructed MIDI,1259.6923828125,1.3977266566378432e-10
spectrum,Septum / reconstructed MIDI,1265.07568359375,1.4248464907939962e-10
spectrum,Septum / reconstructed MIDI,1270.458984375,1.3129607123740783e-10
spectrum,Septum / reconstructed MIDI,1275.84228515625,1.3396553311117998e-10
spectrum,Septum / reconstructed MIDI,1281.2255859375,1.2313058905810692e-10
spectrum,Septum / reconstructed MIDI,1286.60888671875,1.2478940103477498e-10
spectrum,Septum / reconstructed MIDI,1291.9921875,1.1494135504497294e-10
spectrum,Septum / reconstructed MIDI,1297.37548828125,1.1702901148158418e-10
spectrum,Septum / reconstructed MIDI,1302.7587890625,1.0835955743804249e-10
spectrum,Septum / reconstructed MIDI,1308.14208984375,1.0975351877329231e-10
spectrum,Septum / reconstructed MIDI,1313.525390625,1.0211180512254003e-10
spectrum,Septum / reconstructed MIDI,1318.90869140625,1.0366658226290681e-10
spectrum,Septum / reconstructed MIDI,1324.2919921875,9.499978581573032e-11
spectrum,Septum / reconstructed MIDI,1329.67529296875,9.48450692983549e-11
spectrum,Septum / reconstructed MIDI,1335.05859375,8.93013787917063e-11
spectrum,Septum / reconstructed MIDI,1340.44189453125,8.916595239938374e-11
spectrum,Septum / reconstructed MIDI,1345.8251953125,8.432437387240199e-11
spectrum,Septum / reconstructed MIDI,1351.20849609375,8.313658095282506e-11
spectrum,Septum / reconstructed MIDI,1356.591796875,7.943189161974118e-11
spectrum,Septum / reconstructed MIDI,1361.97509765625,7.795297740642582e-11
spectrum,Septum / reconstructed MIDI,1367.3583984375,7.516927358341974e-11
spectrum,Septum / reconstructed MIDI,1372.74169921875,7.357037201671801e-11
spectrum,Septum / reconstructed MIDI,1378.125,7.127981538346262e-11
spectrum,Septum / reconstructed MIDI,1383.50830078125,6.923032286332287e-11
spectrum,Septum / reconstructed MIDI,1388.8916015625,6.773796801251564e-11
spectrum,Septum / reconstructed MIDI,1394.27490234375,6.576074407238508e-11
spectrum,Septum / reconstructed MIDI,1399.658203125,6.448701295180825e-11
spectrum,Septum / reconstructed MIDI,1405.04150390625,6.208242947502995e-11
spectrum,Septum / reconstructed MIDI,1410.4248046875,6.081093267829019e-11
spectrum,Septum / reconstructed MIDI,1415.80810546875,5.880376741096427e-11
spectrum,Septum / reconstructed MIDI,1421.19140625,5.763833160754572e-11
spectrum,Septum / reconstructed MIDI,1426.57470703125,5.5911702351307824e-11
spectrum,Septum / reconstructed MIDI,1431.9580078125,5.452370152592145e-11
spectrum,Septum / reconstructed MIDI,1437.34130859375,5.3032134239572315e-11
spectrum,Septum / reconstructed MIDI,1442.724609375,5.149205714594096e-11
spectrum,Septum / reconstructed MIDI,1448.10791015625,5.038932465728507e-11
spectrum,Septum / reconstructed MIDI,1453.4912109375,4.8759895426853106e-11
spectrum,Septum / reconstructed MIDI,1458.87451171875,4.812961140743255e-11
spectrum,Septum / reconstructed MIDI,1464.2578125,4.623624746957766e-11
spectrum,Septum / reconstructed MIDI,1469.64111328125,4.60652939404671e-11
spectrum,Septum / reconstructed MIDI,1475.0244140625,4.4293867185185576e-11
spectrum,Septum / reconstructed MIDI,1480.40771484375,4.4159981227309686e-11
spectrum,Septum / reconstructed MIDI,1485.791015625,4.1415398888133836e-11
spectrum,Septum / reconstructed MIDI,1491.17431640625,4.1575694276208e-11
spectrum,Septum / reconstructed MIDI,1496.5576171875,3.9284870495537305e-11
spectrum,Septum / reconstructed MIDI,1501.94091796875,3.959200675640595e-11
spectrum,Septum / reconstructed MIDI,1507.32421875,3.721160532488277e-11
spectrum,Septum / reconstructed MIDI,1512.70751953125,3.7637604838325345e-11
spectrum,Septum / reconstructed MIDI,1518.0908203125,3.524911612595716e-11
spectrum,Septum / reconstructed MIDI,1523.47412109375,3.5591526253986316e-11
spectrum,Septum / reconstructed MIDI,1528.857421875,3.339007542679795e-11
spectrum,Septum / reconstructed MIDI,1534.24072265625,3.360428255105852e-11
spectrum,Septum / reconstructed MIDI,1539.6240234375,3.1674839834350266e-11
spectrum,Septum / reconstructed MIDI,1545.00732421875,3.180479490882959e-11
spectrum,Septum / reconstructed MIDI,1550.390625,3.0051478666637266e-11
spectrum,Septum / reconstructed MIDI,1555.77392578125,3.0023185326744084e-11
spectrum,Septum / reconstructed MIDI,1561.1572265625,2.8611881960904917e-11
spectrum,Septum / reconstructed MIDI,1566.54052734375,2.830850137636176e-11
spectrum,Septum / reconstructed MIDI,1571.923828125,2.7207092481718043e-11
spectrum,Septum / reconstructed MIDI,1577.30712890625,2.6808033223857386e-11
spectrum,Septum / reconstructed MIDI,1582.6904296875,2.581048569316735e-11
spectrum,Septum / reconstructed MIDI,1588.07373046875,2.523849011726309e-11
spectrum,Septum / reconstructed MIDI,1593.45703125,2.4488900490782228e-11
spectrum,Septum / reconstructed MIDI,1598.84033203125,2.3681482122506203e-11
spectrum,Septum / reconstructed MIDI,1604.2236328125,2.3145157665438454e-11
spectrum,Septum / reconstructed MIDI,1609.60693359375,2.2340180053093128e-11
spectrum,Septum / reconstructed MIDI,1614.990234375,2.191803162576722e-11
spectrum,Septum / reconstructed MIDI,1620.37353515625,2.0965534863748303e-11
spectrum,Septum / reconstructed MIDI,1625.7568359375,2.0779239440216202e-11
spectrum,Septum / reconstructed MIDI,1631.14013671875,1.9672570863993322e-11
spectrum,Septum / reconstructed MIDI,1636.5234375,1.9483786112273194e-11
spectrum,Septum / reconstructed MIDI,1641.90673828125,1.857238321467669e-11
spectrum,Septum / reconstructed MIDI,1647.2900390625,1.86616850444965e-11
spectrum,Septum / reconstructed MIDI,1652.67333984375,1.763083082306771e-11
spectrum,Septum / reconstructed MIDI,1658.056640625,1.7783424038908535e-11
spectrum,Septum / reconstructed MIDI,1663.43994140625,1.6728448487546288e-11
spectrum,Septum / reconstructed MIDI,1668.8232421875,1.694349521796923e-11
spectrum,Septum / reconstructed MIDI,1674.20654296875,1.587948696146757e-11
spectrum,Septum / reconstructed MIDI,1679.58984375,1.6198436689207618e-11
spectrum,Septum / reconstructed MIDI,1684.97314453125,1.5146222817619126e-11
spectrum,Septum / reconstructed MIDI,1690.3564453125,1.5491616670026964e-11
spectrum,Septum / reconstructed MIDI,1695.73974609375,1.4448164886715631e-11
spectrum,Septum / reconstructed MIDI,1701.123046875,1.4821562380196163e-11
spectrum,Septum / reconstructed MIDI,1706.50634765625,1.3818722208180922e-11
spectrum,Septum / reconstructed MIDI,1711.8896484375,1.4154350434780749e-11
spectrum,Septum / reconstructed MIDI,1717.27294921875,1.3146838652444703e-11
spectrum,Septum / reconstructed MIDI,1722.65625,1.3486984966337712e-11
spectrum,Septum / reconstructed MIDI,1728.03955078125,1.2574533428399981e-11
spectrum,Septum / reconstructed MIDI,1733.4228515625,1.287636924168778e-11
spectrum,Septum / reconstructed MIDI,1738.80615234375,1.2032482649138032e-11
spectrum,Septum / reconstructed MIDI,1744.189453125,1.2265272131273264e-11
spectrum,Septum / reconstructed MIDI,1749.57275390625,1.1583630755984675e-11
spectrum,Septum / reconstructed MIDI,1754.9560546875,1.1755062201412869e-11
spectrum,Septum / reconstructed MIDI,1760.33935546875,1.11017584014661e-11
spectrum,Septum / reconstructed MIDI,1765.72265625,1.1114813930346301e-11
spectrum,Septum / reconstructed MIDI,1771.10595703125,1.0558505458835299e-11
spectrum,Septum / reconstructed MIDI,1776.4892578125,1.0499307152855852e-11
spectrum,Septum / reconstructed MIDI,1781.87255859375,1.015736453280347e-11
spectrum,Septum / reconstructed MIDI,1787.255859375,1.0043516365798588e-11
spectrum,Septum / reconstructed MIDI,1792.63916015625,9.65517683165773e-12
spectrum,Septum / reconstructed MIDI,1798.0224609375,9.289994121197687e-12
spectrum,Septum / reconstructed MIDI,1803.40576171875,9.159140459957804e-12
spectrum,Septum / reconstructed MIDI,1808.7890625,8.740344385749221e-12
spectrum,Septum / reconstructed MIDI,1814.17236328125,8.749581788258798e-12
spectrum,Septum / reconstructed MIDI,1819.5556640625,8.224292774583475e-12
spectrum,Septum / reconstructed MIDI,1824.93896484375,8.322777363123368e-12
spectrum,Septum / reconstructed MIDI,1830.322265625,7.672799895441784e-12
spectrum,Septum / reconstructed MIDI,1835.70556640625,7.87477114766455e-12
spectrum,Septum / reconstructed MIDI,1841.0888671875,7.202963919761274e-12
spectrum,Septum / reconstructed MIDI,1846.47216796875,7.488391851051546e-12
spectrum,Septum / reconstructed MIDI,1851.85546875,6.763133889725603e-12
spectrum,Septum / reconstructed MIDI,1857.23876953125,7.101762754258001e-12
spectrum,Septum / reconstructed MIDI,1862.6220703125,6.352554333260985e-12
spectrum,Septum / reconstructed MIDI,1868.00537109375,6.723390073848368e-12
spectrum,Septum / reconstructed MIDI,1873.388671875,5.973602255210375e-12
spectrum,Septum / reconstructed MIDI,1878.77197265625,6.35579436303324e-12
spectrum,Septum / reconstructed MIDI,1884.1552734375,5.624329127429384e-12
spectrum,Septum / reconstructed MIDI,1889.53857421875,6.008527009271347e-12
spectrum,Septum / reconstructed MIDI,1894.921875,5.304336397199405e-12
spectrum,Septum / reconstructed MIDI,1900.30517578125,5.645209993909717e-12
spectrum,Septum / reconstructed MIDI,1905.6884765625,5.003639863554454e-12
spectrum,Septum / reconstructed MIDI,1911.07177734375,5.322951281139243e-12
spectrum,Septum / reconstructed MIDI,1916.455078125,4.73358028121873e-12
spectrum,Septum / reconstructed MIDI,1921.83837890625,4.999249278436757e-12
spectrum,Septum / reconstructed MIDI,1927.2216796875,4.46853361604771e-12
spectrum,Septum / reconstructed MIDI,1932.60498046875,4.699477352404502e-12
spectrum,Septum / reconstructed MIDI,1937.98828125,4.259400124273505e-12
spectrum,Septum / reconstructed MIDI,1943.37158203125,4.429959437474151e-12
spectrum,Septum / reconstructed MIDI,1948.7548828125,4.044811794529091e-12
spectrum,Septum / reconstructed MIDI,1954.13818359375,4.179285389982468e-12
spectrum,Septum / reconstructed MIDI,1959.521484375,3.877822975922873e-12
spectrum,Septum / reconstructed MIDI,1964.90478515625,3.960986920403808e-12
spectrum,Septum / reconstructed MIDI,1970.2880859375,3.719154758469179e-12
spectrum,Septum / reconstructed MIDI,1975.67138671875,3.7679269426771356e-12
spectrum,Septum / reconstructed MIDI,1981.0546875,3.5883663662000798e-12
spectrum,Septum / reconstructed MIDI,1986.43798828125,3.5981378466998226e-12
spectrum,Septum / reconstructed MIDI,1991.8212890625,3.4724952947817744e-12
spectrum,Septum / reconstructed MIDI,1997.20458984375,3.4161503920798753e-12
spectrum,Septum / reconstructed MIDI,2002.587890625,3.3550640564372625e-12
spectrum,Septum / reconstructed MIDI,2007.97119140625,3.2669732804441187e-12
spectrum,Septum / reconstructed MIDI,2013.3544921875,3.2530575455602673e-12
spectrum,Septum / reconstructed MIDI,2018.73779296875,3.1313729820930947e-12
spectrum,Septum / reconstructed MIDI,2024.12109375,3.156323943528938e-12
spectrum,Septum / reconstructed MIDI,2029.50439453125,3.0015660096305297e-12
spectrum,Septum / reconstructed MIDI,2034.8876953125,3.0579163333432913e-12
spectrum,Septum / reconstructed MIDI,2040.27099609375,2.881313894073645e-12
spectrum,Septum / reconstructed MIDI,2045.654296875,2.9708934964900457e-12
spectrum,Septum / reconstructed MIDI,2051.03759765625,2.7729281544541795e-12
spectrum,Septum / reconstructed MIDI,2056.4208984375,2.8863554341757025e-12
spectrum,Septum / reconstructed MIDI,2061.80419921875,2.683595099611802e-12
spectrum,Septum / reconstructed MIDI,2067.1875,2.80620860750036e-12
spectrum,Septum / reconstructed MIDI,2072.57080078125,2.5776412254652215e-12
spectrum,Septum / reconstructed MIDI,2077.9541015625,2.721409252462448e-12
spectrum,Septum / reconstructed MIDI,2083.33740234375,2.492922101388073e-12
spectrum,Septum / reconstructed MIDI,2088.720703125,2.6344078828122175e-12
spectrum,Septum / reconstructed MIDI,2094.10400390625,2.4088025411123093e-12
spectrum,Septum / reconstructed MIDI,2099.4873046875,2.5520666309397644e-12
spectrum,Septum / reconstructed MIDI,2104.87060546875,2.3124666244378478e-12
spectrum,Septum / reconstructed MIDI,2110.25390625,2.4584590006121454e-12
spectrum,Septum / reconstructed MIDI,2115.63720703125,2.2435098483847282e-12
spectrum,Septum / reconstructed MIDI,2121.0205078125,2.3830635815375034e-12
spectrum,Septum / reconstructed MIDI,2126.40380859375,2.1899892923421538e-12
spectrum,Septum / reconstructed MIDI,2131.787109375,2.290355622172613e-12
spectrum,Septum / reconstructed MIDI,2137.17041015625,2.1017491132896415e-12
spectrum,Septum / reconstructed MIDI,2142.5537109375,2.201750500668842e-12
spectrum,Septum / reconstructed MIDI,2147.93701171875,2.043978918411793e-12
spectrum,Septum / reconstructed MIDI,2153.3203125,2.123167310366658e-12
spectrum,Septum / reconstructed MIDI,2158.70361328125,1.9862392980352084e-12
spectrum,Septum / reconstructed MIDI,2164.0869140625,2.0454592880581046e-12
spectrum,Septum / reconstructed MIDI,2169.47021484375,1.931863306478543e-12
spectrum,Septum / reconstructed MIDI,2174.853515625,1.9708245452276785e-12
spectrum,Septum / reconstructed MIDI,2180.23681640625,1.88061870763645e-12
spectrum,Septum / reconstructed MIDI,2185.6201171875,1.890302584600656e-12
spectrum,Septum / reconstructed MIDI,2191.00341796875,1.821692319561863e-12
spectrum,Septum / reconstructed MIDI,2196.38671875,1.8203171175262822e-12
spectrum,Septum / reconstructed MIDI,2201.77001953125,1.7689703868395412e-12
spectrum,Septum / reconstructed MIDI,2207.1533203125,1.7521201503556405e-12
spectrum,Septum / reconstructed MIDI,2212.53662109375,1.7176079352212992e-12
spectrum,Septum / reconstructed MIDI,2217.919921875,1.6883906382367253e-12
spectrum,Septum / reconstructed MIDI,2223.30322265625,1.6674049294063131e-12
spectrum,Septum / reconstructed MIDI,2228.6865234375,1.6239142192411848e-12
spectrum,Septum / reconstructed MIDI,2234.06982421875,1.6105170582564332e-12
spectrum,Septum / reconstructed MIDI,2239.453125,1.5596619048346971e-12
spectrum,Septum / reconstructed MIDI,2244.83642578125,1.5547312786148848e-12
spectrum,Septum / reconstructed MIDI,2250.2197265625,1.498687567276502e-12
spectrum,Septum / reconstructed MIDI,2255.60302734375,1.501624996222417e-12
spectrum,Septum / reconstructed MIDI,2260.986328125,1.4434297940929541e-12
spectrum,Septum / reconstructed MIDI,2266.36962890625,1.4461322764280915e-12
spectrum,Septum / reconstructed MIDI,2271.7529296875,1.3826244836534496e-12
spectrum,Septum / reconstructed MIDI,2277.13623046875,1.3874084173193246e-12
spectrum,Septum / reconstructed MIDI,2282.51953125,1.325809579309778e-12
spectrum,Septum / reconstructed MIDI,2287.90283203125,1.3311237962582156e-12
spectrum,Septum / reconstructed MIDI,2293.2861328125,1.269021129499115e-12
spectrum,Septum / reconstructed MIDI,2298.66943359375,1.2765934143121882e-12
spectrum,Septum / reconstructed MIDI,2304.052734375,1.218507608181929e-12
spectrum,Septum / reconstructed MIDI,2309.43603515625,1.2261352957260163e-12
spectrum,Septum / reconstructed MIDI,2314.8193359375,1.1668151254223824e-12
spectrum,Septum / reconstructed MIDI,2320.20263671875,1.167963512363479e-12
spectrum,Septum / reconstructed MIDI,2325.5859375,1.112898944007068e-12
spectrum,Septum / reconstructed MIDI,2330.96923828125,1.117438606923482e-12
spectrum,Septum / reconstructed MIDI,2336.3525390625,1.0640799222652597e-12
spectrum,Septum / reconstructed MIDI,2341.73583984375,1.0631160665339201e-12
spectrum,Septum / reconstructed MIDI,2347.119140625,1.0130078199888093e-12
spectrum,Septum / reconstructed MIDI,2352.50244140625,1.014835893271837e-12
spectrum,Septum / reconstructed MIDI,2357.8857421875,9.686850930765156e-13
spectrum,Septum / reconstructed MIDI,2363.26904296875,9.668877027149692e-13
spectrum,Septum / reconstructed MIDI,2368.65234375,9.210318055105637e-13
spectrum,Septum / reconstructed MIDI,2374.03564453125,9.185820507018327e-13
spectrum,Septum / reconstructed MIDI,2379.4189453125,8.76068044063788e-13
spectrum,Septum / reconstructed MIDI,2384.80224609375,8.712072404638838e-13
spectrum,Septum / reconstructed MIDI,2390.185546875,8.333555742180698e-13
spectrum,Septum / reconstructed MIDI,2395.56884765625,8.284442467969277e-13
spectrum,Septum / reconstructed MIDI,2400.9521484375,7.924433136595466e-13
spectrum,Septum / reconstructed MIDI,2406.33544921875,7.8497755170992e-13
spectrum,Septum / reconstructed MIDI,2411.71875,7.536959337889337e-13
spectrum,Septum / reconstructed MIDI,2417.10205078125,7.465229606359869e-13
spectrum,Septum / reconstructed MIDI,2422.4853515625,7.196999615190214e-13
spectrum,Septum / reconstructed MIDI,2427.86865234375,7.092174612345625e-13
spectrum,Septum / reconstructed MIDI,2433.251953125,6.85322946395589e-13
spectrum,Septum / reconstructed MIDI,2438.63525390625,6.725495811307769e-13
spectrum,Septum / reconstructed MIDI,2444.0185546875,6.498811905286672e-13
spectrum,Septum / reconstructed MIDI,2449.40185546875,6.366923589913587e-13
spectrum,Septum / reconstructed MIDI,2454.78515625,6.185712749309791e-13
spectrum,Septum / reconstructed MIDI,2460.16845703125,6.04955159317494e-13
spectrum,Septum / reconstructed MIDI,2465.5517578125,5.879960689354757e-13
spectrum,Septum / reconstructed MIDI,2470.93505859375,5.73949362429188e-13
spectrum,Septum / reconstructed MIDI,2476.318359375,5.590066712475583e-13
spectrum,Septum / reconstructed MIDI,2481.70166015625,5.446085748171681e-13
spectrum,Septum / reconstructed MIDI,2487.0849609375,5.316810360034285e-13
spectrum,Septum / reconstructed MIDI,2492.46826171875,5.180181370662007e-13
spectrum,Septum / reconstructed MIDI,2497.8515625,5.063145540849801e-13
spectrum,Septum / reconstructed MIDI,2503.23486328125,4.891413337738959e-13
spectrum,Septum / reconstructed MIDI,2508.6181640625,4.778112042309879e-13
spectrum,Septum / reconstructed MIDI,2514.00146484375,4.636896877747987e-13
spectrum,Septum / reconstructed MIDI,2519.384765625,4.538600940386106e-13
spectrum,Septum / reconstructed MIDI,2524.76806640625,4.40102300306236e-13
spectrum,Septum / reconstructed MIDI,2530.1513671875,4.3024785123524367e-13
spectrum,Septum / reconstructed MIDI,2535.53466796875,4.164700268677324e-13
spectrum,Septum / reconstructed MIDI,2540.91796875,4.0854391267566847e-13
spectrum,Septum / reconstructed MIDI,2546.30126953125,3.9311576997130837e-13
spectrum,Septum / reconstructed MIDI,2551.6845703125,3.846126975931563e-13
spectrum,Septum / reconstructed MIDI,2557.06787109375,3.6975275814234154e-13
spectrum,Septum / reconstructed MIDI,2562.451171875,3.6382713248378495e-13
spectrum,Septum / reconstructed MIDI,2567.83447265625,3.525715418402353e-13
spectrum,Septum / reconstructed MIDI,2573.2177734375,3.455123014951822e-13
spectrum,Septum / reconstructed MIDI,2578.60107421875,3.302704789341637e-13
spectrum,Septum / reconstructed MIDI,2583.984375,3.250687479611214e-13
spectrum,Septum / reconstructed MIDI,2589.36767578125,3.1072223244908714e-13
spectrum,Septum / reconstructed MIDI,2594.7509765625,3.071866491646119e-13
spectrum,Septum / reconstructed MIDI,2600.13427734375,2.92132962785574e-13
spectrum,Septum / reconstructed MIDI,2605.517578125,2.8852839713787437e-13
spectrum,Septum / reconstructed MIDI,2610.90087890625,2.743837058602483e-13
spectrum,Septum / reconstructed MIDI,2616.2841796875,2.7293895225530274e-13
spectrum,Septum / reconstructed MIDI,2621.66748046875,2.5852562278438906e-13
spectrum,Septum / reconstructed MIDI,2627.05078125,2.575729885455347e-13
spectrum,Septum / reconstructed MIDI,2632.43408203125,2.438734164698225e-13
spectrum,Septum / reconstructed MIDI,2637.8173828125,2.4401078488507644e-13
spectrum,Septum / reconstructed MIDI,2643.20068359375,2.2911398256039717e-13
spectrum,Septum / reconstructed MIDI,2648.583984375,2.2862441106941134e-13
spectrum,Septum / reconstructed MIDI,2653.96728515625,2.1473174258677952e-13
spectrum,Septum / reconstructed MIDI,2659.3505859375,2.1558301747503367e-13
spectrum,Septum / reconstructed MIDI,2664.73388671875,2.0234608801884824e-13
spectrum,Septum / reconstructed MIDI,2670.1171875,2.0332720966978468e-13
spectrum,Septum / reconstructed MIDI,2675.50048828125,1.9094616296108646e-13
spectrum,Septum / reconstructed MIDI,2680.8837890625,1.9266816061406372e-13
spectrum,Septum / reconstructed MIDI,2686.26708984375,1.7891856616061852e-13
spectrum,Septum / reconstructed MIDI,2691.650390625,1.7936703283674e-13
spectrum,Septum / reconstructed MIDI,2697.03369140625,1.6775339797825417e-13
spectrum,Septum / reconstructed MIDI,2702.4169921875,1.684310920986934e-13
spectrum,Septum / reconstructed MIDI,2707.80029296875,1.5730473835410402e-13
spectrum,Septum / reconstructed MIDI,2713.18359375,1.5735007155744107e-13
spectrum,Septum / reconstructed MIDI,2718.56689453125,1.4697567978210618e-13
spectrum,Septum / reconstructed MIDI,2723.9501953125,1.4820818725926055e-13
spectrum,Septum / reconstructed MIDI,2729.33349609375,1.3916331195046316e-13
spectrum,Septum / reconstructed MIDI,2734.716796875,1.3813563736874562e-13
spectrum,Septum / reconstructed MIDI,2740.10009765625,1.2875746475959904e-13
spectrum,Septum / reconstructed MIDI,2745.4833984375,1.280449813019502e-13
spectrum,Septum / reconstructed MIDI,2750.86669921875,1.1977105505295293e-13
spectrum,Septum / reconstructed MIDI,2756.25,1.1843336641254032e-13
spectrum,Septum / reconstructed MIDI,2761.63330078125,1.1083029703403205e-13
spectrum,Septum / reconstructed MIDI,2767.0166015625,1.0907724376507666e-13
spectrum,Septum / reconstructed MIDI,2772.39990234375,1.0250826608989433e-13
spectrum,Septum / reconstructed MIDI,2777.783203125,1.006694930866768e-13
spectrum,Septum / reconstructed MIDI,2783.16650390625,9.487079362120038e-14
spectrum,Septum / reconstructed MIDI,2788.5498046875,9.265862816604242e-14
spectrum,Septum / reconstructed MIDI,2793.93310546875,8.766653445931374e-14
spectrum,Septum / reconstructed MIDI,2799.31640625,8.520469079635953e-14
spectrum,Septum / reconstructed MIDI,2804.69970703125,8.07058955255846e-14
spectrum,Septum / reconstructed MIDI,2810.0830078125,7.801395028031108e-14
spectrum,Septum / reconstructed MIDI,2815.46630859375,7.468479908947709e-14
spectrum,Septum / reconstructed MIDI,2820.849609375,7.165612775448388e-14
spectrum,Septum / reconstructed MIDI,2826.23291015625,6.897259862857427e-14
spectrum,Septum / reconstructed MIDI,2831.6162109375,6.571643457273929e-14
spectrum,Septum / reconstructed MIDI,2836.99951171875,6.376040510456746e-14
spectrum,Septum / reconstructed MIDI,2842.3828125,6.005644522270523e-14
spectrum,Septum / reconstructed MIDI,2847.76611328125,5.85762043254015e-14
spectrum,Septum / reconstructed MIDI,2853.1494140625,5.5126323834529464e-14
spectrum,Septum / reconstructed MIDI,2858.53271484375,5.394038284068335e-14
spectrum,Septum / reconstructed MIDI,2863.916015625,5.0768315603983566e-14
spectrum,Septum / reconstructed MIDI,2869.29931640625,4.970074577045035e-14
spectrum,Septum / reconstructed MIDI,2874.6826171875,4.6843452917609205e-14
spectrum,Septum / reconstructed MIDI,2880.06591796875,4.670477668348473e-14
spectrum,Septum / reconstructed MIDI,2885.44921875,4.4003737692489484e-14
spectrum,Septum / reconstructed MIDI,2890.83251953125,4.3851630903953345e-14
spectrum,Septum / reconstructed MIDI,2896.2158203125,4.143703473879698e-14
spectrum,Septum / reconstructed MIDI,2901.59912109375,4.1433734698434477e-14
spectrum,Septum / reconstructed MIDI,2906.982421875,3.9464250958928457e-14
spectrum,Septum / reconstructed MIDI,2912.36572265625,3.95261521267138e-14
spectrum,Septum / reconstructed MIDI,2917.7490234375,3.782099348872796e-14
spectrum,Septum / reconstructed MIDI,2923.13232421875,3.756762560541346e-14
spectrum,Septum / reconstructed MIDI,2928.515625,3.642802747817753e-14
spectrum,Septum / reconstructed MIDI,2933.89892578125,3.6333542646977204e-14
spectrum,Septum / reconstructed MIDI,2939.2822265625,3.557860589801197e-14
spectrum,Septum / reconstructed MIDI,2944.66552734375,3.5362778514919785e-14
spectrum,Septum / reconstructed MIDI,2950.048828125,3.504852251522486e-14
spectrum,Septum / reconstructed MIDI,2955.43212890625,3.46942967248149e-14
spectrum,Septum / reconstructed MIDI,2960.8154296875,3.481657778921232e-14
spectrum,Septum / reconstructed MIDI,2966.19873046875,3.416749305359956e-14
spectrum,Septum / reconstructed MIDI,2971.58203125,3.460781466090024e-14
spectrum,Septum / reconstructed MIDI,2976.96533203125,3.390887695414388e-14
spectrum,Septum / reconstructed MIDI,2982.3486328125,3.470718856627211e-14
spectrum,Septum / reconstructed MIDI,2987.73193359375,3.381328081571676e-14
spectrum,Septum / reconstructed MIDI,2993.115234375,3.5050335165731986e-14
spectrum,Septum / reconstructed MIDI,2998.49853515625,3.384124645550331e-14
spectrum,Septum / reconstructed MIDI,3003.8818359375,3.523072607844284e-14
spectrum,Septum / reconstructed MIDI,3009.26513671875,3.393031366397299e-14
spectrum,Septum / reconstructed MIDI,3014.6484375,3.567113916530182e-14
spectrum,Septum / reconstructed MIDI,3020.03173828125,3.395252964411358e-14
spectrum,Septum / reconstructed MIDI,3025.4150390625,3.586591608558884e-14
spectrum,Septum / reconstructed MIDI,3030.79833984375,3.418829618278413e-14
spectrum,Septum / reconstructed MIDI,3036.181640625,3.6302588674952743e-14
spectrum,Septum / reconstructed MIDI,3041.56494140625,3.4109843991209435e-14
spectrum,Septum / reconstructed MIDI,3046.9482421875,3.6162824850523995e-14
spectrum,Septum / reconstructed MIDI,3052.33154296875,3.3911035194093483e-14
spectrum,Septum / reconstructed MIDI,3057.71484375,3.629186862597229e-14
spectrum,Septum / reconstructed MIDI,3063.09814453125,3.3992628183836596e-14
spectrum,Septum / reconstructed MIDI,3068.4814453125,3.6216154044883125e-14
spectrum,Septum / reconstructed MIDI,3073.86474609375,3.3923266349851836e-14
spectrum,Septum / reconstructed MIDI,3079.248046875,3.607392704864376e-14
spectrum,Septum / reconstructed MIDI,3084.63134765625,3.359506141158153e-14
spectrum,Septum / reconstructed MIDI,3090.0146484375,3.5800606457223744e-14
spectrum,Septum / reconstructed MIDI,3095.39794921875,3.346070165735626e-14
spectrum,Septum / reconstructed MIDI,3100.78125,3.545063954847258e-14
spectrum,Septum / reconstructed MIDI,3106.16455078125,3.314127198041951e-14
spectrum,Septum / reconstructed MIDI,3111.5478515625,3.4960326056624955e-14
spectrum,Septum / reconstructed MIDI,3116.93115234375,3.2846077610169597e-14
spectrum,Septum / reconstructed MIDI,3122.314453125,3.435076726646287e-14
spectrum,Septum / reconstructed MIDI,3127.69775390625,3.245385053361402e-14
spectrum,Septum / reconstructed MIDI,3133.0810546875,3.36339097306744e-14
spectrum,Septum / reconstructed MIDI,3138.46435546875,3.1990537063993074e-14
spectrum,Septum / reconstructed MIDI,3143.84765625,3.282434613287484e-14
spectrum,Septum / reconstructed MIDI,3149.23095703125,3.1537442199847804e-14
spectrum,Septum / reconstructed MIDI,3154.6142578125,3.189885082965048e-14
spectrum,Septum / reconstructed MIDI,3159.99755859375,3.0795417621130514e-14
spectrum,Septum / reconstructed MIDI,3165.380859375,3.082583288020052e-14
spectrum,Septum / reconstructed MIDI,3170.76416015625,3.0023428404871155e-14
spectrum,Septum / reconstructed MIDI,3176.1474609375,2.975113102925142e-14
spectrum,Septum / reconstructed MIDI,3181.53076171875,2.927190011648567e-14
spectrum,Septum / reconstructed MIDI,3186.9140625,2.8635436171787e-14
spectrum,Septum / reconstructed MIDI,3192.29736328125,2.810986408647697e-14
spectrum,Septum / reconstructed MIDI,3197.6806640625,2.749421682349002e-14
spectrum,Septum / reconstructed MIDI,3203.06396484375,2.744375060049261e-14
spectrum,Septum / reconstructed MIDI,3208.447265625,2.647625093341391e-14
spectrum,Septum / reconstructed MIDI,3213.83056640625,2.6585816339207147e-14
spectrum,Septum / reconstructed MIDI,3219.2138671875,2.5380588405152053e-14
spectrum,Septum / reconstructed MIDI,3224.59716796875,2.5633874973303612e-14
spectrum,Septum / reconstructed MIDI,3229.98046875,2.4338870017169036e-14
spectrum,Septum / reconstructed MIDI,3235.36376953125,2.4606368104109627e-14
spectrum,Septum / reconstructed MIDI,3240.7470703125,2.326310259877229e-14
spectrum,Septum / reconstructed MIDI,3246.13037109375,2.3810934709936164e-14
spectrum,Septum / reconstructed MIDI,3251.513671875,2.2497871011366126e-14
spectrum,Septum / reconstructed MIDI,3256.89697265625,2.2994759172950338e-14
spectrum,Septum / reconstructed MIDI,3262.2802734375,2.1675690010784267e-14
spectrum,Septum / reconstructed MIDI,3267.66357421875,2.225053400263608e-14
spectrum,Septum / reconstructed MIDI,3273.046875,2.0844457616128048e-14
spectrum,Septum / reconstructed MIDI,3278.43017578125,2.140687055244596e-14
spectrum,Septum / reconstructed MIDI,3283.8134765625,2.0091802773922716e-14
spectrum,Septum / reconstructed MIDI,3289.19677734375,2.0838023553860704e-14
spectrum,Septum / reconstructed MIDI,3294.580078125,1.9545410618769174e-14
spectrum,Septum / reconstructed MIDI,3299.96337890625,2.0242334081176962e-14
spectrum,Septum / reconstructed MIDI,3305.3466796875,1.894468977037874e-14
spectrum,Septum / reconstructed MIDI,3310.72998046875,1.9814535008968494e-14
spectrum,Septum / reconstructed MIDI,3316.11328125,1.8543396053155754e-14
spectrum,Septum / reconstructed MIDI,3321.49658203125,1.9380359472733096e-14
spectrum,Septum / reconstructed MIDI,3326.8798828125,1.813837200283306e-14
spectrum,Septum / reconstructed MIDI,3332.26318359375,1.9007270258587783e-14
spectrum,Septum / reconstructed MIDI,3337.646484375,1.78127742319744e-14
spectrum,Septum / reconstructed MIDI,3343.02978515625,1.8815505387461198e-14
spectrum,Septum / reconstructed MIDI,3348.4130859375,1.739330826990102e-14
spectrum,Septum / reconstructed MIDI,3353.79638671875,1.8219964992576172e-14
spectrum,Septum / reconstructed MIDI,3359.1796875,1.708452749117715e-14
spectrum,Septum / reconstructed MIDI,3364.56298828125,1.8019177526495435e-14
spectrum,Septum / reconstructed MIDI,3369.9462890625,1.686663504175956e-14
spectrum,Septum / reconstructed MIDI,3375.32958984375,1.7747993152168393e-14
spectrum,Septum / reconstructed MIDI,3380.712890625,1.667137023049492e-14
spectrum,Septum / reconstructed MIDI,3386.09619140625,1.7818032612510956e-14
spectrum,Septum / reconstructed MIDI,3391.4794921875,1.6759043222733423e-14
spectrum,Septum / reconstructed MIDI,3396.86279296875,1.773740354626182e-14
spectrum,Septum / reconstructed MIDI,3402.24609375,1.675429645009701e-14
spectrum,Septum / reconstructed MIDI,3407.62939453125,1.7774269808258115e-14
spectrum,Septum / reconstructed MIDI,3413.0126953125,1.6839767156672653e-14
spectrum,Septum / reconstructed MIDI,3418.39599609375,1.7851014381411144e-14
spectrum,Septum / reconstructed MIDI,3423.779296875,1.6985844764690235e-14
spectrum,Septum / reconstructed MIDI,3429.16259765625,1.8089045886182653e-14
spectrum,Septum / reconstructed MIDI,3434.5458984375,1.7261144025075038e-14
spectrum,Septum / reconstructed MIDI,3439.92919921875,1.8364355310962824e-14
spectrum,Septum / reconstructed MIDI,3445.3125,1.7567769951981095e-14
spectrum,Septum / reconstructed MIDI,3450.69580078125,1.870634147528496e-14
spectrum,Septum / reconstructed MIDI,3456.0791015625,1.7971567498596165e-14
spectrum,Septum / reconstructed MIDI,3461.46240234375,1.9120604960996303e-14
spectrum,Septum / reconstructed MIDI,3466.845703125,1.837603928343725e-14
spectrum,Septum / reconstructed MIDI,3472.22900390625,1.9600288189355886e-14
spectrum,Septum / reconstructed MIDI,3477.6123046875,1.890773541695593e-14
spectrum,Septum / reconstructed MIDI,3482.99560546875,2.0126443033333628e-14
spectrum,Septum / reconstructed MIDI,3488.37890625,1.9469853585808196e-14
spectrum,Septum / reconstructed MIDI,3493.76220703125,2.0691661342772845e-14
spectrum,Septum / reconstructed MIDI,3499.1455078125,2.0020094658674062e-14
spectrum,Septum / reconstructed MIDI,3504.52880859375,2.1368193334008433e-14
spectrum,Septum / reconstructed MIDI,3509.912109375,2.0691823973098718e-14
spectrum,Septum / reconstructed MIDI,3515.29541015625,2.196614607872724e-14
spectrum,Septum / reconstructed MIDI,3520.6787109375,2.1301018539093483e-14
spectrum,Septum / reconstructed MIDI,3526.06201171875,2.256870668267911e-14
spectrum,Septum / reconstructed MIDI,3531.4453125,2.1919835399369057e-14
spectrum,Septum / reconstructed MIDI,3536.82861328125,2.3131006116582087e-14
spectrum,Septum / reconstructed MIDI,3542.2119140625,2.248199761393458e-14
spectrum,Septum / reconstructed MIDI,3547.59521484375,2.370471169615279e-14
spectrum,Septum / reconstructed MIDI,3552.978515625,2.3059038809251572e-14
spectrum,Septum / reconstructed MIDI,3558.36181640625,2.418314639794812e-14
spectrum,Septum / reconstructed MIDI,3563.7451171875,2.358869020523558e-14
spectrum,Septum / reconstructed MIDI,3569.12841796875,2.4710878417273652e-14
spectrum,Septum / reconstructed MIDI,3574.51171875,2.4137930085157792e-14
spectrum,Septum / reconstructed MIDI,3579.89501953125,2.5147960970584027e-14
spectrum,Septum / reconstructed MIDI,3585.2783203125,2.46603630663653e-14
spectrum,Septum / reconstructed MIDI,3590.66162109375,2.5576007376413093e-14
spectrum,Septum / reconstructed MIDI,3596.044921875,2.5125318085838025e-14
spectrum,Septum / reconstructed MIDI,3601.42822265625,2.594434473572431e-14
spectrum,Septum / reconstructed MIDI,3606.8115234375,2.5646970102668164e-14
spectrum,Septum / reconstructed MIDI,3612.19482421875,2.6244255385424534e-14
spectrum,Septum / reconstructed MIDI,3617.578125,2.5968063352313324e-14
spectrum,Septum / reconstructed MIDI,3622.96142578125,2.6504340240010756e-14
spectrum,Septum / reconstructed MIDI,3628.3447265625,2.634802200366087e-14
spectrum,Septum / reconstructed MIDI,3633.72802734375,2.6793776480285234e-14
spectrum,Septum / reconstructed MIDI,3639.111328125,2.6741462031396913e-14
spectrum,Septum / reconstructed MIDI,3644.49462890625,2.697684401710941e-14
spectrum,Septum / reconstructed MIDI,3649.8779296875,2.713049579374134e-14
spectrum,Septum / reconstructed MIDI,3655.26123046875,2.706342941904364e-14
spectrum,Septum / reconstructed MIDI,3660.64453125,2.7328671010212746e-14
spectrum,Septum / reconstructed MIDI,3666.02783203125,2.7309548394395533e-14
spectrum,Septum / reconstructed MIDI,3671.4111328125,2.7758733354456278e-14
spectrum,Septum / reconstructed MIDI,3676.79443359375,2.748552965358298e-14
spectrum,Septum / reconstructed MIDI,3682.177734375,2.81297219268924e-14
spectrum,Septum / reconstructed MIDI,3687.56103515625,2.7678836124673568e-14
spectrum,Septum / reconstructed MIDI,3692.9443359375,2.843846035396891e-14
spectrum,Septum / reconstructed MIDI,3698.32763671875,2.779319743101416e-14
spectrum,Septum / reconstructed MIDI,3703.7109375,2.877689745024205e-14
spectrum,Septum / reconstructed MIDI,3709.09423828125,2.7946933910940816e-14
spectrum,Septum / reconstructed MIDI,3714.4775390625,2.908945938404246e-14
spectrum,Septum / reconstructed MIDI,3719.86083984375,2.80728047009687e-14
spectrum,Septum / reconstructed MIDI,3725.244140625,2.939745411619128e-14
spectrum,Septum / reconstructed MIDI,3730.62744140625,2.8184819726045397e-14
spectrum,Septum / reconstructed MIDI,3736.0107421875,2.968005818871321e-14
spectrum,Septum / reconstructed MIDI,3741.39404296875,2.8268894522323965e-14
spectrum,Septum / reconstructed MIDI,3746.77734375,2.9974961179629264e-14
spectrum,Septum / reconstructed MIDI,3752.16064453125,2.8382027630891038e-14
spectrum,Septum / reconstructed MIDI,3757.5439453125,3.0208969277901315e-14
spectrum,Septum / reconstructed MIDI,3762.92724609375,2.8432019515437987e-14
spectrum,Septum / reconstructed MIDI,3768.310546875,3.040635505966588e-14
spectrum,Septum / reconstructed MIDI,3773.69384765625,2.8437196580811605e-14
spectrum,Septum / reconstructed MIDI,3779.0771484375,3.05755888543955e-14
spectrum,Septum / reconstructed MIDI,3784.46044921875,2.850674137391297e-14
spectrum,Septum / reconstructed MIDI,3789.84375,3.078043191422769e-14
spectrum,Septum / reconstructed MIDI,3795.22705078125,2.851346681551417e-14
spectrum,Septum / reconstructed MIDI,3800.6103515625,3.079350332666972e-14
spectrum,Septum / reconstructed MIDI,3805.99365234375,2.8543241717676054e-14
spectrum,Septum / reconstructed MIDI,3811.376953125,3.0920246560633274e-14
spectrum,Septum / reconstructed MIDI,3816.76025390625,2.842843148387342e-14
spectrum,Septum / reconstructed MIDI,3822.1435546875,3.077367936757218e-14
spectrum,Septum / reconstructed MIDI,3827.52685546875,2.844897033877844e-14
spectrum,Septum / reconstructed MIDI,3832.91015625,3.0730744961541753e-14
spectrum,Septum / reconstructed MIDI,3838.29345703125,2.8440815105562275e-14
spectrum,Septum / reconstructed MIDI,3843.6767578125,3.06322892398847e-14
spectrum,Septum / reconstructed MIDI,3849.06005859375,2.8494391633542004e-14
spectrum,Septum / reconstructed MIDI,3854.443359375,3.054646108540532e-14
spectrum,Septum / reconstructed MIDI,3859.82666015625,2.8542858858783896e-14
spectrum,Septum / reconstructed MIDI,3865.2099609375,3.0354906278449653e-14
spectrum,Septum / reconstructed MIDI,3870.59326171875,2.8535343982475855e-14
spectrum,Septum / reconstructed MIDI,3875.9765625,3.0109026166388886e-14
spectrum,Septum / reconstructed MIDI,3881.35986328125,2.8523905649556133e-14
spectrum,Septum / reconstructed MIDI,3886.7431640625,2.982032684477852e-14
spectrum,Septum / reconstructed MIDI,3892.12646484375,2.8522418259700755e-14
spectrum,Septum / reconstructed MIDI,3897.509765625,2.948072423116996e-14
spectrum,Septum / reconstructed MIDI,3902.89306640625,2.841318150269105e-14
spectrum,Septum / reconstructed MIDI,3908.2763671875,2.9047046750307545e-14
spectrum,Septum / reconstructed MIDI,3913.65966796875,2.830324679053281e-14
spectrum,Septum / reconstructed MIDI,3919.04296875,2.8602537412115644e-14
spectrum,Septum / reconstructed MIDI,3924.42626953125,2.8162890043040983e-14
spectrum,Septum / reconstructed MIDI,3929.8095703125,2.8153857283691464e-14
spectrum,Septum / reconstructed MIDI,3935.19287109375,2.7937364132702737e-14
spectrum,Septum / reconstructed MIDI,3940.576171875,2.7577012600018234e-14
spectrum,Septum / reconstructed MIDI,3945.95947265625,2.7653176108569447e-14
spectrum,Septum / reconstructed MIDI,3951.3427734375,2.6992708944211484e-14
spectrum,Septum / reconstructed MIDI,3956.72607421875,2.731140339655002e-14
spectrum,Septum / reconstructed MIDI,3962.109375,2.6339165427164378e-14
spectrum,Septum / reconstructed MIDI,3967.49267578125,2.6970992713509778e-14
spectrum,Septum / reconstructed MIDI,3972.8759765625,2.5841149017694423e-14
spectrum,Septum / reconstructed MIDI,3978.25927734375,2.6495764878452753e-14
spectrum,Septum / reconstructed MIDI,3983.642578125,2.5096544376619796e-14
spectrum,Septum / reconstructed MIDI,3989.02587890625,2.5959035675161488e-14
spectrum,Septum / reconstructed MIDI,3994.4091796875,2.4416903774467785e-14
spectrum,Septum / reconstructed MIDI,3999.79248046875,2.5393424342434745e-14
spectrum,Septum / reconstructed MIDI,4005.17578125,2.369137600943122e-14
spectrum,Septum / reconstructed MIDI,4010.55908203125,2.4734822344626636e-14
spectrum,Septum / reconstructed MIDI,4015.9423828125,2.294116062211398e-14
spectrum,Septum / reconstructed MIDI,4021.32568359375,2.4077804298429893e-14
spectrum,Septum / reconstructed MIDI,4026.708984375,2.2230252645747024e-14
spectrum,Septum / reconstructed MIDI,4032.09228515625,2.3356460876152764e-14
spectrum,Septum / reconstructed MIDI,4037.4755859375,2.1471617750934077e-14
spectrum,Septum / reconstructed MIDI,4042.85888671875,2.259494945745094e-14
spectrum,Septum / reconstructed MIDI,4048.2421875,2.0737250350059966e-14
spectrum,Septum / reconstructed MIDI,4053.62548828125,2.1810998441910458e-14
spectrum,Septum / reconstructed MIDI,4059.0087890625,1.9946894071372345e-14
spectrum,Septum / reconstructed MIDI,4064.39208984375,2.098395547221136e-14
spectrum,Septum / reconstructed MIDI,4069.775390625,1.9184320473354666e-14
spectrum,Septum / reconstructed MIDI,4075.15869140625,2.011092200160814e-14
spectrum,Septum / reconstructed MIDI,4080.5419921875,1.841214490984691e-14
spectrum,Septum / reconstructed MIDI,4085.92529296875,1.9208740433224007e-14
spectrum,Septum / reconstructed MIDI,4091.30859375,1.761639980754886e-14
spectrum,Septum / reconstructed MIDI,4096.69189453125,1.8285540589286706e-14
spectrum,Septum / reconstructed MIDI,4102.0751953125,1.6837595364195893e-14
spectrum,Septum / reconstructed MIDI,4107.45849609375,1.7356050678683094e-14
spectrum,Septum / reconstructed MIDI,4112.841796875,1.60617911115421e-14
spectrum,Septum / reconstructed MIDI,4118.22509765625,1.6429391552189206e-14
spectrum,Septum / reconstructed MIDI,4123.6083984375,1.520286582170835e-14
spectrum,Septum / reconstructed MIDI,4128.99169921875,1.5446967164579883e-14
spectrum,Septum / reconstructed MIDI,4134.375,1.4480326388909698e-14
spectrum,Septum / reconstructed MIDI,4139.75830078125,1.4553154281714623e-14
spectrum,Septum / reconstructed MIDI,4145.1416015625,1.373236241516626e-14
spectrum,Septum / reconstructed MIDI,4150.52490234375,1.3667500020197315e-14
spectrum,Septum / reconstructed MIDI,4155.908203125,1.3006886319139477e-14
spectrum,Septum / reconstructed MIDI,4161.29150390625,1.2818257163983628e-14
spectrum,Septum / reconstructed MIDI,4166.6748046875,1.228237414660667e-14
spectrum,Septum / reconstructed MIDI,4172.05810546875,1.1963455230537112e-14
spectrum,Septum / reconstructed MIDI,4177.44140625,1.1585496423978034e-14
spectrum,Septum / reconstructed MIDI,4182.82470703125,1.1182185074274688e-14
spectrum,Septum / reconstructed MIDI,4188.2080078125,1.0910245146558695e-14
spectrum,Septum / reconstructed MIDI,4193.59130859375,1.0430926142366431e-14
spectrum,Septum / reconstructed MIDI,4198.974609375,1.0270409163697005e-14
spectrum,Septum / reconstructed MIDI,4204.35791015625,9.734177168745778e-15
spectrum,Septum / reconstructed MIDI,4209.7412109375,9.630330082379453e-15
spectrum,Septum / reconstructed MIDI,4215.12451171875,9.043132962024882e-15
spectrum,Septum / reconstructed MIDI,4220.5078125,9.02825821643815e-15
spectrum,Septum / reconstructed MIDI,4225.89111328125,8.430289378093345e-15
spectrum,Septum / reconstructed MIDI,4231.2744140625,8.456514365173286e-15
spectrum,Septum / reconstructed MIDI,4236.65771484375,7.85868189913299e-15
spectrum,Septum / reconstructed MIDI,4242.041015625,7.922172100727383e-15
spectrum,Septum / reconstructed MIDI,4247.42431640625,7.31990541720821e-15
spectrum,Septum / reconstructed MIDI,4252.8076171875,7.401002045644232e-15
spectrum,Septum / reconstructed MIDI,4258.19091796875,6.816786904780469e-15
spectrum,Septum / reconstructed MIDI,4263.57421875,6.922659246923679e-15
spectrum,Septum / reconstructed MIDI,4268.95751953125,6.372779010093343e-15
spectrum,Septum / reconstructed MIDI,4274.3408203125,6.4977036643191436e-15
spectrum,Septum / reconstructed MIDI,4279.72412109375,5.972683420974248e-15
spectrum,Septum / reconstructed MIDI,4285.107421875,6.0265013533439445e-15
spectrum,Septum / reconstructed MIDI,4290.49072265625,5.557719862531998e-15
spectrum,Septum / reconstructed MIDI,4295.8740234375,5.631195312025099e-15
spectrum,Septum / reconstructed MIDI,4301.25732421875,5.217275298173866e-15
spectrum,Septum / reconstructed MIDI,4306.640625,5.255566269587444e-15
spectrum,Septum / reconstructed MIDI,4312.02392578125,4.884500617153122e-15
spectrum,Septum / reconstructed MIDI,4317.4072265625,4.911100416312222e-15
spectrum,Septum / reconstructed MIDI,4322.79052734375,4.606851687372635e-15
spectrum,Septum / reconstructed MIDI,4328.173828125,4.6101983145472366e-15
spectrum,Septum / reconstructed MIDI,4333.55712890625,4.36628458947352e-15
spectrum,Septum / reconstructed MIDI,4338.9404296875,4.3395772171301184e-15
spectrum,Septum / reconstructed MIDI,4344.32373046875,4.1660142370070815e-15
spectrum,Septum / reconstructed MIDI,4349.70703125,4.105808405665667e-15
spectrum,Septum / reconstructed MIDI,4355.09033203125,3.984580203221684e-15
spectrum,Septum / reconstructed MIDI,4360.4736328125,3.906177986590879e-15
spectrum,Septum / reconstructed MIDI,4365.85693359375,3.851019624582152e-15
spectrum,Septum / reconstructed MIDI,4371.240234375,3.746519899329968e-15
spectrum,Septum / reconstructed MIDI,4376.62353515625,3.746845159981714e-15
spectrum,Septum / reconstructed MIDI,4382.0068359375,3.620326389749181e-15
spectrum,Septum / reconstructed MIDI,4387.39013671875,3.676506273492296e-15
spectrum,Septum / reconstructed MIDI,4392.7734375,3.5425363661810037e-15
spectrum,Septum / reconstructed MIDI,4398.15673828125,3.642886688782826e-15
spectrum,Septum / reconstructed MIDI,4403.5400390625,3.4847606723652615e-15
spectrum,Septum / reconstructed MIDI,4408.92333984375,3.623637865056472e-15
spectrum,Septum / reconstructed MIDI,4414.306640625,3.467784014519917e-15
spectrum,Septum / reconstructed MIDI,4419.68994140625,3.635922807406974e-15
spectrum,Septum / reconstructed MIDI,4425.0732421875,3.488977625893167e-15
spectrum,Septum / reconstructed MIDI,4430.45654296875,3.689717446370621e-15
spectrum,Septum / reconstructed MIDI,4435.83984375,3.551238147406384e-15
spectrum,Septum / reconstructed MIDI,4441.22314453125,3.743453216544434e-15
spectrum,Septum / reconstructed MIDI,4446.6064453125,3.634083051845538e-15
spectrum,Septum / reconstructed MIDI,4451.98974609375,3.845928956569154e-15
spectrum,Septum / reconstructed MIDI,4457.373046875,3.761394644916701e-15
spectrum,Septum / reconstructed MIDI,4462.75634765625,3.9709967593630404e-15
spectrum,Septum / reconstructed MIDI,4468.1396484375,3.9232393477309484e-15
spectrum,Septum / reconstructed MIDI,4473.52294921875,4.119112328651716e-15
spectrum,Septum / reconstructed MIDI,4478.90625,4.111777023328494e-15
spectrum,Septum / reconstructed MIDI,4484.28955078125,4.298558376109908e-15
spectrum,Septum / reconstructed MIDI,4489.6728515625,4.3261724972233455e-15
spectrum,Septum / reconstructed MIDI,4495.05615234375,4.492821994430893e-15
spectrum,Septum / reconstructed MIDI,4500.439453125,4.570409788882913e-15
spectrum,Septum / reconstructed MIDI,4505.82275390625,4.718594814873264e-15
spectrum,Septum / reconstructed MIDI,4511.2060546875,4.840290155987657e-15
spectrum,Septum / reconstructed MIDI,4516.58935546875,4.965848814374478e-15
spectrum,Septum / reconstructed MIDI,4521.97265625,5.133419459912164e-15
spectrum,Septum / reconstructed MIDI,4527.35595703125,5.225402579302771e-15
spectrum,Septum / reconstructed MIDI,4532.7392578125,5.436191810424687e-15
spectrum,Septum / reconstructed MIDI,4538.12255859375,5.518788110693822e-15
spectrum,Septum / reconstructed MIDI,4543.505859375,5.764375572871313e-15
spectrum,Septum / reconstructed MIDI,4548.88916015625,5.834633144197795e-15
spectrum,Septum / reconstructed MIDI,4554.2724609375,6.11979906786869e-15
spectrum,Septum / reconstructed MIDI,4559.65576171875,6.170377946248086e-15
spectrum,Septum / reconstructed MIDI,4565.0390625,6.466163969011656e-15
spectrum,Septum / reconstructed MIDI,4570.42236328125,6.513840488997285e-15
spectrum,Septum / reconstructed MIDI,4575.8056640625,6.824629159322623e-15
spectrum,Septum / reconstructed MIDI,4581.18896484375,6.8717648487714306e-15
spectrum,Septum / reconstructed MIDI,4586.572265625,7.205561051526563e-15
spectrum,Septum / reconstructed MIDI,4591.95556640625,7.272784127319507e-15
spectrum,Septum / reconstructed MIDI,4597.3388671875,7.574757302246295e-15
spectrum,Septum / reconstructed MIDI,4602.72216796875,7.640617502027106e-15
spectrum,Septum / reconstructed MIDI,4608.10546875,7.947583936177959e-15
spectrum,Septum / reconstructed MIDI,4613.48876953125,8.031234368949952e-15
spectrum,Septum / reconstructed MIDI,4618.8720703125,8.329202772102123e-15
spectrum,Septum / reconstructed MIDI,4624.25537109375,8.420521394145609e-15
spectrum,Septum / reconstructed MIDI,4629.638671875,8.688850420407457e-15
spectrum,Septum / reconstructed MIDI,4635.02197265625,8.807479925769263e-15
spectrum,Septum / reconstructed MIDI,4640.4052734375,9.050890089755837e-15
spectrum,Septum / reconstructed MIDI,4645.78857421875,9.193251764233815e-15
spectrum,Septum / reconstructed MIDI,4651.171875,9.415090540152663e-15
spectrum,Septum / reconstructed MIDI,4656.55517578125,9.568969321614457e-15
spectrum,Septum / reconstructed MIDI,4661.9384765625,9.772205559945707e-15
spectrum,Septum / reconstructed MIDI,4667.32177734375,9.938685650563803e-15
spectrum,Septum / reconstructed MIDI,4672.705078125,1.0116095007300322e-14
spectrum,Septum / reconstructed MIDI,4678.08837890625,1.0273114586930535e-14
spectrum,Septum / reconstructed MIDI,4683.4716796875,1.046450591652738e-14
spectrum,Septum / reconstructed MIDI,4688.85498046875,1.0611052780797742e-14
spectrum,Septum / reconstructed MIDI,4694.23828125,1.0797253492493813e-14
spectrum,Septum / reconstructed MIDI,4699.62158203125,1.0926829204632987e-14
spectrum,Septum / reconstructed MIDI,4705.0048828125,1.1131855223581785e-14
spectrum,Septum / reconstructed MIDI,4710.38818359375,1.1210813940858936e-14
spectrum,Septum / reconstructed MIDI,4715.771484375,1.1445724129219813e-14
spectrum,Septum / reconstructed MIDI,4721.15478515625,1.1472726692545333e-14
spectrum,Septum / reconstructed MIDI,4726.5380859375,1.174327409809604e-14
spectrum,Septum / reconstructed MIDI,4731.92138671875,1.1719862107433931e-14
spectrum,Septum / reconstructed MIDI,4737.3046875,1.2022846639699741e-14
spectrum,Septum / reconstructed MIDI,4742.68798828125,1.1940481155908733e-14
spectrum,Septum / reconstructed MIDI,4748.0712890625,1.2305104275746239e-14
spectrum,Septum / reconstructed MIDI,4753.45458984375,1.2151098439342357e-14
spectrum,Septum / reconstructed MIDI,4758.837890625,1.2547334522837288e-14
spectrum,Septum / reconstructed MIDI,4764.22119140625,1.2325966697237112e-14
spectrum,Septum / reconstructed MIDI,4769.6044921875,1.278080221408899e-14
spectrum,Septum / reconstructed MIDI,4774.98779296875,1.2493542848488956e-14
spectrum,Septum / reconstructed MIDI,4780.37109375,1.2997321623099082e-14
spectrum,Septum / reconstructed MIDI,4785.75439453125,1.2633386294014746e-14
spectrum,Septum / reconstructed MIDI,4791.1376953125,1.3195553590777953e-14
spectrum,Septum / reconstructed MIDI,4796.52099609375,1.2777749507347086e-14
spectrum,Septum / reconstructed MIDI,4801.904296875,1.3363483801801749e-14
spectrum,Septum / reconstructed MIDI,4807.28759765625,1.2903017209916524e-14
spectrum,Septum / reconstructed MIDI,4812.6708984375,1.3509826531131822e-14
spectrum,Septum / reconstructed MIDI,4818.05419921875,1.3019552002799771e-14
spectrum,Septum / reconstructed MIDI,4823.4375,1.3628638148577288e-14
spectrum,Septum / reconstructed MIDI,4828.82080078125,1.3120989280431157e-14
spectrum,Septum / reconstructed MIDI,4834.2041015625,1.371803315879756e-14
spectrum,Septum / reconstructed MIDI,4839.58740234375,1.3207418828303091e-14
spectrum,Septum / reconstructed MIDI,4844.970703125,1.3789544762402451e-14
spectrum,Septum / reconstructed MIDI,4850.35400390625,1.3293037765644503e-14
spectrum,Septum / reconstructed MIDI,4855.7373046875,1.3825480982222662e-14
spectrum,Septum / reconstructed MIDI,4861.12060546875,1.3381214742486623e-14
spectrum,Septum / reconstructed MIDI,4866.50390625,1.3847615647200311e-14
spectrum,Septum / reconstructed MIDI,4871.88720703125,1.3435086884964944e-14
spectrum,Septum / reconstructed MIDI,4877.2705078125,1.3828432045010896e-14
spectrum,Septum / reconstructed MIDI,4882.65380859375,1.3488884488543906e-14
spectrum,Septum / reconstructed MIDI,4888.037109375,1.3790592542158205e-14
spectrum,Septum / reconstructed MIDI,4893.42041015625,1.3519804579250477e-14
spectrum,Septum / reconstructed MIDI,4898.8037109375,1.3710968904017459e-14
spectrum,Septum / reconstructed MIDI,4904.18701171875,1.3517698855343603e-14
spectrum,Septum / reconstructed MIDI,4909.5703125,1.3631936494873896e-14
spectrum,Septum / reconstructed MIDI,4914.95361328125,1.3543300426174364e-14
spectrum,Septum / reconstructed MIDI,4920.3369140625,1.3518439162139503e-14
spectrum,Septum / reconstructed MIDI,4925.72021484375,1.3529390451114554e-14
spectrum,Septum / reconstructed MIDI,4931.103515625,1.3372653780488724e-14
spectrum,Septum / reconstructed MIDI,4936.48681640625,1.3480798712029417e-14
spectrum,Septum / reconstructed MIDI,4941.8701171875,1.3206195712727256e-14
spectrum,Septum / reconstructed MIDI,4947.25341796875,1.3430838167701516e-14
spectrum,Septum / reconstructed MIDI,4952.63671875,1.3041281786028633e-14
spectrum,Septum / reconstructed MIDI,4958.02001953125,1.3359667918374368e-14
spectrum,Septum / reconstructed MIDI,4963.4033203125,1.2858312505026337e-14
spectrum,Septum / reconstructed MIDI,4968.78662109375,1.326412344895703e-14
spectrum,Septum / reconstructed MIDI,4974.169921875,1.2656630572153299e-14
spectrum,Septum / reconstructed MIDI,4979.55322265625,1.314623255632523e-14
spectrum,Septum / reconstructed MIDI,4984.9365234375,1.2450659264435365e-14
spectrum,Septum / reconstructed MIDI,4990.31982421875,1.3002568145174375e-14
spectrum,Septum / reconstructed MIDI,4995.703125,1.2234709061565829e-14
spectrum,Septum / reconstructed MIDI,5001.08642578125,1.283540873413258e-14
spectrum,Septum / reconstructed MIDI,5006.4697265625,1.201242898148146e-14
spectrum,Septum / reconstructed MIDI,5011.85302734375,1.2646322181185214e-14
spectrum,Septum / reconstructed MIDI,5017.236328125,1.1790148054364145e-14
spectrum,Septum / reconstructed MIDI,5022.61962890625,1.243531949776059e-14
spectrum,Septum / reconstructed MIDI,5028.0029296875,1.1561470334429166e-14
spectrum,Septum / reconstructed MIDI,5033.38623046875,1.2189967087225962e-14
spectrum,Septum / reconstructed MIDI,5038.76953125,1.1327690088019926e-14
spectrum,Septum / reconstructed MIDI,5044.15283203125,1.1935821627665887e-14
spectrum,Septum / reconstructed MIDI,5049.5361328125,1.1091981994622736e-14
spectrum,Septum / reconstructed MIDI,5054.91943359375,1.1672130953823204e-14
spectrum,Septum / reconstructed MIDI,5060.302734375,1.0854912719279308e-14
spectrum,Septum / reconstructed MIDI,5065.68603515625,1.1362257502597374e-14
spectrum,Septum / reconstructed MIDI,5071.0693359375,1.060723096813973e-14
spectrum,Septum / reconstructed MIDI,5076.45263671875,1.1053392020578777e-14
spectrum,Septum / reconstructed MIDI,5081.8359375,1.0360433519397087e-14
spectrum,Septum / reconstructed MIDI,5087.21923828125,1.0719069810363399e-14
spectrum,Septum / reconstructed MIDI,5092.6025390625,1.0101088971606765e-14
spectrum,Septum / reconstructed MIDI,5097.98583984375,1.040021611583078e-14
spectrum,Septum / reconstructed MIDI,5103.369140625,9.858846866054455e-15
spectrum,Septum / reconstructed MIDI,5108.75244140625,1.0068833956975321e-14
spectrum,Septum / reconstructed MIDI,5114.1357421875,9.603879784535543e-15
spectrum,Septum / reconstructed MIDI,5119.51904296875,9.729261836552861e-15
spectrum,Septum / reconstructed MIDI,5124.90234375,9.348146138199367e-15
spectrum,Septum / reconstructed MIDI,5130.28564453125,9.389139991747633e-15
spectrum,Septum / reconstructed MIDI,5135.6689453125,9.091087732333684e-15
spectrum,Septum / reconstructed MIDI,5141.05224609375,9.05998976470819e-15
spectrum,Septum / reconstructed MIDI,5146.435546875,8.834903464469569e-15
spectrum,Septum / reconstructed MIDI,5151.81884765625,8.732087217200053e-15
spectrum,Septum / reconstructed MIDI,5157.2021484375,8.576145063478747e-15
spectrum,Septum / reconstructed MIDI,5162.58544921875,8.411402237435469e-15
spectrum,Septum / reconstructed MIDI,5167.96875,8.318685163996066e-15
spectrum,Septum / reconstructed MIDI,5173.35205078125,8.09902072165282e-15
spectrum,Septum / reconstructed MIDI,5178.7353515625,8.054052589516036e-15
spectrum,Septum / reconstructed MIDI,5184.11865234375,7.787340549150496e-15
spectrum,Septum / reconstructed MIDI,5189.501953125,7.79342309274473e-15
spectrum,Septum / reconstructed MIDI,5194.88525390625,7.491498198695934e-15
spectrum,Septum / reconstructed MIDI,5200.2685546875,7.535437185801803e-15
spectrum,Septum / reconstructed MIDI,5205.65185546875,7.205404350431321e-15
spectrum,Septum / reconstructed MIDI,5211.03515625,7.268901328289293e-15
spectrum,Septum / reconstructed MIDI,5216.41845703125,6.933451293704646e-15
spectrum,Septum / reconstructed MIDI,5221.8017578125,7.0290597141095014e-15
spectrum,Septum / reconstructed MIDI,5227.18505859375,6.67226487277052e-15
spectrum,Septum / reconstructed MIDI,5232.568359375,6.7801247777244614e-15
spectrum,Septum / reconstructed MIDI,5237.95166015625,6.4182358802406924e-15
spectrum,Septum / reconstructed MIDI,5243.3349609375,6.5337715977626526e-15
spectrum,Septum / reconstructed MIDI,5248.71826171875,6.173785136278417e-15
spectrum,Septum / reconstructed MIDI,5254.1015625,6.290614273110834e-15
spectrum,Septum / reconstructed MIDI,5259.48486328125,5.935732032166753e-15
spectrum,Septum / reconstructed MIDI,5264.8681640625,6.053603443040767e-15
spectrum,Septum / reconstructed MIDI,5270.25146484375,5.707164426514916e-15
spectrum,Septum / reconstructed MIDI,5275.634765625,5.8181858819444845e-15
spectrum,Septum / reconstructed MIDI,5281.01806640625,5.481808346282594e-15
spectrum,Septum / reconstructed MIDI,5286.4013671875,5.5845640306963814e-15
spectrum,Septum / reconstructed MIDI,5291.78466796875,5.269493185306199e-15
spectrum,Septum / reconstructed MIDI,5297.16796875,5.361489433707489e-15
spectrum,Septum / reconstructed MIDI,5302.55126953125,5.0615046686243795e-15
spectrum,Septum / reconstructed MIDI,5307.9345703125,5.137977767717813e-15
spectrum,Septum / reconstructed MIDI,5313.31787109375,4.862394751295679e-15
spectrum,Septum / reconstructed MIDI,5318.701171875,4.93006590751772e-15
spectrum,Septum / reconstructed MIDI,5324.08447265625,4.6746727684263394e-15
spectrum,Septum / reconstructed MIDI,5329.4677734375,4.729834518566855e-15
spectrum,Septum / reconstructed MIDI,5334.85107421875,4.492149026754299e-15
spectrum,Septum / reconstructed MIDI,5340.234375,4.5332657000799175e-15
spectrum,Septum / reconstructed MIDI,5345.61767578125,4.319245038264226e-15
spectrum,Septum / reconstructed MIDI,5351.0009765625,4.346404726201462e-15
spectrum,Septum / reconstructed MIDI,5356.38427734375,4.1513817428432635e-15
spectrum,Septum / reconstructed MIDI,5361.767578125,4.16942354461978e-15
spectrum,Septum / reconstructed MIDI,5367.15087890625,3.993618044768887e-15
spectrum,Septum / reconstructed MIDI,5372.5341796875,3.989058042897344e-15
spectrum,Septum / reconstructed MIDI,5377.91748046875,3.833478419277463e-15
spectrum,Septum / reconstructed MIDI,5383.30078125,3.824947526949191e-15
spectrum,Septum / reconstructed MIDI,5388.68408203125,3.687441892357823e-15
spectrum,Septum / reconstructed MIDI,5394.0673828125,3.6732388438982626e-15
spectrum,Septum / reconstructed MIDI,5399.45068359375,3.548898218889594e-15
spectrum,Septum / reconstructed MIDI,5404.833984375,3.5254961808646153e-15
spectrum,Septum / reconstructed MIDI,5410.21728515625,3.419377140375518e-15
spectrum,Septum / reconstructed MIDI,5415.6005859375,3.3926045464951777e-15
spectrum,Septum / reconstructed MIDI,5420.98388671875,3.293739496166366e-15
spectrum,Septum / reconstructed MIDI,5426.3671875,3.2553309989313568e-15
spectrum,Septum / reconstructed MIDI,5431.75048828125,3.1675497982338414e-15
spectrum,Septum / reconstructed MIDI,5437.1337890625,3.1211578037127234e-15
spectrum,Septum / reconstructed MIDI,5442.51708984375,3.0430980001508456e-15
spectrum,Septum / reconstructed MIDI,5447.900390625,2.9999706823666825e-15
spectrum,Septum / reconstructed MIDI,5453.28369140625,2.929335757862199e-15
spectrum,Septum / reconstructed MIDI,5458.6669921875,2.8834828998120085e-15
spectrum,Septum / reconstructed MIDI,5464.05029296875,2.8214097843383716e-15
spectrum,Septum / reconstructed MIDI,5469.43359375,2.78786537380297e-15
spectrum,Septum / reconstructed MIDI,5474.81689453125,2.721157929316668e-15
spectrum,Septum / reconstructed MIDI,5480.2001953125,2.7049154372783563e-15
spectrum,Septum / reconstructed MIDI,5485.58349609375,2.6553707861275578e-15
spectrum,Septum / reconstructed MIDI,5490.966796875,2.6449643510958283e-15
spectrum,Septum / reconstructed MIDI,5496.35009765625,2.5978962125245645e-15
spectrum,Septum / reconstructed MIDI,5501.7333984375,2.5997431678660525e-15
spectrum,Septum / reconstructed MIDI,5507.11669921875,2.5533272446641745e-15
spectrum,Septum / reconstructed MIDI,5512.5,2.5607991340501415e-15
spectrum,Septum / reconstructed MIDI,5517.88330078125,2.5094941366767117e-15
spectrum,Septum / reconstructed MIDI,5523.2666015625,2.5329258208548443e-15
spectrum,Septum / reconstructed MIDI,5528.64990234375,2.4772433572100043e-15
spectrum,Septum / reconstructed MIDI,5534.033203125,2.5014727346662135e-15
spectrum,Septum / reconstructed MIDI,5539.41650390625,2.450791153541963e-15
spectrum,Septum / reconstructed MIDI,5544.7998046875,2.487818987072948e-15
spectrum,Septum / reconstructed MIDI,5550.18310546875,2.4358636801542636e-15
spectrum,Septum / reconstructed MIDI,5555.56640625,2.4719826473328446e-15
spectrum,Septum / reconstructed MIDI,5560.94970703125,2.424446311299986e-15
spectrum,Septum / reconstructed MIDI,5566.3330078125,2.458973068295966e-15
spectrum,Septum / reconstructed MIDI,5571.71630859375,2.4089180797944466e-15
spectrum,Septum / reconstructed MIDI,5577.099609375,2.43360506680041e-15
spectrum,Septum / reconstructed MIDI,5582.48291015625,2.3834518224770092e-15
spectrum,Septum / reconstructed MIDI,5587.8662109375,2.4026142488427433e-15
spectrum,Septum / reconstructed MIDI,5593.24951171875,2.355353410275979e-15
spectrum,Septum / reconstructed MIDI,5598.6328125,2.371453600779152e-15
spectrum,Septum / reconstructed MIDI,5604.01611328125,2.3265557723769906e-15
spectrum,Septum / reconstructed MIDI,5609.3994140625,2.3401442984333177e-15
spectrum,Septum / reconstructed MIDI,5614.78271484375,2.3025478940364883e-15
spectrum,Septum / reconstructed MIDI,5620.166015625,2.314723780895032e-15
spectrum,Septum / reconstructed MIDI,5625.54931640625,2.2848025537915108e-15
spectrum,Septum / reconstructed MIDI,5630.9326171875,2.2908620157379312e-15
spectrum,Septum / reconstructed MIDI,5636.31591796875,2.270554612585746e-15
spectrum,Septum / reconstructed MIDI,5641.69921875,2.2751804712689387e-15
spectrum,Septum / reconstructed MIDI,5647.08251953125,2.266580545755466e-15
spectrum,Septum / reconstructed MIDI,5652.4658203125,2.2598097878915886e-15
spectrum,Septum / reconstructed MIDI,5657.84912109375,2.258652952643876e-15
spectrum,Septum / reconstructed MIDI,5663.232421875,2.2466572720448606e-15
spectrum,Septum / reconstructed MIDI,5668.61572265625,2.255297643381565e-15
spectrum,Septum / reconstructed MIDI,5673.9990234375,2.229353871240113e-15
spectrum,Septum / reconstructed MIDI,5679.38232421875,2.256024609408546e-15
spectrum,Septum / reconstructed MIDI,5684.765625,2.227672510839813e-15
spectrum,Septum / reconstructed MIDI,5690.14892578125,2.258249764960983e-15
spectrum,Septum / reconstructed MIDI,5695.5322265625,2.216517086924474e-15
spectrum,Septum / reconstructed MIDI,5700.91552734375,2.258117839579448e-15
spectrum,Septum / reconstructed MIDI,5706.298828125,2.2080404047048266e-15
spectrum,Septum / reconstructed MIDI,5711.68212890625,2.2570124615832812e-15
spectrum,Septum / reconstructed MIDI,5717.0654296875,2.2037074076631472e-15
spectrum,Septum / reconstructed MIDI,5722.44873046875,2.2572962176206114e-15
spectrum,Septum / reconstructed MIDI,5727.83203125,2.1952754064314675e-15
spectrum,Septum / reconstructed MIDI,5733.21533203125,2.2555993988690242e-15
spectrum,Septum / reconstructed MIDI,5738.5986328125,2.1886179392242855e-15
spectrum,Septum / reconstructed MIDI,5743.98193359375,2.2515090767667332e-15
spectrum,Septum / reconstructed MIDI,5749.365234375,2.1802041492009717e-15
spectrum,Septum / reconstructed MIDI,5754.74853515625,2.2426647822479774e-15
spectrum,Septum / reconstructed MIDI,5760.1318359375,2.1723894232296035e-15
spectrum,Septum / reconstructed MIDI,5765.51513671875,2.2313899266870755e-15
spectrum,Septum / reconstructed MIDI,5770.8984375,2.1618233224873166e-15
spectrum,Septum / reconstructed MIDI,5776.28173828125,2.2152122326692288e-15
spectrum,Septum / reconstructed MIDI,5781.6650390625,2.15075810758086e-15
spectrum,Septum / reconstructed MIDI,5787.04833984375,2.1976280404424663e-15
spectrum,Septum / reconstructed MIDI,5792.431640625,2.1410106641820944e-15
spectrum,Septum / reconstructed MIDI,5797.81494140625,2.1777155664019386e-15
spectrum,Septum / reconstructed MIDI,5803.1982421875,2.1312054107846786e-15
spectrum,Septum / reconstructed MIDI,5808.58154296875,2.1592256841963245e-15
spectrum,Septum / reconstructed MIDI,5813.96484375,2.1206928848763055e-15
spectrum,Septum / reconstructed MIDI,5819.34814453125,2.135484832992444e-15
spectrum,Septum / reconstructed MIDI,5824.7314453125,2.1087137214197615e-15
spectrum,Septum / reconstructed MIDI,5830.11474609375,2.1128485127517834e-15
spectrum,Septum / reconstructed MIDI,5835.498046875,2.0897465361483696e-15
spectrum,Septum / reconstructed MIDI,5840.88134765625,2.0851541352665936e-15
spectrum,Septum / reconstructed MIDI,5846.2646484375,2.075370269451096e-15
spectrum,Septum / reconstructed MIDI,5851.64794921875,2.0606678950691295e-15
spectrum,Septum / reconstructed MIDI,5857.03125,2.0543579231285585e-15
spectrum,Septum / reconstructed MIDI,5862.41455078125,2.0336505086670327e-15
spectrum,Septum / reconstructed MIDI,5867.7978515625,2.032382288586756e-15
spectrum,Septum / reconstructed MIDI,5873.18115234375,2.006829633908699e-15
spectrum,Septum / reconstructed MIDI,5878.564453125,2.0053475380092407e-15
spectrum,Septum / reconstructed MIDI,5883.94775390625,1.9739279096220265e-15
spectrum,Septum / reconstructed MIDI,5889.3310546875,1.9728932588769553e-15
spectrum,Septum / reconstructed MIDI,5894.71435546875,1.9402996428248467e-15
spectrum,Septum / reconstructed MIDI,5900.09765625,1.937895551562302e-15
spectrum,Septum / reconstructed MIDI,5905.48095703125,1.905899940770955e-15
spectrum,Septum / reconstructed MIDI,5910.8642578125,1.8947322348778807e-15
spectrum,Septum / reconstructed MIDI,5916.24755859375,1.8701428684190884e-15
spectrum,Septum / reconstructed MIDI,5921.630859375,1.8512690685301312e-15
spectrum,Septum / reconstructed MIDI,5927.01416015625,1.8301798539676305e-15
spectrum,Septum / reconstructed MIDI,5932.3974609375,1.8035307151393525e-15
spectrum,Septum / reconstructed MIDI,5937.78076171875,1.788349978900424e-15
spectrum,Septum / reconstructed MIDI,5943.1640625,1.751295569710719e-15
spectrum,Septum / reconstructed MIDI,5948.54736328125,1.7414874575771063e-15
spectrum,Septum / reconstructed MIDI,5953.9306640625,1.6952601050851108e-15
spectrum,Septum / reconstructed MIDI,5959.31396484375,1.6944080958192914e-15
spectrum,Septum / reconstructed MIDI,5964.697265625,1.6383350441066488e-15
spectrum,Septum / reconstructed MIDI,5970.08056640625,1.6446739210465447e-15
spectrum,Septum / reconstructed MIDI,5975.4638671875,1.581021195005397e-15
spectrum,Septum / reconstructed MIDI,5980.84716796875,1.593100837745309e-15
spectrum,Septum / reconstructed MIDI,5986.23046875,1.5195432260563246e-15
spectrum,Septum / reconstructed MIDI,5991.61376953125,1.5383541337489481e-15
spectrum,Septum / reconstructed MIDI,5996.9970703125,1.4582472633117936e-15
spectrum,Septum / reconstructed MIDI,6002.38037109375,1.4812300200278813e-15
spectrum,Septum / reconstructed MIDI,6007.763671875,1.3970051930385315e-15
spectrum,Septum / reconstructed MIDI,6013.14697265625,1.4220429575637766e-15
spectrum,Septum / reconstructed MIDI,6018.5302734375,1.3350564855290226e-15
spectrum,Septum / reconstructed MIDI,6023.91357421875,1.3617832337510928e-15
spectrum,Septum / reconstructed MIDI,6029.296875,1.274276789365843e-15
spectrum,Septum / reconstructed MIDI,6034.68017578125,1.300152904750633e-15
spectrum,Septum / reconstructed MIDI,6040.0634765625,1.2131699267267865e-15
spectrum,Septum / reconstructed MIDI,6045.44677734375,1.2362135639359582e-15
spectrum,Septum / reconstructed MIDI,6050.830078125,1.1534544215827136e-15
spectrum,Septum / reconstructed MIDI,6056.21337890625,1.1739304901705206e-15
spectrum,Septum / reconstructed MIDI,6061.5966796875,1.0944422714222169e-15
spectrum,Septum / reconstructed MIDI,6066.97998046875,1.1091227288266732e-15
spectrum,Septum / reconstructed MIDI,6072.36328125,1.0389764364536372e-15
spectrum,Septum / reconstructed MIDI,6077.74658203125,1.0468918534666102e-15
spectrum,Septum / reconstructed MIDI,6083.1298828125,9.839516938923401e-16
spectrum,Septum / reconstructed MIDI,6088.51318359375,9.851392340843907e-16
spectrum,Septum / reconstructed MIDI,6093.896484375,9.314999197874464e-16
spectrum,Septum / reconstructed MIDI,6099.27978515625,9.245811429160365e-16
spectrum,Septum / reconstructed MIDI,6104.6630859375,8.800921137900436e-16
spectrum,Septum / reconstructed MIDI,6110.04638671875,8.659377167853915e-16
spectrum,Septum / reconstructed MIDI,6115.4296875,8.329619300553935e-16
spectrum,Septum / reconstructed MIDI,6120.81298828125,8.111162621314354e-16
spectrum,Septum / reconstructed MIDI,6126.1962890625,7.873075953522156e-16
spectrum,Septum / reconstructed MIDI,6131.57958984375,7.566473320022148e-16
spectrum,Septum / reconstructed MIDI,6136.962890625,7.426808174931755e-16
spectrum,Septum / reconstructed MIDI,6142.34619140625,7.040359980658821e-16
spectrum,Septum / reconstructed MIDI,6147.7294921875,6.992727082869975e-16
spectrum,Septum / reconstructed MIDI,6153.11279296875,6.5568381048614e-16
spectrum,Septum / reconstructed MIDI,6158.49609375,6.585342351723283e-16
spectrum,Septum / reconstructed MIDI,6163.87939453125,6.132833528498395e-16
spectrum,Septum / reconstructed MIDI,6169.2626953125,6.209924644005969e-16
spectrum,Septum / reconstructed MIDI,6174.64599609375,5.713219759175719e-16
spectrum,Septum / reconstructed MIDI,6180.029296875,5.859391176092209e-16
spectrum,Septum / reconstructed MIDI,6185.41259765625,5.34827984901594e-16
spectrum,Septum / reconstructed MIDI,6190.7958984375,5.526337291836226e-16
spectrum,Septum / reconstructed MIDI,6196.17919921875,5.009528080002895e-16
spectrum,Septum / reconstructed MIDI,6201.5625,5.214314176869384e-16
spectrum,Septum / reconstructed MIDI,6206.94580078125,4.713955933058507e-16
spectrum,Septum / reconstructed MIDI,6212.3291015625,4.927502468181973e-16
spectrum,Septum / reconstructed MIDI,6217.71240234375,4.455456830028664e-16
spectrum,Septum / reconstructed MIDI,6223.095703125,4.664369036139464e-16
spectrum,Septum / reconstructed MIDI,6228.47900390625,4.22880563641999e-16
spectrum,Septum / reconstructed MIDI,6233.8623046875,4.4275148012855206e-16
spectrum,Septum / reconstructed MIDI,6239.24560546875,4.0405610342221943e-16
spectrum,Septum / reconstructed MIDI,6244.62890625,4.2042943558110227e-16
spectrum,Septum / reconstructed MIDI,6250.01220703125,3.875609838073892e-16
spectrum,Septum / reconstructed MIDI,6255.3955078125,4.0104384250354633e-16
spectrum,Septum / reconstructed MIDI,6260.77880859375,3.7629965430386366e-16
spectrum,Septum / reconstructed MIDI,6266.162109375,3.857270251276856e-16
spectrum,Septum / reconstructed MIDI,6271.54541015625,3.671575482948092e-16
spectrum,Septum / reconstructed MIDI,6276.9287109375,3.7258030616269043e-16
spectrum,Septum / reconstructed MIDI,6282.31201171875,3.617211584904331e-16
spectrum,Septum / reconstructed MIDI,6287.6953125,3.6262809254892603e-16
spectrum,Septum / reconstructed MIDI,6293.07861328125,3.580102806787324e-16
spectrum,Septum / reconstructed MIDI,6298.4619140625,3.557062716528619e-16
spectrum,Septum / reconstructed MIDI,6303.84521484375,3.5728106472048525e-16
spectrum,Septum / reconstructed MIDI,6309.228515625,3.504621847972921e-16
spectrum,Septum / reconstructed MIDI,6314.61181640625,3.5867271338304446e-16
spectrum,Septum / reconstructed MIDI,6319.9951171875,3.492986791651199e-16
spectrum,Septum / reconstructed MIDI,6325.37841796875,3.627789173530965e-16
spectrum,Septum / reconstructed MIDI,6330.76171875,3.5091968846792784e-16
spectrum,Septum / reconstructed MIDI,6336.14501953125,3.69463330795913e-16
spectrum,Septum / reconstructed MIDI,6341.5283203125,3.5447357401681087e-16
spectrum,Septum / reconstructed MIDI,6346.91162109375,3.7685956955177836e-16
spectrum,Septum / reconstructed MIDI,6352.294921875,3.6228671180140294e-16
spectrum,Septum / reconstructed MIDI,6357.67822265625,3.873444610102473e-16
spectrum,Septum / reconstructed MIDI,6363.0615234375,3.723319666904673e-16
spectrum,Septum / reconstructed MIDI,6368.44482421875,4.000887863857375e-16
spectrum,Septum / reconstructed MIDI,6373.828125,3.855860206117474e-16
spectrum,Septum / reconstructed MIDI,6379.21142578125,4.144037755432332e-16
spectrum,Septum / reconstructed MIDI,6384.5947265625,4.0106305956353716e-16
spectrum,Septum / reconstructed MIDI,6389.97802734375,4.3037953161249854e-16
spectrum,Septum / reconstructed MIDI,6395.361328125,4.1913411044651363e-16
spectrum,Septum / reconstructed MIDI,6400.74462890625,4.484026721943959e-16
spectrum,Septum / reconstructed MIDI,6406.1279296875,4.407819432377286e-16
spectrum,Septum / reconstructed MIDI,6411.51123046875,4.682819001917439e-16
spectrum,Septum / reconstructed MIDI,6416.89453125,4.631745562175965e-16
spectrum,Septum / reconstructed MIDI,6422.27783203125,4.882364611818383e-16
spectrum,Septum / reconstructed MIDI,6427.6611328125,4.876957365241349e-16
spectrum,Septum / reconstructed MIDI,6433.04443359375,5.111964009479094e-16
spectrum,Septum / reconstructed MIDI,6438.427734375,5.163638313217527e-16
spectrum,Septum / reconstructed MIDI,6443.81103515625,5.354740592821122e-16
spectrum,Septum / reconstructed MIDI,6449.1943359375,5.456917118457224e-16
spectrum,Septum / reconstructed MIDI,6454.57763671875,5.599926455502496e-16
spectrum,Septum / reconstructed MIDI,6459.9609375,5.783072448753413e-16
spectrum,Septum / reconstructed MIDI,6465.34423828125,5.888285587505422e-16
spectrum,Septum / reconstructed MIDI,6470.7275390625,6.127404047306495e-16
spectrum,Septum / reconstructed MIDI,6476.11083984375,6.165851931573551e-16
spectrum,Septum / reconstructed MIDI,6481.494140625,6.481793103317037e-16
spectrum,Septum / reconstructed MIDI,6486.87744140625,6.470452390944486e-16
spectrum,Septum / reconstructed MIDI,6492.2607421875,6.851385341939611e-16
spectrum,Septum / reconstructed MIDI,6497.64404296875,6.775226492069608e-16
spectrum,Septum / reconstructed MIDI,6503.02734375,7.238437047187463e-16
spectrum,Septum / reconstructed MIDI,6508.41064453125,7.106125206870421e-16
spectrum,Septum / reconstructed MIDI,6513.7939453125,7.637743201599717e-16
spectrum,Septum / reconstructed MIDI,6519.17724609375,7.436285944215938e-16
spectrum,Septum / reconstructed MIDI,6524.560546875,8.046160254150875e-16
spectrum,Septum / reconstructed MIDI,6529.94384765625,7.780755715018541e-16
spectrum,Septum / reconstructed MIDI,6535.3271484375,8.452941474322649e-16
spectrum,Septum / reconstructed MIDI,6540.71044921875,8.12897519479952e-16
spectrum,Septum / reconstructed MIDI,6546.09375,8.862615312009295e-16
spectrum,Septum / reconstructed MIDI,6551.47705078125,8.490063752027252e-16
spectrum,Septum / reconstructed MIDI,6556.8603515625,9.281185642620073e-16
spectrum,Septum / reconstructed MIDI,6562.24365234375,8.864116677908304e-16
spectrum,Septum / reconstructed MIDI,6567.626953125,9.683948750248308e-16
spectrum,Septum / reconstructed MIDI,6573.01025390625,9.241126278170864e-16
spectrum,Septum / reconstructed MIDI,6578.3935546875,1.0097605760369418e-15
spectrum,Septum / reconstructed MIDI,6583.77685546875,9.622136520922426e-16
spectrum,Septum / reconstructed MIDI,6589.16015625,1.0476527008114814e-15
spectrum,Septum / reconstructed MIDI,6594.54345703125,9.997771280832474e-16
spectrum,Septum / reconstructed MIDI,6599.9267578125,1.085534978828009e-15
spectrum,Septum / reconstructed MIDI,6605.31005859375,1.0395731711649778e-15
spectrum,Septum / reconstructed MIDI,6610.693359375,1.1224004996704764e-15
spectrum,Septum / reconstructed MIDI,6616.07666015625,1.0766010046959627e-15
spectrum,Septum / reconstructed MIDI,6621.4599609375,1.1574037126992867e-15
spectrum,Septum / reconstructed MIDI,6626.84326171875,1.116940737050712e-15
spectrum,Septum / reconstructed MIDI,6632.2265625,1.1905672760457791e-15
spectrum,Septum / reconstructed MIDI,6637.60986328125,1.1544897076024951e-15
spectrum,Septum / reconstructed MIDI,6642.9931640625,1.222125288440751e-15
spectrum,Septum / reconstructed MIDI,6648.37646484375,1.1920913000761264e-15
spectrum,Septum / reconstructed MIDI,6653.759765625,1.2492574478072008e-15
spectrum,Septum / reconstructed MIDI,6659.14306640625,1.2299211679290428e-15
spectrum,Septum / reconstructed MIDI,6664.5263671875,1.2758532235598017e-15
spectrum,Septum / reconstructed MIDI,6669.90966796875,1.2641702039974416e-15
spectrum,Septum / reconstructed MIDI,6675.29296875,1.2990895607644737e-15
spectrum,Septum / reconstructed MIDI,6680.67626953125,1.2979688302961379e-15
spectrum,Septum / reconstructed MIDI,6686.0595703125,1.3212225316762286e-15
spectrum,Septum / reconstructed MIDI,6691.44287109375,1.329831456914766e-15
spectrum,Septum / reconstructed MIDI,6696.826171875,1.3398771617900837e-15
spectrum,Septum / reconstructed MIDI,6702.20947265625,1.3601776827995723e-15
spectrum,Septum / reconstructed MIDI,6707.5927734375,1.3577782502182376e-15
spectrum,Septum / reconstructed MIDI,6712.97607421875,1.3865924052596976e-15
spectrum,Septum / reconstructed MIDI,6718.359375,1.37247226014985e-15
spectrum,Septum / reconstructed MIDI,6723.74267578125,1.4112877567160152e-15
spectrum,Septum / reconstructed MIDI,6729.1259765625,1.3857264199502485e-15
spectrum,Septum / reconstructed MIDI,6734.50927734375,1.4319420198601008e-15
spectrum,Septum / reconstructed MIDI,6739.892578125,1.3968575975474725e-15
spectrum,Septum / reconstructed MIDI,6745.27587890625,1.4497669812021203e-15
spectrum,Septum / reconstructed MIDI,6750.6591796875,1.4066933441309894e-15
spectrum,Septum / reconstructed MIDI,6756.04248046875,1.4654395259460482e-15
spectrum,Septum / reconstructed MIDI,6761.42578125,1.4133231768882672e-15
spectrum,Septum / reconstructed MIDI,6766.80908203125,1.4750648907212909e-15
spectrum,Septum / reconstructed MIDI,6772.1923828125,1.4183428000128146e-15
spectrum,Septum / reconstructed MIDI,6777.57568359375,1.4824817229656864e-15
spectrum,Septum / reconstructed MIDI,6782.958984375,1.4229789289704926e-15
spectrum,Septum / reconstructed MIDI,6788.34228515625,1.4859819807410963e-15
spectrum,Septum / reconstructed MIDI,6793.7255859375,1.42512763979944e-15
spectrum,Septum / reconstructed MIDI,6799.10888671875,1.4874950992222477e-15
spectrum,Septum / reconstructed MIDI,6804.4921875,1.425242942159385e-15
spectrum,Septum / reconstructed MIDI,6809.87548828125,1.4833339439897426e-15
spectrum,Septum / reconstructed MIDI,6815.2587890625,1.42530774017985e-15
spectrum,Septum / reconstructed MIDI,6820.64208984375,1.4795813762751692e-15
spectrum,Septum / reconstructed MIDI,6826.025390625,1.4203874316683681e-15
spectrum,Septum / reconstructed MIDI,6831.40869140625,1.4707422698332154e-15
spectrum,Septum / reconstructed MIDI,6836.7919921875,1.416009224243129e-15
spectrum,Septum / reconstructed MIDI,6842.17529296875,1.4604295378212759e-15
spectrum,Septum / reconstructed MIDI,6847.55859375,1.4072383039534292e-15
spectrum,Septum / reconstructed MIDI,6852.94189453125,1.4458980523364179e-15
spectrum,Septum / reconstructed MIDI,6858.3251953125,1.3986145556383147e-15
spectrum,Septum / reconstructed MIDI,6863.70849609375,1.4267903654749002e-15
spectrum,Septum / reconstructed MIDI,6869.091796875,1.3868931019559729e-15
spectrum,Septum / reconstructed MIDI,6874.47509765625,1.4101873550384134e-15
spectrum,Septum / reconstructed MIDI,6879.8583984375,1.372998267610095e-15
spectrum,Septum / reconstructed MIDI,6885.24169921875,1.3886108847730046e-15
spectrum,Septum / reconstructed MIDI,6890.625,1.3578891056552096e-15
spectrum,Septum / reconstructed MIDI,6896.00830078125,1.3664622437517255e-15
spectrum,Septum / reconstructed MIDI,6901.3916015625,1.339769482726664e-15
spectrum,Septum / reconstructed MIDI,6906.77490234375,1.3424764941469703e-15
spectrum,Septum / reconstructed MIDI,6912.158203125,1.3199496529147422e-15
spectrum,Septum / reconstructed MIDI,6917.54150390625,1.3163369515155842e-15
spectrum,Septum / reconstructed MIDI,6922.9248046875,1.298099802765607e-15
spectrum,Septum / reconstructed MIDI,6928.30810546875,1.2916725167618414e-15
spectrum,Septum / reconstructed MIDI,6933.69140625,1.2751470098400284e-15
spectrum,Septum / reconstructed MIDI,6939.07470703125,1.2636446200536703e-15
spectrum,Septum / reconstructed MIDI,6944.4580078125,1.2481566226131254e-15
spectrum,Septum / reconstructed MIDI,6949.84130859375,1.2322650139732138e-15
spectrum,Septum / reconstructed MIDI,6955.224609375,1.2192902691662909e-15
spectrum,Septum / reconstructed MIDI,6960.60791015625,1.202425631428221e-15
spectrum,Septum / reconstructed MIDI,6965.9912109375,1.1885613961475625e-15
spectrum,Septum / reconstructed MIDI,6971.37451171875,1.1717292632988435e-15
spectrum,Septum / reconstructed MIDI,6976.7578125,1.158814763710294e-15
spectrum,Septum / reconstructed MIDI,6982.14111328125,1.1400985119495262e-15
spectrum,Septum / reconstructed MIDI,6987.5244140625,1.1269720423659263e-15
spectrum,Septum / reconstructed MIDI,6992.90771484375,1.1080796077521295e-15
spectrum,Septum / reconstructed MIDI,6998.291015625,1.0937563864931777e-15
spectrum,Septum / reconstructed MIDI,7003.67431640625,1.0737792203113035e-15
spectrum,Septum / reconstructed MIDI,7009.0576171875,1.058798383847927e-15
spectrum,Septum / reconstructed MIDI,7014.44091796875,1.0395942411095408e-15
spectrum,Septum / reconstructed MIDI,7019.82421875,1.0249219363972018e-15
spectrum,Septum / reconstructed MIDI,7025.20751953125,1.0046325326951459e-15
spectrum,Septum / reconstructed MIDI,7030.5908203125,9.897240116696414e-16
spectrum,Septum / reconstructed MIDI,7035.97412109375,9.699666505375796e-16
spectrum,Septum / reconstructed MIDI,7041.357421875,9.536210322379397e-16
spectrum,Septum / reconstructed MIDI,7046.74072265625,9.337678505037198e-16
spectrum,Septum / reconstructed MIDI,7052.1240234375,9.172425553401436e-16
spectrum,Septum / reconstructed MIDI,7057.50732421875,8.971832269623857e-16
spectrum,Septum / reconstructed MIDI,7062.890625,8.819727916307442e-16
spectrum,Septum / reconstructed MIDI,7068.27392578125,8.611983027477076e-16
spectrum,Septum / reconstructed MIDI,7073.6572265625,8.461216456821731e-16
spectrum,Septum / reconstructed MIDI,7079.04052734375,8.246956825835796e-16
spectrum,Septum / reconstructed MIDI,7084.423828125,8.107823193919804e-16
spectrum,Septum / reconstructed MIDI,7089.80712890625,7.878409614111897e-16
spectrum,Septum / reconstructed MIDI,7095.1904296875,7.756212935371848e-16
spectrum,Septum / reconstructed MIDI,7100.57373046875,7.510347858145894e-16
spectrum,Septum / reconstructed MIDI,7105.95703125,7.41141123353304e-16
spectrum,Septum / reconstructed MIDI,7111.34033203125,7.161620687992155e-16
spectrum,Septum / reconstructed MIDI,7116.7236328125,7.068908167354843e-16
spectrum,Septum / reconstructed MIDI,7122.10693359375,6.805465038890995e-16
spectrum,Septum / reconstructed MIDI,7127.490234375,6.730022461257014e-16
spectrum,Septum / reconstructed MIDI,7132.87353515625,6.456633577805624e-16
spectrum,Septum / reconstructed MIDI,7138.2568359375,6.395978077848336e-16
spectrum,Septum / reconstructed MIDI,7143.64013671875,6.117112067601763e-16
spectrum,Septum / reconstructed MIDI,7149.0234375,6.072504665621391e-16
spectrum,Septum / reconstructed MIDI,7154.40673828125,5.791126143895025e-16
spectrum,Septum / reconstructed MIDI,7159.7900390625,5.751631644542517e-16
spectrum,Septum / reconstructed MIDI,7165.17333984375,5.461081873579755e-16
spectrum,Septum / reconstructed MIDI,7170.556640625,5.435901172244661e-16
spectrum,Septum / reconstructed MIDI,7175.93994140625,5.148116963854684e-16
spectrum,Septum / reconstructed MIDI,7181.3232421875,5.1194554865019665e-16
spectrum,Septum / reconstructed MIDI,7186.70654296875,4.847125394234644e-16
spectrum,Septum / reconstructed MIDI,7192.08984375,4.820877960781602e-16
spectrum,Septum / reconstructed MIDI,7197.47314453125,4.554256341183182e-16
spectrum,Septum / reconstructed MIDI,7202.8564453125,4.537528499266093e-16
spectrum,Septum / reconstructed MIDI,7208.23974609375,4.2765285314594814e-16
spectrum,Septum / reconstructed MIDI,7213.623046875,4.2536462010872025e-16
spectrum,Septum / reconstructed MIDI,7219.00634765625,4.014366805026151e-16
spectrum,Septum / reconstructed MIDI,7224.3896484375,3.985664034817255e-16
spectrum,Septum / reconstructed MIDI,7229.77294921875,3.7629139573262793e-16
spectrum,Septum / reconstructed MIDI,7235.15625,3.73690422249406e-16
spectrum,Septum / reconstructed MIDI,7240.53955078125,3.5335758163902373e-16
spectrum,Septum / reconstructed MIDI,7245.9228515625,3.4919285298627234e-16
spectrum,Septum / reconstructed MIDI,7251.30615234375,3.308447958597641e-16
spectrum,Septum / reconstructed MIDI,7256.689453125,3.2620755517134283e-16
spectrum,Septum / reconstructed MIDI,7262.07275390625,3.0967942774134927e-16
spectrum,Septum / reconstructed MIDI,7267.4560546875,3.042699312330485e-16
spectrum,Septum / reconstructed MIDI,7272.83935546875,2.8991049931560155e-16
spectrum,Septum / reconstructed MIDI,7278.22265625,2.8445703650338235e-16
spectrum,Septum / reconstructed MIDI,7283.60595703125,2.7182144898249593e-16
spectrum,Septum / reconstructed MIDI,7288.9892578125,2.6564276714874943e-16
spectrum,Septum / reconstructed MIDI,7294.37255859375,2.5490291877315694e-16
spectrum,Septum / reconstructed MIDI,7299.755859375,2.489181280749929e-16
spectrum,Septum / reconstructed MIDI,7305.13916015625,2.403216171630886e-16
spectrum,Septum / reconstructed MIDI,7310.5224609375,2.339464766251383e-16
spectrum,Septum / reconstructed MIDI,7315.90576171875,2.2625205580205983e-16
spectrum,Septum / reconstructed MIDI,7321.2890625,2.2014854814238216e-16
spectrum,Septum / reconstructed MIDI,7326.67236328125,2.134055835470867e-16
spectrum,Septum / reconstructed MIDI,7332.0556640625,2.07648181490591e-16
spectrum,Septum / reconstructed MIDI,7337.43896484375,2.0242892328828761e-16
spectrum,Septum / reconstructed MIDI,7342.822265625,1.9714441707926604e-16
spectrum,Septum / reconstructed MIDI,7348.20556640625,1.9261665539927738e-16
spectrum,Septum / reconstructed MIDI,7353.5888671875,1.8844205351873457e-16
spectrum,Septum / reconstructed MIDI,7358.97216796875,1.8447062043152457e-16
spectrum,Septum / reconstructed MIDI,7364.35546875,1.806852169553553e-16
spectrum,Septum / reconstructed MIDI,7369.73876953125,1.76911976342913e-16
spectrum,Septum / reconstructed MIDI,7375.1220703125,1.7448324171555931e-16
spectrum,Septum / reconstructed MIDI,7380.50537109375,1.715660602452155e-16
spectrum,Septum / reconstructed MIDI,7385.888671875,1.6999305388771526e-16
spectrum,Septum / reconstructed MIDI,7391.27197265625,1.6783395367027425e-16
spectrum,Septum / reconstructed MIDI,7396.6552734375,1.6659855611670385e-16
spectrum,Septum / reconstructed MIDI,7402.03857421875,1.6489310821696652e-16
spectrum,Septum / reconstructed MIDI,7407.421875,1.6451654913235278e-16
spectrum,Septum / reconstructed MIDI,7412.80517578125,1.6377470708923563e-16
spectrum,Septum / reconstructed MIDI,7418.1884765625,1.6353925839967853e-16
spectrum,Septum / reconstructed MIDI,7423.57177734375,1.6291646419032e-16
spectrum,Septum / reconstructed MIDI,7428.955078125,1.635028624527262e-16
spectrum,Septum / reconstructed MIDI,7434.33837890625,1.6429729994791193e-16
spectrum,Septum / reconstructed MIDI,7439.7216796875,1.6533077278779078e-16
spectrum,Septum / reconstructed MIDI,7445.10498046875,1.663854479211306e-16
spectrum,Septum / reconstructed MIDI,7450.48828125,1.677426064608688e-16
spectrum,Septum / reconstructed MIDI,7455.87158203125,1.697566390512027e-16
spectrum,Septum / reconstructed MIDI,7461.2548828125,1.710355396875485e-16
spectrum,Septum / reconstructed MIDI,7466.63818359375,1.7332156249817964e-16
spectrum,Septum / reconstructed MIDI,7472.021484375,1.7570378972277316e-16
spectrum,Septum / reconstructed MIDI,7477.40478515625,1.786042952319679e-16
spectrum,Septum / reconstructed MIDI,7482.7880859375,1.8101880235278569e-16
spectrum,Septum / reconstructed MIDI,7488.17138671875,1.8409222169722851e-16
spectrum,Septum / reconstructed MIDI,7493.5546875,1.8766089061801909e-16
spectrum,Septum / reconstructed MIDI,7498.93798828125,1.9060818146265983e-16
spectrum,Septum / reconstructed MIDI,7504.3212890625,1.9455321094471713e-16
spectrum,Septum / reconstructed MIDI,7509.70458984375,1.9766858488982865e-16
spectrum,Septum / reconstructed MIDI,7515.087890625,2.015986324766314e-16
spectrum,Septum / reconstructed MIDI,7520.47119140625,2.0527745538523442e-16
spectrum,Septum / reconstructed MIDI,7525.8544921875,2.101893332719131e-16
spectrum,Septum / reconstructed MIDI,7531.23779296875,2.1314861492671342e-16
spectrum,Septum / reconstructed MIDI,7536.62109375,2.1968170063954703e-16
spectrum,Septum / reconstructed MIDI,7542.00439453125,2.2088814025423317e-16
spectrum,Septum / reconstructed MIDI,7547.3876953125,2.2834602712679087e-16
spectrum,Septum / reconstructed MIDI,7552.77099609375,2.3030206443001747e-16
spectrum,Septum / reconstructed MIDI,7558.154296875,2.3864576247694595e-16
spectrum,Septum / reconstructed MIDI,7563.53759765625,2.395029333497877e-16
spectrum,Septum / reconstructed MIDI,7568.9208984375,2.488123283659249e-16
spectrum,Septum / reconstructed MIDI,7574.30419921875,2.4835466587661155e-16
spectrum,Septum / reconstructed MIDI,7579.6875,2.5942824523342224e-16
spectrum,Septum / reconstructed MIDI,7585.07080078125,2.5773772628938027e-16
spectrum,Septum / reconstructed MIDI,7590.4541015625,2.696213603113417e-16
spectrum,Septum / reconstructed MIDI,7595.83740234375,2.6763959438234224e-16
spectrum,Septum / reconstructed MIDI,7601.220703125,2.804866489724666e-16
spectrum,Septum / reconstructed MIDI,7606.60400390625,2.7752809523660536e-16
spectrum,Septum / reconstructed MIDI,7611.9873046875,2.904135839467114e-16
spectrum,Septum / reconstructed MIDI,7617.37060546875,2.8719295292301374e-16
spectrum,Septum / reconstructed MIDI,7622.75390625,3.0068314374812055e-16
spectrum,Septum / reconstructed MIDI,7628.13720703125,2.975798267876176e-16
spectrum,Septum / reconstructed MIDI,7633.5205078125,3.1254774599854835e-16
spectrum,Septum / reconstructed MIDI,7638.90380859375,3.0759961774870514e-16
spectrum,Septum / reconstructed MIDI,7644.287109375,3.2173882109986596e-16
spectrum,Septum / reconstructed MIDI,7649.67041015625,3.171645520171171e-16
spectrum,Septum / reconstructed MIDI,7655.0537109375,3.3147112378469946e-16
spectrum,Septum / reconstructed MIDI,7660.43701171875,3.2704564133309176e-16
spectrum,Septum / reconstructed MIDI,7665.8203125,3.39993651662617e-16
spectrum,Septum / reconstructed MIDI,7671.20361328125,3.364651241625924e-16
spectrum,Septum / reconstructed MIDI,7676.5869140625,3.48429755710135e-16
spectrum,Septum / reconstructed MIDI,7681.97021484375,3.457087947159786e-16
spectrum,Septum / reconstructed MIDI,7687.353515625,3.5625599603562993e-16
spectrum,Septum / reconstructed MIDI,7692.73681640625,3.5501154581743576e-16
spectrum,Septum / reconstructed MIDI,7698.1201171875,3.637931334283151e-16
spectrum,Septum / reconstructed MIDI,7703.50341796875,3.6380001557101155e-16
spectrum,Septum / reconstructed MIDI,7708.88671875,3.7086043223307017e-16
spectrum,Septum / reconstructed MIDI,7714.27001953125,3.7251013477696633e-16
spectrum,Septum / reconstructed MIDI,7719.6533203125,3.777571333082923e-16
spectrum,Septum / reconstructed MIDI,7725.03662109375,3.8095073868701663e-16
spectrum,Septum / reconstructed MIDI,7730.419921875,3.832934730004444e-16
spectrum,Septum / reconstructed MIDI,7735.80322265625,3.88921159902002e-16
spectrum,Septum / reconstructed MIDI,7741.1865234375,3.8891726884440053e-16
spectrum,Septum / reconstructed MIDI,7746.56982421875,3.962404510085652e-16
spectrum,Septum / reconstructed MIDI,7751.953125,3.9314825135549497e-16
spectrum,Septum / reconstructed MIDI,7757.33642578125,4.033444633976278e-16
spectrum,Septum / reconstructed MIDI,7762.7197265625,3.9885685637329493e-16
spectrum,Septum / reconstructed MIDI,7768.10302734375,4.098634671877133e-16
spectrum,Septum / reconstructed MIDI,7773.486328125,4.023271768279754e-16
spectrum,Septum / reconstructed MIDI,7778.86962890625,4.150074982763887e-16
spectrum,Septum / reconstructed MIDI,7784.2529296875,4.0622638712154216e-16
spectrum,Septum / reconstructed MIDI,7789.63623046875,4.204738783410535e-16
spectrum,Septum / reconstructed MIDI,7795.01953125,4.099113774887924e-16
spectrum,Septum / reconstructed MIDI,7800.40283203125,4.2459527596459693e-16
spectrum,Septum / reconstructed MIDI,7805.7861328125,4.1307282208530066e-16
spectrum,Septum / reconstructed MIDI,7811.16943359375,4.280247800191316e-16
spectrum,Septum / reconstructed MIDI,7816.552734375,4.15655160843683e-16
spectrum,Septum / reconstructed MIDI,7821.93603515625,4.3109768320287217e-16
spectrum,Septum / reconstructed MIDI,7827.3193359375,4.1835563422842773e-16
spectrum,Septum / reconstructed MIDI,7832.70263671875,4.340527958673852e-16
spectrum,Septum / reconstructed MIDI,7838.0859375,4.2088180411449527e-16
spectrum,Septum / reconstructed MIDI,7843.46923828125,4.3508773778003196e-16
spectrum,Septum / reconstructed MIDI,7848.8525390625,4.2298109586492625e-16
spectrum,Septum / reconstructed MIDI,7854.23583984375,4.3636974861548095e-16
spectrum,Septum / reconstructed MIDI,7859.619140625,4.238318345813248e-16
spectrum,Septum / reconstructed MIDI,7865.00244140625,4.3679554149015384e-16
spectrum,Septum / reconstructed MIDI,7870.3857421875,4.2478599072662715e-16
spectrum,Septum / reconstructed MIDI,7875.76904296875,4.3613588811269996e-16
spectrum,Septum / reconstructed MIDI,7881.15234375,4.2521673345008557e-16
spectrum,Septum / reconstructed MIDI,7886.53564453125,4.3519374924733676e-16
spectrum,Septum / reconstructed MIDI,7891.9189453125,4.2492953634140716e-16
spectrum,Septum / reconstructed MIDI,7897.30224609375,4.3402071449450796e-16
spectrum,Septum / reconstructed MIDI,7902.685546875,4.2472214561822786e-16
spectrum,Septum / reconstructed MIDI,7908.06884765625,4.3194979834781e-16
spectrum,Septum / reconstructed MIDI,7913.4521484375,4.232546080975506e-16
spectrum,Septum / reconstructed MIDI,7918.83544921875,4.2939567637448306e-16
spectrum,Septum / reconstructed MIDI,7924.21875,4.2170699949357817e-16
spectrum,Septum / reconstructed MIDI,7929.60205078125,4.262593780685964e-16
spectrum,Septum / reconstructed MIDI,7934.9853515625,4.1966202373088987e-16
spectrum,Septum / reconstructed MIDI,7940.36865234375,4.227414914199717e-16
spectrum,Septum / reconstructed MIDI,7945.751953125,4.1759761914997393e-16
spectrum,Septum / reconstructed MIDI,7951.13525390625,4.192801971601354e-16
spectrum,Septum / reconstructed MIDI,7956.5185546875,4.150214478502388e-16
spectrum,Septum / reconstructed MIDI,7961.90185546875,4.155881658315111e-16
spectrum,Septum / reconstructed MIDI,7967.28515625,4.120750172734351e-16
spectrum,Septum / reconstructed MIDI,7972.66845703125,4.1077188355386396e-16
spectrum,Septum / reconstructed MIDI,7978.0517578125,4.085716360640321e-16
spectrum,Septum / reconstructed MIDI,7983.43505859375,4.0591121145582476e-16
spectrum,Septum / reconstructed MIDI,7988.818359375,4.0442435099603824e-16
spectrum,Septum / reconstructed MIDI,7994.20166015625,4.013493566997091e-16
spectrum,Septum / reconstructed MIDI,7999.5849609375,4.0035025486864306e-16
spectrum,Septum / reconstructed MIDI,8004.96826171875,3.962171840722953e-16
spectrum,Septum / reconstructed MIDI,8010.3515625,3.957648684784615e-16
spectrum,Septum / reconstructed MIDI,8015.73486328125,3.9164595901420066e-16
spectrum,Septum / reconstructed MIDI,8021.1181640625,3.912783467150923e-16
spectrum,Septum / reconstructed MIDI,8026.50146484375,3.8597592046528038e-16
spectrum,Septum / reconstructed MIDI,8031.884765625,3.8659052227785218e-16
spectrum,Septum / reconstructed MIDI,8037.26806640625,3.8042711350693586e-16
spectrum,Septum / reconstructed MIDI,8042.6513671875,3.8176685493169615e-16
spectrum,Septum / reconstructed MIDI,8048.03466796875,3.7481912012140195e-16
spectrum,Septum / reconstructed MIDI,8053.41796875,3.7600165752510776e-16
spectrum,Septum / reconstructed MIDI,8058.80126953125,3.6867622542967695e-16
spectrum,Septum / reconstructed MIDI,8064.1845703125,3.6958908871880067e-16
spectrum,Septum / reconstructed MIDI,8069.56787109375,3.6260696966480387e-16
spectrum,Septum / reconstructed MIDI,8074.951171875,3.6436300131336005e-16
spectrum,Septum / reconstructed MIDI,8080.33447265625,3.5677382433397793e-16
spectrum,Septum / reconstructed MIDI,8085.7177734375,3.5822825931375237e-16
spectrum,Septum / reconstructed MIDI,8091.10107421875,3.5038330485407906e-16
spectrum,Septum / reconstructed MIDI,8096.484375,3.5232353969888344e-16
spectrum,Septum / reconstructed MIDI,8101.86767578125,3.4469402277538834e-16
spectrum,Septum / reconstructed MIDI,8107.2509765625,3.465032851507235e-16
spectrum,Septum / reconstructed MIDI,8112.63427734375,3.38280606936134e-16
spectrum,Septum / reconstructed MIDI,8118.017578125,3.4023611484376856e-16
spectrum,Septum / reconstructed MIDI,8123.40087890625,3.3211238066533017e-16
spectrum,Septum / reconstructed MIDI,8128.7841796875,3.337134052845388e-16
spectrum,Septum / reconstructed MIDI,8134.16748046875,3.262087198416453e-16
spectrum,Septum / reconstructed MIDI,8139.55078125,3.278184000787837e-16
spectrum,Septum / reconstructed MIDI,8144.93408203125,3.2036773945605726e-16
spectrum,Septum / reconstructed MIDI,8150.3173828125,3.216583794396564e-16
spectrum,Septum / reconstructed MIDI,8155.70068359375,3.1497783058466173e-16
spectrum,Septum / reconstructed MIDI,8161.083984375,3.1562994007492914e-16
spectrum,Septum / reconstructed MIDI,8166.46728515625,3.0936549615527315e-16
spectrum,Septum / reconstructed MIDI,8171.8505859375,3.0982127929023477e-16
spectrum,Septum / reconstructed MIDI,8177.23388671875,3.0352038648406724e-16
spectrum,Septum / reconstructed MIDI,8182.6171875,3.038176685787739e-16
spectrum,Septum / reconstructed MIDI,8188.00048828125,2.979197781670422e-16
spectrum,Septum / reconstructed MIDI,8193.3837890625,2.987404472138132e-16
spectrum,Septum / reconstructed MIDI,8198.76708984375,2.925924438546251e-16
spectrum,Septum / reconstructed MIDI,8204.150390625,2.9267931767127785e-16
spectrum,Septum / reconstructed MIDI,8209.53369140625,2.878534268636353e-16
spectrum,Septum / reconstructed MIDI,8214.9169921875,2.8728670888236295e-16
spectrum,Septum / reconstructed MIDI,8220.30029296875,2.842113175393398e-16
spectrum,Septum / reconstructed MIDI,8225.68359375,2.8201141415664277e-16
spectrum,Septum / reconstructed MIDI,8231.06689453125,2.776282568826182e-16
spectrum,Septum / reconstructed MIDI,8236.4501953125,2.7732231916998177e-16
spectrum,Septum / reconstructed MIDI,8241.83349609375,2.7350953270681455e-16
spectrum,Septum / reconstructed MIDI,8247.216796875,2.7275006179048266e-16
spectrum,Septum / reconstructed MIDI,8252.60009765625,2.6874417828512106e-16
spectrum,Septum / reconstructed MIDI,8257.9833984375,2.6817041934247467e-16
spectrum,Septum / reconstructed MIDI,8263.36669921875,2.650075983174271e-16
spectrum,Septum / reconstructed MIDI,8268.75,2.6353405215678025e-16
spectrum,Septum / reconstructed MIDI,8274.13330078125,2.602325294866198e-16
spectrum,Septum / reconstructed MIDI,8279.5166015625,2.594069635306225e-16
spectrum,Septum / reconstructed MIDI,8284.89990234375,2.563844588072435e-16
spectrum,Septum / reconstructed MIDI,8290.283203125,2.553144444366245e-16
spectrum,Septum / reconstructed MIDI,8295.66650390625,2.525191298315669e-16
spectrum,Septum / reconstructed MIDI,8301.0498046875,2.5197340238551874e-16
spectrum,Septum / reconstructed MIDI,8306.43310546875,2.48705125758538e-16
spectrum,Septum / reconstructed MIDI,8311.81640625,2.477641515634773e-16
spectrum,Septum / reconstructed MIDI,8317.19970703125,2.465726409044865e-16
spectrum,Septum / reconstructed MIDI,8322.5830078125,2.4459182788755273e-16
spectrum,Septum / reconstructed MIDI,8327.96630859375,2.42543093416161e-16
spectrum,Septum / reconstructed MIDI,8333.349609375,2.416682936701045e-16
spectrum,Septum / reconstructed MIDI,8338.73291015625,2.3913735922370867e-16
spectrum,Septum / reconstructed MIDI,8344.1162109375,2.386374244963714e-16
spectrum,Septum / reconstructed MIDI,8349.49951171875,2.3744620500495625e-16
spectrum,Septum / reconstructed MIDI,8354.8828125,2.345111564333813e-16
spectrum,Septum / reconstructed MIDI,8360.26611328125,2.3285237475508176e-16
spectrum,Septum / reconstructed MIDI,8365.6494140625,2.311417652483221e-16
spectrum,Septum / reconstructed MIDI,8371.03271484375,2.3003077565887967e-16
spectrum,Septum / reconstructed MIDI,8376.416015625,2.2870921897270575e-16
spectrum,Septum / reconstructed MIDI,8381.79931640625,2.268801307324489e-16
spectrum,Septum / reconstructed MIDI,8387.1826171875,2.256011639216541e-16
spectrum,Septum / reconstructed MIDI,8392.56591796875,2.239972276266893e-16
spectrum,Septum / reconstructed MIDI,8397.94921875,2.227701415839138e-16
spectrum,Septum / reconstructed MIDI,8403.33251953125,2.2177424259617958e-16
spectrum,Septum / reconstructed MIDI,8408.7158203125,2.1975048236184204e-16
spectrum,Septum / reconstructed MIDI,8414.09912109375,2.19269275003573e-16
spectrum,Septum / reconstructed MIDI,8419.482421875,2.1704376210911132e-16
spectrum,Septum / reconstructed MIDI,8424.86572265625,2.1685975743621013e-16
spectrum,Septum / reconstructed MIDI,8430.2490234375,2.1446675701131872e-16
spectrum,Septum / reconstructed MIDI,8435.63232421875,2.1459726625964489e-16
spectrum,Septum / reconstructed MIDI,8441.015625,2.1144431846238876e-16
spectrum,Septum / reconstructed MIDI,8446.39892578125,2.116804421313257e-16
spectrum,Septum / reconstructed MIDI,8451.7822265625,2.09108095714743e-16
spectrum,Septum / reconstructed MIDI,8457.16552734375,2.0937839186914572e-16
spectrum,Septum / reconstructed MIDI,8462.548828125,2.0611885026943356e-16
spectrum,Septum / reconstructed MIDI,8467.93212890625,2.0694408535318587e-16
spectrum,Septum / reconstructed MIDI,8473.3154296875,2.0381182368868847e-16
spectrum,Septum / reconstructed MIDI,8478.69873046875,2.0464492029698247e-16
spectrum,Septum / reconstructed MIDI,8484.08203125,2.0140257081912162e-16
spectrum,Septum / reconstructed MIDI,8489.46533203125,2.021511626560372e-16
spectrum,Septum / reconstructed MIDI,8494.8486328125,1.9904609869008055e-16
spectrum,Septum / reconstructed MIDI,8500.23193359375,1.9931913446667206e-16
spectrum,Septum / reconstructed MIDI,8505.615234375,1.971607356983905e-16
spectrum,Septum / reconstructed MIDI,8510.99853515625,1.9738496120139646e-16
spectrum,Septum / reconstructed MIDI,8516.3818359375,1.9487749221461752e-16
spectrum,Septum / reconstructed MIDI,8521.76513671875,1.9461620902016917e-16
spectrum,Septum / reconstructed MIDI,8527.1484375,1.9248621232540022e-16
spectrum,Septum / reconstructed MIDI,8532.53173828125,1.920084989780386e-16
spectrum,Septum / reconstructed MIDI,8537.9150390625,1.903801707811708e-16
spectrum,Septum / reconstructed MIDI,8543.29833984375,1.8948882742286327e-16
spectrum,Septum / reconstructed MIDI,8548.681640625,1.8838690373293443e-16
spectrum,Septum / reconstructed MIDI,8554.06494140625,1.8707015131175822e-16
spectrum,Septum / reconstructed MIDI,8559.4482421875,1.8649134987609771e-16
spectrum,Septum / reconstructed MIDI,8564.83154296875,1.845879609644989e-16
spectrum,Septum / reconstructed MIDI,8570.21484375,1.8494756615527775e-16
spectrum,Septum / reconstructed MIDI,8575.59814453125,1.8249568370566236e-16
spectrum,Septum / reconstructed MIDI,8580.9814453125,1.829035035999857e-16
spectrum,Septum / reconstructed MIDI,8586.36474609375,1.796526837926523e-16
spectrum,Septum / reconstructed MIDI,8591.748046875,1.8105932758535588e-16
spectrum,Septum / reconstructed MIDI,8597.13134765625,1.7696698054492534e-16
spectrum,Septum / reconstructed MIDI,8602.5146484375,1.7927865257199053e-16
spectrum,Septum / reconstructed MIDI,8607.89794921875,1.7471651988318907e-16
spectrum,Septum / reconstructed MIDI,8613.28125,1.7700656610031968e-16
spectrum,Septum / reconstructed MIDI,8618.66455078125,1.720840208924615e-16
spectrum,Septum / reconstructed MIDI,8624.0478515625,1.7505344047284927e-16
spectrum,Septum / reconstructed MIDI,8629.43115234375,1.699266544455844e-16
spectrum,Septum / reconstructed MIDI,8634.814453125,1.7333761641950807e-16
spectrum,Septum / reconstructed MIDI,8640.19775390625,1.679827932409746e-16
spectrum,Septum / reconstructed MIDI,8645.5810546875,1.7084924537871175e-16
spectrum,Septum / reconstructed MIDI,8650.96435546875,1.6584158659454433e-16
spectrum,Septum / reconstructed MIDI,8656.34765625,1.6858926883120867e-16
spectrum,Septum / reconstructed MIDI,8661.73095703125,1.6311856095757896e-16
spectrum,Septum / reconstructed MIDI,8667.1142578125,1.665853741664622e-16
spectrum,Septum / reconstructed MIDI,8672.49755859375,1.616029013775858e-16
spectrum,Septum / reconstructed MIDI,8677.880859375,1.641628467024251e-16
spectrum,Septum / reconstructed MIDI,8683.26416015625,1.5997932450615652e-16
spectrum,Septum / reconstructed MIDI,8688.6474609375,1.6249493295016299e-16
spectrum,Septum / reconstructed MIDI,8694.03076171875,1.5784563527713314e-16
spectrum,Septum / reconstructed MIDI,8699.4140625,1.6029140320766052e-16
spectrum,Septum / reconstructed MIDI,8704.79736328125,1.561917769778395e-16
spectrum,Septum / reconstructed MIDI,8710.1806640625,1.580680476002364e-16
spectrum,Septum / reconstructed MIDI,8715.56396484375,1.5498627704032923e-16
spectrum,Septum / reconstructed MIDI,8720.947265625,1.558374392732014e-16
spectrum,Septum / reconstructed MIDI,8726.33056640625,1.5364369011426176e-16
spectrum,Septum / reconstructed MIDI,8731.7138671875,1.537567557778304e-16
spectrum,Septum / reconstructed MIDI,8737.09716796875,1.5235762940253372e-16
spectrum,Septum / reconstructed MIDI,8742.48046875,1.517146519862289e-16
spectrum,Septum / reconstructed MIDI,8747.86376953125,1.51113946807948e-16
spectrum,Septum / reconstructed MIDI,8753.2470703125,1.5012547259339202e-16
spectrum,Septum / reconstructed MIDI,8758.63037109375,1.503997524496248e-16
spectrum,Septum / reconstructed MIDI,8764.013671875,1.488911735356751e-16
spectrum,Septum / reconstructed MIDI,8769.39697265625,1.4921986202387917e-16
spectrum,Septum / reconstructed MIDI,8774.7802734375,1.4726829811340526e-16
spectrum,Septum / reconstructed MIDI,8780.16357421875,1.484217584642186e-16
spectrum,Septum / reconstructed MIDI,8785.546875,1.461908854393876e-16
spectrum,Septum / reconstructed MIDI,8790.93017578125,1.4744906023830525e-16
spectrum,Septum / reconstructed MIDI,8796.3134765625,1.4532639567248597e-16
spectrum,Septum / reconstructed MIDI,8801.69677734375,1.4729609138198704e-16
spectrum,Septum / reconstructed MIDI,8807.080078125,1.4470185445767373e-16
spectrum,Septum / reconstructed MIDI,8812.46337890625,1.4702010422496995e-16
spectrum,Septum / reconstructed MIDI,8817.8466796875,1.443800481121661e-16
spectrum,Septum / reconstructed MIDI,8823.22998046875,1.4675371236305847e-16
spectrum,Septum / reconstructed MIDI,8828.61328125,1.4429061996178177e-16
spectrum,Septum / reconstructed MIDI,8833.99658203125,1.4712424957281282e-16
spectrum,Septum / reconstructed MIDI,8839.3798828125,1.444066237708862e-16
spectrum,Septum / reconstructed MIDI,8844.76318359375,1.4715108992932895e-16
spectrum,Septum / reconstructed MIDI,8850.146484375,1.449382560592965e-16
spectrum,Septum / reconstructed MIDI,8855.52978515625,1.4767324603664182e-16
spectrum,Septum / reconstructed MIDI,8860.9130859375,1.4539458182473994e-16
spectrum,Septum / reconstructed MIDI,8866.29638671875,1.4791836943064333e-16
spectrum,Septum / reconstructed MIDI,8871.6796875,1.463047451963443e-16
spectrum,Septum / reconstructed MIDI,8877.06298828125,1.490580257913944e-16
spectrum,Septum / reconstructed MIDI,8882.4462890625,1.4781283441937137e-16
spectrum,Septum / reconstructed MIDI,8887.82958984375,1.5057700732872757e-16
spectrum,Septum / reconstructed MIDI,8893.212890625,1.4884242943653857e-16
spectrum,Septum / reconstructed MIDI,8898.59619140625,1.5153433984758214e-16
spectrum,Septum / reconstructed MIDI,8903.9794921875,1.5047173701525162e-16
spectrum,Septum / reconstructed MIDI,8909.36279296875,1.5374746488519022e-16
spectrum,Septum / reconstructed MIDI,8914.74609375,1.5250609839631964e-16
spectrum,Septum / reconstructed MIDI,8920.12939453125,1.5468179516557091e-16
spectrum,Septum / reconstructed MIDI,8925.5126953125,1.5448091600817363e-16
spectrum,Septum / reconstructed MIDI,8930.89599609375,1.573554414286893e-16
spectrum,Septum / reconstructed MIDI,8936.279296875,1.569014052991814e-16
spectrum,Septum / reconstructed MIDI,8941.66259765625,1.5977068970333594e-16
spectrum,Septum / reconstructed MIDI,8947.0458984375,1.5967879986344865e-16
spectrum,Septum / reconstructed MIDI,8952.42919921875,1.6214224960674998e-16
spectrum,Septum / reconstructed MIDI,8957.8125,1.623047475837248e-16
spectrum,Septum / reconstructed MIDI,8963.19580078125,1.6504827406499167e-16
spectrum,Septum / reconstructed MIDI,8968.5791015625,1.6506537354261437e-16
spectrum,Septum / reconstructed MIDI,8973.96240234375,1.6818769580487133e-16
spectrum,Septum / reconstructed MIDI,8979.345703125,1.6852797805654094e-16
spectrum,Septum / reconstructed MIDI,8984.72900390625,1.712914495167377e-16
spectrum,Septum / reconstructed MIDI,8990.1123046875,1.7238462494450818e-16
spectrum,Septum / reconstructed MIDI,8995.49560546875,1.749168167054351e-16
spectrum,Septum / reconstructed MIDI,9000.87890625,1.7615500682075349e-16
spectrum,Septum / reconstructed MIDI,9006.26220703125,1.788069213948189e-16
spectrum,Septum / reconstructed MIDI,9011.6455078125,1.7950158105579602e-16
spectrum,Septum / reconstructed MIDI,9017.02880859375,1.8221641429597466e-16
spectrum,Septum / reconstructed MIDI,9022.412109375,1.8339651647995711e-16
spectrum,Septum / reconstructed MIDI,9027.79541015625,1.86217996462151e-16
spectrum,Septum / reconstructed MIDI,9033.1787109375,1.8718951678287207e-16
spectrum,Septum / reconstructed MIDI,9038.56201171875,1.9019776752993552e-16
spectrum,Septum / reconstructed MIDI,9043.9453125,1.9199988306477825e-16
spectrum,Septum / reconstructed MIDI,9049.32861328125,1.9409606461610602e-16
spectrum,Septum / reconstructed MIDI,9054.7119140625,1.9630265161815248e-16
spectrum,Septum / reconstructed MIDI,9060.09521484375,1.99009318931324e-16
spectrum,Septum / reconstructed MIDI,9065.478515625,2.0072284011383984e-16
spectrum,Septum / reconstructed MIDI,9070.86181640625,2.0330885817158682e-16
spectrum,Septum / reconstructed MIDI,9076.2451171875,2.0553398725424427e-16
spectrum,Septum / reconstructed MIDI,9081.62841796875,2.0811811272274973e-16
spectrum,Septum / reconstructed MIDI,9087.01171875,2.0978429270444794e-16
spectrum,Septum / reconstructed MIDI,9092.39501953125,2.124464510832192e-16
spectrum,Septum / reconstructed MIDI,9097.7783203125,2.1403958770810653e-16
spectrum,Septum / reconstructed MIDI,9103.16162109375,2.1710758074773101e-16
spectrum,Septum / reconstructed MIDI,9108.544921875,2.1888506615265436e-16
spectrum,Septum / reconstructed MIDI,9113.92822265625,2.2208137144889807e-16
spectrum,Septum / reconstructed MIDI,9119.3115234375,2.232222454195108e-16
spectrum,Septum / reconstructed MIDI,9124.69482421875,2.2716981600040987e-16
spectrum,Septum / reconstructed MIDI,9130.078125,2.2784175135559894e-16
spectrum,Septum / reconstructed MIDI,9135.46142578125,2.318377086936099e-16
spectrum,Septum / reconstructed MIDI,9140.8447265625,2.323134500423912e-16
spectrum,Septum / reconstructed MIDI,9146.22802734375,2.365983250247547e-16
spectrum,Septum / reconstructed MIDI,9151.611328125,2.3692538562151326e-16
spectrum,Septum / reconstructed MIDI,9156.99462890625,2.416054808831097e-16
spectrum,Septum / reconstructed MIDI,9162.3779296875,2.4123170112535413e-16
spectrum,Septum / reconstructed MIDI,9167.76123046875,2.460762266578363e-16
spectrum,Septum / reconstructed MIDI,9173.14453125,2.453040502472956e-16
spectrum,Septum / reconstructed MIDI,9178.52783203125,2.5063493151017933e-16
spectrum,Septum / reconstructed MIDI,9183.9111328125,2.4980700974379746e-16
spectrum,Septum / reconstructed MIDI,9189.29443359375,2.5516634601975303e-16
spectrum,Septum / reconstructed MIDI,9194.677734375,2.533364636861081e-16
spectrum,Septum / reconstructed MIDI,9200.06103515625,2.592760175309329e-16
spectrum,Septum / reconstructed MIDI,9205.4443359375,2.576933099992086e-16
spectrum,Septum / reconstructed MIDI,9210.82763671875,2.634662630512203e-16
spectrum,Septum / reconstructed MIDI,9216.2109375,2.61664121046598e-16
spectrum,Septum / reconstructed MIDI,9221.59423828125,2.672647028938434e-16
spectrum,Septum / reconstructed MIDI,9226.9775390625,2.6570886218841487e-16
spectrum,Septum / reconstructed MIDI,9232.36083984375,2.715546071343312e-16
spectrum,Septum / reconstructed MIDI,9237.744140625,2.695266514399268e-16
spectrum,Septum / reconstructed MIDI,9243.12744140625,2.7455916534714023e-16
spectrum,Septum / reconstructed MIDI,9248.5107421875,2.7335206398796405e-16
spectrum,Septum / reconstructed MIDI,9253.89404296875,2.782960629521894e-16
spectrum,Septum / reconstructed MIDI,9259.27734375,2.767797416277062e-16
spectrum,Septum / reconstructed MIDI,9264.66064453125,2.807844604627653e-16
spectrum,Septum / reconstructed MIDI,9270.0439453125,2.803052780426358e-16
spectrum,Septum / reconstructed MIDI,9275.42724609375,2.830058308367193e-16
spectrum,Septum / reconstructed MIDI,9280.810546875,2.827965078196291e-16
spectrum,Septum / reconstructed MIDI,9286.19384765625,2.8572210667988625e-16
spectrum,Septum / reconstructed MIDI,9291.5771484375,2.863128856908165e-16
spectrum,Septum / reconstructed MIDI,9296.96044921875,2.8750990206396446e-16
spectrum,Septum / reconstructed MIDI,9302.34375,2.890996770268424e-16
spectrum,Septum / reconstructed MIDI,9307.72705078125,2.897163964217823e-16
spectrum,Septum / reconstructed MIDI,9313.1103515625,2.921015088523524e-16
spectrum,Septum / reconstructed MIDI,9318.49365234375,2.9094951757430696e-16
spectrum,Septum / reconstructed MIDI,9323.876953125,2.938839838107307e-16
spectrum,Septum / reconstructed MIDI,9329.26025390625,2.918967121675741e-16
spectrum,Septum / reconstructed MIDI,9334.6435546875,2.957812052636823e-16
spectrum,Septum / reconstructed MIDI,9340.02685546875,2.922389399480444e-16
spectrum,Septum / reconstructed MIDI,9345.41015625,2.9696146626634237e-16
spectrum,Septum / reconstructed MIDI,9350.79345703125,2.9287429406782395e-16
spectrum,Septum / reconstructed MIDI,9356.1767578125,2.987172332171025e-16
spectrum,Septum / reconstructed MIDI,9361.56005859375,2.929698235024065e-16
spectrum,Septum / reconstructed MIDI,9366.943359375,2.9948035696301945e-16
spectrum,Septum / reconstructed MIDI,9372.32666015625,2.931414006137847e-16
spectrum,Septum / reconstructed MIDI,9377.7099609375,2.993780247950793e-16
spectrum,Septum / reconstructed MIDI,9383.09326171875,2.92257309975088e-16
spectrum,Septum / reconstructed MIDI,9388.4765625,2.989524436786432e-16
spectrum,Septum / reconstructed MIDI,9393.85986328125,2.9171992050961435e-16
spectrum,Septum / reconstructed MIDI,9399.2431640625,2.989226916463709e-16
spectrum,Septum / reconstructed MIDI,9404.62646484375,2.9112858563331244e-16
spectrum,Septum / reconstructed MIDI,9410.009765625,2.9801109890666806e-16
spectrum,Septum / reconstructed MIDI,9415.39306640625,2.900690268256361e-16
spectrum,Septum / reconstructed MIDI,9420.7763671875,2.960930722069495e-16
spectrum,Septum / reconstructed MIDI,9426.15966796875,2.884370590340731e-16
spectrum,Septum / reconstructed MIDI,9431.54296875,2.945640983278167e-16
spectrum,Septum / reconstructed MIDI,9436.92626953125,2.865601928416352e-16
spectrum,Septum / reconstructed MIDI,9442.3095703125,2.91982580132602e-16
spectrum,Septum / reconstructed MIDI,9447.69287109375,2.8458454143172373e-16
spectrum,Septum / reconstructed MIDI,9453.076171875,2.886948217478344e-16
spectrum,Septum / reconstructed MIDI,9458.45947265625,2.8219511442707855e-16
spectrum,Septum / reconstructed MIDI,9463.8427734375,2.856102983308487e-16
spectrum,Septum / reconstructed MIDI,9469.22607421875,2.793739653171297e-16
spectrum,Septum / reconstructed MIDI,9474.609375,2.821679564332072e-16
spectrum,Septum / reconstructed MIDI,9479.99267578125,2.7601974131578227e-16
spectrum,Septum / reconstructed MIDI,9485.3759765625,2.780697463365949e-16
spectrum,Septum / reconstructed MIDI,9490.75927734375,2.72967881606825e-16
spectrum,Septum / reconstructed MIDI,9496.142578125,2.7367176598599335e-16
spectrum,Septum / reconstructed MIDI,9501.52587890625,2.6933969538660003e-16
spectrum,Septum / reconstructed MIDI,9506.9091796875,2.6887811536990564e-16
spectrum,Septum / reconstructed MIDI,9512.29248046875,2.648203246267451e-16
spectrum,Septum / reconstructed MIDI,9517.67578125,2.6368495637028953e-16
spectrum,Septum / reconstructed MIDI,9523.05908203125,2.6063524071348e-16
spectrum,Septum / reconstructed MIDI,9528.4423828125,2.583665953131574e-16
spectrum,Septum / reconstructed MIDI,9533.82568359375,2.558742538054208e-16
spectrum,Septum / reconstructed MIDI,9539.208984375,2.5331653194206804e-16
spectrum,Septum / reconstructed MIDI,9544.59228515625,2.5087853289185375e-16
spectrum,Septum / reconstructed MIDI,9549.9755859375,2.4782556145215324e-16
spectrum,Septum / reconstructed MIDI,9555.35888671875,2.4554863101081527e-16
spectrum,Septum / reconstructed MIDI,9560.7421875,2.418535291877572e-16
spectrum,Septum / reconstructed MIDI,9566.12548828125,2.394168800963026e-16
spectrum,Septum / reconstructed MIDI,9571.5087890625,2.355654477549169e-16
spectrum,Septum / reconstructed MIDI,9576.89208984375,2.3378681091458086e-16
spectrum,Septum / reconstructed MIDI,9582.275390625,2.2995557501503125e-16
spectrum,Septum / reconstructed MIDI,9587.65869140625,2.271467343525972e-16
spectrum,Septum / reconstructed MIDI,9593.0419921875,2.231409831961336e-16
spectrum,Septum / reconstructed MIDI,9598.42529296875,2.2152393112537613e-16
spectrum,Septum / reconstructed MIDI,9603.80859375,2.1627220773839126e-16
spectrum,Septum / reconstructed MIDI,9609.19189453125,2.1491751088815601e-16
spectrum,Septum / reconstructed MIDI,9614.5751953125,2.1028691411441476e-16
spectrum,Septum / reconstructed MIDI,9619.95849609375,2.0807302145319824e-16
spectrum,Septum / reconstructed MIDI,9625.341796875,2.0410504267222627e-16
spectrum,Septum / reconstructed MIDI,9630.72509765625,2.014663232832923e-16
spectrum,Septum / reconstructed MIDI,9636.1083984375,1.974026297792806e-16
spectrum,Septum / reconstructed MIDI,9641.49169921875,1.9470169317339285e-16
spectrum,Septum / reconstructed MIDI,9646.875,1.9041931958520172e-16
spectrum,Septum / reconstructed MIDI,9652.25830078125,1.8813550700116731e-16
spectrum,Septum / reconstructed MIDI,9657.6416015625,1.8355489840620387e-16
spectrum,Septum / reconstructed MIDI,9663.02490234375,1.8073449045008386e-16
spectrum,Septum / reconstructed MIDI,9668.408203125,1.7650190651732352e-16
spectrum,Septum / reconstructed MIDI,9673.79150390625,1.7423474342465858e-16
spectrum,Septum / reconstructed MIDI,9679.1748046875,1.7027511585915095e-16
spectrum,Septum / reconstructed MIDI,9684.55810546875,1.674055535223106e-16
spectrum,Septum / reconstructed MIDI,9689.94140625,1.6308720750364075e-16
spectrum,Septum / reconstructed MIDI,9695.32470703125,1.6093926429830186e-16
spectrum,Septum / reconstructed MIDI,9700.7080078125,1.564850224311569e-16
spectrum,Septum / reconstructed MIDI,9706.09130859375,1.5385933940867679e-16
spectrum,Septum / reconstructed MIDI,9711.474609375,1.4923075433818527e-16
spectrum,Septum / reconstructed MIDI,9716.85791015625,1.4733218292647395e-16
spectrum,Septum / reconstructed MIDI,9722.2412109375,1.4273045144738835e-16
spectrum,Septum / reconstructed MIDI,9727.62451171875,1.413741399405974e-16
spectrum,Septum / reconstructed MIDI,9733.0078125,1.3612932516608858e-16
spectrum,Septum / reconstructed MIDI,9738.39111328125,1.3505279922968757e-16
spectrum,Septum / reconstructed MIDI,9743.7744140625,1.305406414847741e-16
spectrum,Septum / reconstructed MIDI,9749.15771484375,1.2931723474136328e-16
spectrum,Septum / reconstructed MIDI,9754.541015625,1.239436841937616e-16
spectrum,Septum / reconstructed MIDI,9759.92431640625,1.23067163912031e-16
spectrum,Septum / reconstructed MIDI,9765.3076171875,1.1800755818539525e-16
spectrum,Septum / reconstructed MIDI,9770.69091796875,1.1745852201689686e-16
spectrum,Septum / reconstructed MIDI,9776.07421875,1.1278941171383514e-16
spectrum,Septum / reconstructed MIDI,9781.45751953125,1.1183784960693374e-16
spectrum,Septum / reconstructed MIDI,9786.8408203125,1.0724238484816884e-16
spectrum,Septum / reconstructed MIDI,9792.22412109375,1.069782561524133e-16
spectrum,Septum / reconstructed MIDI,9797.607421875,1.0240750755035149e-16
spectrum,Septum / reconstructed MIDI,9802.99072265625,1.0181527931898802e-16
spectrum,Septum / reconstructed MIDI,9808.3740234375,9.748848944062525e-17
spectrum,Septum / reconstructed MIDI,9813.75732421875,9.718681997994961e-17
spectrum,Septum / reconstructed MIDI,9819.140625,9.309912500328406e-17
spectrum,Septum / reconstructed MIDI,9824.52392578125,9.275777072554058e-17
spectrum,Septum / reconstructed MIDI,9829.9072265625,8.882953631864055e-17
spectrum,Septum / reconstructed MIDI,9835.29052734375,8.851238203689792e-17
spectrum,Septum / reconstructed MIDI,9840.673828125,8.542985047082721e-17
spectrum,Septum / reconstructed MIDI,9846.05712890625,8.484871969456176e-17
spectrum,Septum / reconstructed MIDI,9851.4404296875,8.194094823086635e-17
spectrum,Septum / reconstructed MIDI,9856.82373046875,8.121180506451311e-17
spectrum,Septum / reconstructed MIDI,9862.20703125,7.873581526312548e-17
spectrum,Septum / reconstructed MIDI,9867.59033203125,7.84053466822432e-17
spectrum,Septum / reconstructed MIDI,9872.9736328125,7.612753612073347e-17
spectrum,Septum / reconstructed MIDI,9878.35693359375,7.557523755189917e-17
spectrum,Septum / reconstructed MIDI,9883.740234375,7.371239372520525e-17
spectrum,Septum / reconstructed MIDI,9889.12353515625,7.325262688841357e-17
spectrum,Septum / reconstructed MIDI,9894.5068359375,7.167217590540035e-17
spectrum,Septum / reconstructed MIDI,9899.89013671875,7.134429474547413e-17
spectrum,Septum / reconstructed MIDI,9905.2734375,7.001647795642441e-17
spectrum,Septum / reconstructed MIDI,9910.65673828125,6.946137359095233e-17
spectrum,Septum / reconstructed MIDI,9916.0400390625,6.872820040065473e-17
spectrum,Septum / reconstructed MIDI,9921.42333984375,6.850736964688267e-17
spectrum,Septum / reconstructed MIDI,9926.806640625,6.760400900863596e-17
spectrum,Septum / reconstructed MIDI,9932.18994140625,6.755760086754928e-17
spectrum,Septum / reconstructed MIDI,9937.5732421875,6.700367440726947e-17
spectrum,Septum / reconstructed MIDI,9942.95654296875,6.714548625148556e-17
spectrum,Septum / reconstructed MIDI,9948.33984375,6.669934473374386e-17
spectrum,Septum / reconstructed MIDI,9953.72314453125,6.675963627423163e-17
spectrum,Septum / reconstructed MIDI,9959.1064453125,6.655689099737243e-17
spectrum,Septum / reconstructed MIDI,9964.48974609375,6.721458561113579e-17
spectrum,Septum / reconstructed MIDI,9969.873046875,6.69073707316336e-17
spectrum,Septum / reconstructed MIDI,9975.25634765625,6.803405028293493e-17
spectrum,Septum / reconstructed MIDI,9980.6396484375,6.781162472494187e-17
spectrum,Septum / reconstructed MIDI,9986.02294921875,6.893436689652744e-17
spectrum,Septum / reconstructed MIDI,9991.40625,6.910407788844372e-17
spectrum,Septum / reconstructed MIDI,9996.78955078125,7.041930167984794e-17
spectrum,Septum / reconstructed MIDI,10002.1728515625,7.026009257298863e-17
spectrum,Septum / reconstructed MIDI,10007.55615234375,7.177186109538034e-17
spectrum,Septum / reconstructed MIDI,10012.939453125,7.222718762664383e-17
spectrum,Septum / reconstructed MIDI,10018.32275390625,7.377362494286887e-17
spectrum,Septum / reconstructed MIDI,10023.7060546875,7.405233186974004e-17
spectrum,Septum / reconstructed MIDI,10029.08935546875,7.604477173736387e-17
spectrum,Septum / reconstructed MIDI,10034.47265625,7.666442927783959e-17
spectrum,Septum / reconstructed MIDI,10039.85595703125,7.817554929063106e-17
spectrum,Septum / reconstructed MIDI,10045.2392578125,7.93070264894852e-17
spectrum,Septum / reconstructed MIDI,10050.62255859375,8.107543276000516e-17
spectrum,Septum / reconstructed MIDI,10056.005859375,8.220130498302864e-17
spectrum,Septum / reconstructed MIDI,10061.38916015625,8.394715900132796e-17
spectrum,Septum / reconstructed MIDI,10066.7724609375,8.539463242906715e-17
spectrum,Septum / reconstructed MIDI,10072.15576171875,8.695388111861941e-17
spectrum,Septum / reconstructed MIDI,10077.5390625,8.888679045191902e-17
spectrum,Septum / reconstructed MIDI,10082.92236328125,9.052417131341059e-17
spectrum,Septum / reconstructed MIDI,10088.3056640625,9.235789176509774e-17
spectrum,Septum / reconstructed MIDI,10093.68896484375,9.408172292676845e-17
spectrum,Septum / reconstructed MIDI,10099.072265625,9.59309745216369e-17
spectrum,Septum / reconstructed MIDI,10104.45556640625,9.781049430947989e-17
spectrum,Septum / reconstructed MIDI,10109.8388671875,1.0011085712321026e-16
spectrum,Septum / reconstructed MIDI,10115.22216796875,1.0221605825193732e-16
spectrum,Septum / reconstructed MIDI,10120.60546875,1.0425787749340811e-16
spectrum,Septum / reconstructed MIDI,10125.98876953125,1.0658296969873136e-16
spectrum,Septum / reconstructed MIDI,10131.3720703125,1.0840534123241429e-16
spectrum,Septum / reconstructed MIDI,10136.75537109375,1.1067949896433898e-16
spectrum,Septum / reconstructed MIDI,10142.138671875,1.1287885309910927e-16
spectrum,Septum / reconstructed MIDI,10147.52197265625,1.153749930202187e-16
spectrum,Septum / reconstructed MIDI,10152.9052734375,1.172113207451966e-16
spectrum,Septum / reconstructed MIDI,10158.28857421875,1.1996622923169222e-16
spectrum,Septum / reconstructed MIDI,10163.671875,1.2187728114448573e-16
spectrum,Septum / reconstructed MIDI,10169.05517578125,1.2478083067833467e-16
spectrum,Septum / reconstructed MIDI,10174.4384765625,1.2599229955114513e-16
spectrum,Septum / reconstructed MIDI,10179.82177734375,1.2955387457100245e-16
spectrum,Septum / reconstructed MIDI,10185.205078125,1.3063439744412332e-16
spectrum,Septum / reconstructed MIDI,10190.58837890625,1.3440988798783175e-16
spectrum,Septum / reconstructed MIDI,10195.9716796875,1.3530185338595993e-16
spectrum,Septum / reconstructed MIDI,10201.35498046875,1.3978490760820132e-16
spectrum,Septum / reconstructed MIDI,10206.73828125,1.3999224539182142e-16
spectrum,Septum / reconstructed MIDI,10212.12158203125,1.4437771877156115e-16
spectrum,Septum / reconstructed MIDI,10217.5048828125,1.4480251902949899e-16
spectrum,Septum / reconstructed MIDI,10222.88818359375,1.4985169566297167e-16
spectrum,Septum / reconstructed MIDI,10228.271484375,1.4923955553990283e-16
spectrum,Septum / reconstructed MIDI,10233.65478515625,1.5423746021028703e-16
spectrum,Septum / reconstructed MIDI,10239.0380859375,1.5357853475177219e-16
spectrum,Septum / reconstructed MIDI,10244.42138671875,1.5944212032914008e-16
spectrum,Septum / reconstructed MIDI,10249.8046875,1.583490110758186e-16
spectrum,Septum / reconstructed MIDI,10255.18798828125,1.6307908128130303e-16
spectrum,Septum / reconstructed MIDI,10260.5712890625,1.6309361319030436e-16
spectrum,Septum / reconstructed MIDI,10265.95458984375,1.6781218227655186e-16
spectrum,Septum / reconstructed MIDI,10271.337890625,1.6750468284691894e-16
spectrum,Septum / reconstructed MIDI,10276.72119140625,1.7213792659862036e-16
spectrum,Septum / reconstructed MIDI,10282.1044921875,1.715394845864954e-16
spectrum,Septum / reconstructed MIDI,10287.48779296875,1.7598898836309164e-16
spectrum,Septum / reconstructed MIDI,10292.87109375,1.7582855502892576e-16
spectrum,Septum / reconstructed MIDI,10298.25439453125,1.7924354040934888e-16
spectrum,Septum / reconstructed MIDI,10303.6376953125,1.8064731223096567e-16
spectrum,Septum / reconstructed MIDI,10309.02099609375,1.8306380458525358e-16
spectrum,Septum / reconstructed MIDI,10314.404296875,1.8459089911003468e-16
spectrum,Septum / reconstructed MIDI,10319.78759765625,1.8629351474335463e-16
spectrum,Septum / reconstructed MIDI,10325.1708984375,1.8840007244828627e-16
spectrum,Septum / reconstructed MIDI,10330.55419921875,1.8910275245248272e-16
spectrum,Septum / reconstructed MIDI,10335.9375,1.9233108618204448e-16
spectrum,Septum / reconstructed MIDI,10341.32080078125,1.9207598368113312e-16
spectrum,Septum / reconstructed MIDI,10346.7041015625,1.959191706861729e-16
spectrum,Septum / reconstructed MIDI,10352.08740234375,1.9435868453442426e-16
spectrum,Septum / reconstructed MIDI,10357.470703125,1.9938714856535862e-16
spectrum,Septum / reconstructed MIDI,10362.85400390625,1.9672855037194378e-16
spectrum,Septum / reconstructed MIDI,10368.2373046875,2.021541802109118e-16
spectrum,Septum / reconstructed MIDI,10373.62060546875,1.9888047727911274e-16
spectrum,Septum / reconstructed MIDI,10379.00390625,2.0551852890295688e-16
spectrum,Septum / reconstructed MIDI,10384.38720703125,2.0053739283795036e-16
spectrum,Septum / reconstructed MIDI,10389.7705078125,2.0771499121430569e-16
spectrum,Septum / reconstructed MIDI,10395.15380859375,2.0222773972842492e-16
spectrum,Septum / reconstructed MIDI,10400.537109375,2.0996292401209e-16
spectrum,Septum / reconstructed MIDI,10405.92041015625,2.0361707228526898e-16
spectrum,Septum / reconstructed MIDI,10411.3037109375,2.1158935961971626e-16
spectrum,Septum / reconstructed MIDI,10416.68701171875,2.053955238371478e-16
spectrum,Septum / reconstructed MIDI,10422.0703125,2.1318372708935507e-16
spectrum,Septum / reconstructed MIDI,10427.45361328125,2.0640561062674855e-16
spectrum,Septum / reconstructed MIDI,10432.8369140625,2.1442494799443784e-16
spectrum,Septum / reconstructed MIDI,10438.22021484375,2.0759608896433486e-16
spectrum,Septum / reconstructed MIDI,10443.603515625,2.1537849533480937e-16
spectrum,Septum / reconstructed MIDI,10448.98681640625,2.0849162778270927e-16
spectrum,Septum / reconstructed MIDI,10454.3701171875,2.159109746561669e-16
spectrum,Septum / reconstructed MIDI,10459.75341796875,2.089085665161054e-16
spectrum,Septum / reconstructed MIDI,10465.13671875,2.157672437529297e-16
spectrum,Septum / reconstructed MIDI,10470.52001953125,2.0895892527179763e-16
spectrum,Septum / reconstructed MIDI,10475.9033203125,2.155443020342344e-16
spectrum,Septum / reconstructed MIDI,10481.28662109375,2.0990978592953959e-16
spectrum,Septum / reconstructed MIDI,10486.669921875,2.15157485910025e-16
spectrum,Septum / reconstructed MIDI,10492.05322265625,2.096775665530939e-16
spectrum,Septum / reconstructed MIDI,10497.4365234375,2.136040274847606e-16
spectrum,Septum / reconstructed MIDI,10502.81982421875,2.0928115513377889e-16
spectrum,Septum / reconstructed MIDI,10508.203125,2.1242270769091648e-16
spectrum,Septum / reconstructed MIDI,10513.58642578125,2.093562234287293e-16
spectrum,Septum / reconstructed MIDI,10518.9697265625,2.1136631202190256e-16
spectrum,Septum / reconstructed MIDI,10524.35302734375,2.0879101422489427e-16
spectrum,Septum / reconstructed MIDI,10529.736328125,2.0951399655004521e-16
spectrum,Septum / reconstructed MIDI,10535.11962890625,2.0820624385393358e-16
spectrum,Septum / reconstructed MIDI,10540.5029296875,2.0774822402259562e-16
spectrum,Septum / reconstructed MIDI,10545.88623046875,2.0700667314705408e-16
spectrum,Septum / reconstructed MIDI,10551.26953125,2.0563809289741774e-16
spectrum,Septum / reconstructed MIDI,10556.65283203125,2.0579880416426945e-16
spectrum,Septum / reconstructed MIDI,10562.0361328125,2.030137995383667e-16
spectrum,Septum / reconstructed MIDI,10567.41943359375,2.0423720628177754e-16
spectrum,Septum / reconstructed MIDI,10572.802734375,2.0080981980961102e-16
spectrum,Septum / reconstructed MIDI,10578.18603515625,2.0216688570512062e-16
spectrum,Septum / reconstructed MIDI,10583.5693359375,1.9765442355774174e-16
spectrum,Septum / reconstructed MIDI,10588.95263671875,2.0038946647464627e-16
spectrum,Septum / reconstructed MIDI,10594.3359375,1.9525282045447978e-16
spectrum,Septum / reconstructed MIDI,10599.71923828125,1.981560920556429e-16
spectrum,Septum / reconstructed MIDI,10605.1025390625,1.9227315706938616e-16
spectrum,Septum / reconstructed MIDI,10610.48583984375,1.9589083478710928e-16
spectrum,Septum / reconstructed MIDI,10615.869140625,1.898807786843154e-16
spectrum,Septum / reconstructed MIDI,10621.25244140625,1.931455745352785e-16
spectrum,Septum / reconstructed MIDI,10626.6357421875,1.8692823358842372e-16
spectrum,Septum / reconstructed MIDI,10632.01904296875,1.9003812828915768e-16
spectrum,Septum / reconstructed MIDI,10637.40234375,1.8370545851257832e-16
spectrum,Septum / reconstructed MIDI,10642.78564453125,1.8737113917560911e-16
spectrum,Septum / reconstructed MIDI,10648.1689453125,1.8094937212089044e-16
spectrum,Septum / reconstructed MIDI,10653.55224609375,1.8428284381503013e-16
spectrum,Septum / reconstructed MIDI,10658.935546875,1.7770505064444925e-16
spectrum,Septum / reconstructed MIDI,10664.31884765625,1.8089917218387582e-16
spectrum,Septum / reconstructed MIDI,10669.7021484375,1.7429927674732752e-16
spectrum,Septum / reconstructed MIDI,10675.08544921875,1.774266547374884e-16
spectrum,Septum / reconstructed MIDI,10680.46875,1.71558053136886e-16
spectrum,Septum / reconstructed MIDI,10685.85205078125,1.7419415201763938e-16
spectrum,Septum / reconstructed MIDI,10691.2353515625,1.6817835197267193e-16
spectrum,Septum / reconstructed MIDI,10696.61865234375,1.7066500247779414e-16
spectrum,Septum / reconstructed MIDI,10702.001953125,1.6492746599088953e-16
spectrum,Septum / reconstructed MIDI,10707.38525390625,1.6736467094771577e-16
spectrum,Septum / reconstructed MIDI,10712.7685546875,1.619881822545783e-16
spectrum,Septum / reconstructed MIDI,10718.15185546875,1.6341328871855406e-16
spectrum,Septum / reconstructed MIDI,10723.53515625,1.5863463323261072e-16
spectrum,Septum / reconstructed MIDI,10728.91845703125,1.599555149394048e-16
spectrum,Septum / reconstructed MIDI,10734.3017578125,1.5530429820735382e-16
spectrum,Septum / reconstructed MIDI,10739.68505859375,1.5693634540825564e-16
spectrum,Septum / reconstructed MIDI,10745.068359375,1.5227430253634758e-16
spectrum,Septum / reconstructed MIDI,10750.45166015625,1.5298180004043153e-16
spectrum,Septum / reconstructed MIDI,10755.8349609375,1.4935248885457347e-16
spectrum,Septum / reconstructed MIDI,10761.21826171875,1.4972363486925866e-16
spectrum,Septum / reconstructed MIDI,10766.6015625,1.458261848160354e-16
spectrum,Septum / reconstructed MIDI,10771.98486328125,1.4597925955147202e-16
spectrum,Septum / reconstructed MIDI,10777.3681640625,1.426532920398494e-16
spectrum,Septum / reconstructed MIDI,10782.75146484375,1.424552319139797e-16
spectrum,Septum / reconstructed MIDI,10788.134765625,1.3954346351356445e-16
spectrum,Septum / reconstructed MIDI,10793.51806640625,1.3931303084724187e-16
spectrum,Septum / reconstructed MIDI,10798.9013671875,1.3647065297405246e-16
spectrum,Septum / reconstructed MIDI,10804.28466796875,1.3569782805391152e-16
spectrum,Septum / reconstructed MIDI,10809.66796875,1.3321858908707778e-16
spectrum,Septum / reconstructed MIDI,10815.05126953125,1.330878680805148e-16
spectrum,Septum / reconstructed MIDI,10820.4345703125,1.305513220408434e-16
spectrum,Septum / reconstructed MIDI,10825.81787109375,1.2954503366461548e-16
spectrum,Septum / reconstructed MIDI,10831.201171875,1.2752920112926865e-16
spectrum,Septum / reconstructed MIDI,10836.58447265625,1.2652299216237955e-16
spectrum,Septum / reconstructed MIDI,10841.9677734375,1.247812409599185e-16
spectrum,Septum / reconstructed MIDI,10847.35107421875,1.2322905308407499e-16
spectrum,Septum / reconstructed MIDI,10852.734375,1.2254332697371343e-16
spectrum,Septum / reconstructed MIDI,10858.11767578125,1.2109312715867526e-16
spectrum,Septum / reconstructed MIDI,10863.5009765625,1.197023784686225e-16
spectrum,Septum / reconstructed MIDI,10868.88427734375,1.1788471193826378e-16
spectrum,Septum / reconstructed MIDI,10874.267578125,1.1735244437514306e-16
spectrum,Septum / reconstructed MIDI,10879.65087890625,1.154377131629849e-16
spectrum,Septum / reconstructed MIDI,10885.0341796875,1.1486793792216858e-16
spectrum,Septum / reconstructed MIDI,10890.41748046875,1.1314570818216378e-16
spectrum,Septum / reconstructed MIDI,10895.80078125,1.1249498835532546e-16
spectrum,Septum / reconstructed MIDI,10901.18408203125,1.1045399629446722e-16
spectrum,Septum / reconstructed MIDI,10906.5673828125,1.103865248262625e-16
spectrum,Septum / reconstructed MIDI,10911.95068359375,1.0837314074552883e-16
spectrum,Septum / reconstructed MIDI,10917.333984375,1.0854806628402664e-16
spectrum,Septum / reconstructed MIDI,10922.71728515625,1.0635016798713444e-16
spectrum,Septum / reconstructed MIDI,10928.1005859375,1.0655645359701536e-16
spectrum,Septum / reconstructed MIDI,10933.48388671875,1.0413160340981822e-16
spectrum,Septum / reconstructed MIDI,10938.8671875,1.0487773355723085e-16
spectrum,Septum / reconstructed MIDI,10944.25048828125,1.0178117300797124e-16
spectrum,Septum / reconstructed MIDI,10949.6337890625,1.0269048272918343e-16
spectrum,Septum / reconstructed MIDI,10955.01708984375,9.994743270394938e-17
spectrum,Septum / reconstructed MIDI,10960.400390625,1.0034001262266705e-16
spectrum,Septum / reconstructed MIDI,10965.78369140625,9.807714425174248e-17
spectrum,Septum / reconstructed MIDI,10971.1669921875,9.813233374221202e-17
spectrum,Septum / reconstructed MIDI,10976.55029296875,9.660340618519351e-17
spectrum,Septum / reconstructed MIDI,10981.93359375,9.579864547596312e-17
spectrum,Septum / reconstructed MIDI,10987.31689453125,9.694316565871599e-17
spectrum,Septum / reconstructed MIDI,10992.7001953125,9.548445580953588e-17
spectrum,Septum / reconstructed MIDI,10998.08349609375,9.30762882009327e-17
spectrum,Septum / reconstructed MIDI,11003.466796875,9.452504541298257e-17
spectrum,Septum / reconstructed MIDI,11008.85009765625,9.339503728689633e-17
spectrum,Septum / reconstructed MIDI,11014.2333984375,9.398199141467416e-17
spectrum,Septum / reconstructed MIDI,11019.61669921875,9.283631317906371e-17
spectrum,Septum / reconstructed MIDI,11025.0,9.370235142807203e-17
spectrum,Septum / reconstructed MIDI,11030.38330078125,9.241060633117452e-17
spectrum,Septum / reconstructed MIDI,11035.7666015625,9.332454164637211e-17
spectrum,Septum / reconstructed MIDI,11041.14990234375,9.222829572416784e-17
spectrum,Septum / reconstructed MIDI,11046.533203125,9.309391707414743e-17
spectrum,Septum / reconstructed MIDI,11051.91650390625,9.308285932371882e-17
spectrum,Septum / reconstructed MIDI,11057.2998046875,9.345747949697673e-17
spectrum,Septum / reconstructed MIDI,11062.68310546875,9.313227178479029e-17
spectrum,Septum / reconstructed MIDI,11068.06640625,9.425536468095558e-17
spectrum,Septum / reconstructed MIDI,11073.44970703125,9.351812176204422e-17
spectrum,Septum / reconstructed MIDI,11078.8330078125,9.435842476783479e-17
spectrum,Septum / reconstructed MIDI,11084.21630859375,9.249553461902657e-17
spectrum,Septum / reconstructed MIDI,11089.599609375,9.401912851545534e-17
spectrum,Septum / reconstructed MIDI,11094.98291015625,9.290033034103042e-17
spectrum,Septum / reconstructed MIDI,11100.3662109375,9.377072948622812e-17
spectrum,Septum / reconstructed MIDI,11105.74951171875,9.272259238844992e-17
spectrum,Septum / reconstructed MIDI,11111.1328125,9.378483787875582e-17
spectrum,Septum / reconstructed MIDI,11116.51611328125,9.268179584063881e-17
spectrum,Septum / reconstructed MIDI,11121.8994140625,9.379306998021195e-17
spectrum,Septum / reconstructed MIDI,11127.28271484375,9.238335569307458e-17
spectrum,Septum / reconstructed MIDI,11132.666015625,9.350760002465255e-17
spectrum,Septum / reconstructed MIDI,11138.04931640625,9.261120755588598e-17
spectrum,Septum / reconstructed MIDI,11143.4326171875,9.328947580584476e-17
spectrum,Septum / reconstructed MIDI,11148.81591796875,9.272630477503906e-17
spectrum,Septum / reconstructed MIDI,11154.19921875,9.310028967358654e-17
spectrum,Septum / reconstructed MIDI,11159.58251953125,9.266835581004605e-17
spectrum,Septum / reconstructed MIDI,11164.9658203125,9.316249365565052e-17
spectrum,Septum / reconstructed MIDI,11170.34912109375,9.295987411024443e-17
spectrum,Septum / reconstructed MIDI,11175.732421875,9.294435620195294e-17
spectrum,Septum / reconstructed MIDI,11181.11572265625,9.31745969623734e-17
spectrum,Septum / reconstructed MIDI,11186.4990234375,9.293543588622717e-17
spectrum,Septum / reconstructed MIDI,11191.88232421875,9.346336240549321e-17
spectrum,Septum / reconstructed MIDI,11197.265625,9.277309672792996e-17
spectrum,Septum / reconstructed MIDI,11202.64892578125,9.331257730599215e-17
spectrum,Septum / reconstructed MIDI,11208.0322265625,9.281756595766081e-17
spectrum,Septum / reconstructed MIDI,11213.41552734375,9.353671016476951e-17
spectrum,Septum / reconstructed MIDI,11218.798828125,9.26489997837123e-17
spectrum,Septum / reconstructed MIDI,11224.18212890625,9.385532028439024e-17
spectrum,Septum / reconstructed MIDI,11229.5654296875,9.20905139038961e-17
spectrum,Septum / reconstructed MIDI,11234.94873046875,9.400850089894526e-17
spectrum,Septum / reconstructed MIDI,11240.33203125,9.212111296911566e-17
spectrum,Septum / reconstructed MIDI,11245.71533203125,9.375242563363354e-17
spectrum,Septum / reconstructed MIDI,11251.0986328125,9.232172081127202e-17
spectrum,Septum / reconstructed MIDI,11256.48193359375,9.363110139882916e-17
spectrum,Septum / reconstructed MIDI,11261.865234375,9.185396010104064e-17
spectrum,Septum / reconstructed MIDI,11267.24853515625,9.353514183032811e-17
spectrum,Septum / reconstructed MIDI,11272.6318359375,9.161506372269042e-17
spectrum,Septum / reconstructed MIDI,11278.01513671875,9.303195793754476e-17
spectrum,Septum / reconstructed MIDI,11283.3984375,9.134998211486923e-17
spectrum,Septum / reconstructed MIDI,11288.78173828125,9.277142251437015e-17
spectrum,Septum / reconstructed MIDI,11294.1650390625,9.084863787176819e-17
spectrum,Septum / reconstructed MIDI,11299.54833984375,9.209101021226363e-17
spectrum,Septum / reconstructed MIDI,11304.931640625,9.06194691374216e-17
spectrum,Septum / reconstructed MIDI,11310.31494140625,9.131953525088238e-17
spectrum,Septum / reconstructed MIDI,11315.6982421875,9.028081477719749e-17
spectrum,Septum / reconstructed MIDI,11321.08154296875,9.075075262680112e-17
spectrum,Septum / reconstructed MIDI,11326.46484375,8.996218480524206e-17
spectrum,Septum / reconstructed MIDI,11331.84814453125,9.015064301856124e-17
spectrum,Septum / reconstructed MIDI,11337.2314453125,8.923867308449908e-17
spectrum,Septum / reconstructed MIDI,11342.61474609375,8.902704719658351e-17
spectrum,Septum / reconstructed MIDI,11347.998046875,8.885903688800664e-17
spectrum,Septum / reconstructed MIDI,11353.38134765625,8.791689140519855e-17
spectrum,Septum / reconstructed MIDI,11358.7646484375,8.822002993864208e-17
spectrum,Septum / reconstructed MIDI,11364.14794921875,8.694424611884439e-17
spectrum,Septum / reconstructed MIDI,11369.53125,8.766747990690156e-17
spectrum,Septum / reconstructed MIDI,11374.91455078125,8.615853041603742e-17
spectrum,Septum / reconstructed MIDI,11380.2978515625,8.69990187102852e-17
spectrum,Septum / reconstructed MIDI,11385.68115234375,8.475568503670669e-17
spectrum,Septum / reconstructed MIDI,11391.064453125,8.601650019613962e-17
spectrum,Septum / reconstructed MIDI,11396.44775390625,8.340007497907519e-17
spectrum,Septum / reconstructed MIDI,11401.8310546875,8.51099698017856e-17
spectrum,Septum / reconstructed MIDI,11407.21435546875,8.196019837808168e-17
spectrum,Septum / reconstructed MIDI,11412.59765625,8.404797577438592e-17
spectrum,Septum / reconstructed MIDI,11417.98095703125,8.047595842647573e-17
spectrum,Septum / reconstructed MIDI,11423.3642578125,8.279856908996133e-17
spectrum,Septum / reconstructed MIDI,11428.74755859375,7.919428508071667e-17
spectrum,Septum / reconstructed MIDI,11434.130859375,8.125025903682947e-17
spectrum,Septum / reconstructed MIDI,11439.51416015625,7.77066239100972e-17
spectrum,Septum / reconstructed MIDI,11444.8974609375,7.976077145141749e-17
spectrum,Septum / reconstructed MIDI,11450.28076171875,7.621332467642257e-17
spectrum,Septum / reconstructed MIDI,11455.6640625,7.834107143992537e-17
spectrum,Septum / reconstructed MIDI,11461.04736328125,7.468527062213091e-17
spectrum,Septum / reconstructed MIDI,11466.4306640625,7.654516306839924e-17
spectrum,Septum / reconstructed MIDI,11471.81396484375,7.324106621217253e-17
spectrum,Septum / reconstructed MIDI,11477.197265625,7.485417428576934e-17
spectrum,Septum / reconstructed MIDI,11482.58056640625,7.164605023293348e-17
spectrum,Septum / reconstructed MIDI,11487.9638671875,7.284336439110193e-17
spectrum,Septum / reconstructed MIDI,11493.34716796875,7.010799060195238e-17
spectrum,Septum / reconstructed MIDI,11498.73046875,7.107180159936447e-17
spectrum,Septum / reconstructed MIDI,11504.11376953125,6.825924193289636e-17
spectrum,Septum / reconstructed MIDI,11509.4970703125,6.871503168530288e-17
spectrum,Septum / reconstructed MIDI,11514.88037109375,6.669867637180892e-17
spectrum,Septum / reconstructed MIDI,11520.263671875,6.667830787640541e-17
spectrum,Septum / reconstructed MIDI,11525.64697265625,6.51821300541991e-17
spectrum,Septum / reconstructed MIDI,11531.0302734375,6.42274312784149e-17
spectrum,Septum / reconstructed MIDI,11536.41357421875,6.323092348574981e-17
spectrum,Septum / reconstructed MIDI,11541.796875,6.227079178770236e-17
spectrum,Septum / reconstructed MIDI,11547.18017578125,6.150367110506559e-17
spectrum,Septum / reconstructed MIDI,11552.5634765625,5.992259146478683e-17
spectrum,Septum / reconstructed MIDI,11557.94677734375,5.974310650675262e-17
spectrum,Septum / reconstructed MIDI,11563.330078125,5.760581077025851e-17
spectrum,Septum / reconstructed MIDI,11568.71337890625,5.78881175871555e-17
spectrum,Septum / reconstructed MIDI,11574.0966796875,5.5503177210152816e-17
spectrum,Septum / reconstructed MIDI,11579.47998046875,5.619579208065572e-17
spectrum,Septum / reconstructed MIDI,11584.86328125,5.34220569634184e-17
spectrum,Septum / reconstructed MIDI,11590.24658203125,5.415361218843785e-17
spectrum,Septum / reconstructed MIDI,11595.6298828125,5.1102989941676985e-17
spectrum,Septum / reconstructed MIDI,11601.01318359375,5.2137180774327533e-17
spectrum,Septum / reconstructed MIDI,11606.396484375,4.913787350404701e-17
spectrum,Septum / reconstructed MIDI,11611.77978515625,5.0404128203188084e-17
spectrum,Septum / reconstructed MIDI,11617.1630859375,4.7207465564919757e-17
spectrum,Septum / reconstructed MIDI,11622.54638671875,4.842546916456939e-17
spectrum,Septum / reconstructed MIDI,11627.9296875,4.5041436882668e-17
spectrum,Septum / reconstructed MIDI,11633.31298828125,4.6078843793540155e-17
spectrum,Septum / reconstructed MIDI,11638.6962890625,4.281404132513216e-17
spectrum,Septum / reconstructed MIDI,11644.07958984375,4.4514112550887895e-17
spectrum,Septum / reconstructed MIDI,11649.462890625,4.1278377209205013e-17
spectrum,Septum / reconstructed MIDI,11654.84619140625,4.229805267646648e-17
spectrum,Septum / reconstructed MIDI,11660.2294921875,3.9526650208556566e-17
spectrum,Septum / reconstructed MIDI,11665.61279296875,4.0611547212756615e-17
spectrum,Septum / reconstructed MIDI,11670.99609375,3.808424243488865e-17
spectrum,Septum / reconstructed MIDI,11676.37939453125,3.85218540661537e-17
spectrum,Septum / reconstructed MIDI,11681.7626953125,3.630689599630821e-17
spectrum,Septum / reconstructed MIDI,11687.14599609375,3.677741948978552e-17
spectrum,Septum / reconstructed MIDI,11692.529296875,3.45627426613483e-17
spectrum,Septum / reconstructed MIDI,11697.91259765625,3.4977977402682567e-17
spectrum,Septum / reconstructed MIDI,11703.2958984375,3.3139131739920035e-17
spectrum,Septum / reconstructed MIDI,11708.67919921875,3.3299670953204326e-17
spectrum,Septum / reconstructed MIDI,11714.0625,3.1650074288426576e-17
spectrum,Septum / reconstructed MIDI,11719.44580078125,3.166041073736104e-17
spectrum,Septum / reconstructed MIDI,11724.8291015625,3.023949973345215e-17
spectrum,Septum / reconstructed MIDI,11730.21240234375,3.0097039379635817e-17
spectrum,Septum / reconstructed MIDI,11735.595703125,2.883637973015805e-17
spectrum,Septum / reconstructed MIDI,11740.97900390625,2.851851738181107e-17
spectrum,Septum / reconstructed MIDI,11746.3623046875,2.7560347756176598e-17
spectrum,Septum / reconstructed MIDI,11751.74560546875,2.709106668797934e-17
spectrum,Septum / reconstructed MIDI,11757.12890625,2.6505608102749007e-17
spectrum,Septum / reconstructed MIDI,11762.51220703125,2.5961755047968868e-17
spectrum,Septum / reconstructed MIDI,11767.8955078125,2.5475903897740947e-17
spectrum,Septum / reconstructed MIDI,11773.27880859375,2.495346489465858e-17
spectrum,Septum / reconstructed MIDI,11778.662109375,2.4603119163656645e-17
spectrum,Septum / reconstructed MIDI,11784.04541015625,2.3820157972289478e-17
spectrum,Septum / reconstructed MIDI,11789.4287109375,2.3653249468288528e-17
spectrum,Septum / reconstructed MIDI,11794.81201171875,2.3067428577949898e-17
spectrum,Septum / reconstructed MIDI,11800.1953125,2.2854977163783003e-17
spectrum,Septum / reconstructed MIDI,11805.57861328125,2.2275780335789698e-17
spectrum,Septum / reconstructed MIDI,11810.9619140625,2.216912035888466e-17
spectrum,Septum / reconstructed MIDI,11816.34521484375,2.1622828775658714e-17
spectrum,Septum / reconstructed MIDI,11821.728515625,2.154681087736509e-17
spectrum,Septum / reconstructed MIDI,11827.11181640625,2.1146374397189396e-17
spectrum,Septum / reconstructed MIDI,11832.4951171875,2.098062725476847e-17
spectrum,Septum / reconstructed MIDI,11837.87841796875,2.0686667117401825e-17
spectrum,Septum / reconstructed MIDI,11843.26171875,2.059947070031016e-17
spectrum,Septum / reconstructed MIDI,11848.64501953125,2.0393550704259985e-17
spectrum,Septum / reconstructed MIDI,11854.0283203125,2.02198791715708e-17
spectrum,Septum / reconstructed MIDI,11859.41162109375,2.009945490927288e-17
spectrum,Septum / reconstructed MIDI,11864.794921875,2.013007217246592e-17
spectrum,Septum / reconstructed MIDI,11870.17822265625,2.0034650271363027e-17
spectrum,Septum / reconstructed MIDI,11875.5615234375,2.005551672949529e-17
spectrum,Septum / reconstructed MIDI,11880.94482421875,2.0216050979695906e-17
spectrum,Septum / reconstructed MIDI,11886.328125,2.005746060393479e-17
spectrum,Septum / reconstructed MIDI,11891.71142578125,2.0179805579615057e-17
spectrum,Septum / reconstructed MIDI,11897.0947265625,2.0118417197635047e-17
spectrum,Septum / reconstructed MIDI,11902.47802734375,2.043838058473791e-17
spectrum,Septum / reconstructed MIDI,11907.861328125,2.032937803233812e-17
spectrum,Septum / reconstructed MIDI,11913.24462890625,2.073386273443165e-17
spectrum,Septum / reconstructed MIDI,11918.6279296875,2.0652380481011502e-17
spectrum,Septum / reconstructed MIDI,11924.01123046875,2.1144630700458134e-17
spectrum,Septum / reconstructed MIDI,11929.39453125,2.1117537226674572e-17
spectrum,Septum / reconstructed MIDI,11934.77783203125,2.173131516735627e-17
spectrum,Septum / reconstructed MIDI,11940.1611328125,2.1663201806996203e-17
spectrum,Septum / reconstructed MIDI,11945.54443359375,2.2237801165144938e-17
spectrum,Septum / reconstructed MIDI,11950.927734375,2.225609509157216e-17
spectrum,Septum / reconstructed MIDI,11956.31103515625,2.288041627634146e-17
spectrum,Septum / reconstructed MIDI,11961.6943359375,2.293636842733577e-17
spectrum,Septum / reconstructed MIDI,11967.07763671875,2.3723731873922946e-17
spectrum,Septum / reconstructed MIDI,11972.4609375,2.385499220224531e-17
spectrum,Septum / reconstructed MIDI,11977.84423828125,2.4576914081850966e-17
spectrum,Septum / reconstructed MIDI,11983.2275390625,2.481363993827384e-17
spectrum,Septum / reconstructed MIDI,11988.61083984375,2.55555084511706e-17
spectrum,Septum / reconstructed MIDI,11993.994140625,2.573817970892436e-17
spectrum,Septum / reconstructed MIDI,11999.37744140625,2.6445240461644887e-17
spectrum,Septum / reconstructed MIDI,12004.7607421875,2.6663498683711904e-17
spectrum,Septum / reconstructed MIDI,12010.14404296875,2.746490434837778e-17
spectrum,Septum / reconstructed MIDI,12015.52734375,2.782385110338904e-17
spectrum,Septum / reconstructed MIDI,12020.91064453125,2.8570338592826295e-17
spectrum,Septum / reconstructed MIDI,12026.2939453125,2.880718356325738e-17
spectrum,Septum / reconstructed MIDI,12031.67724609375,2.9412706241425796e-17
spectrum,Septum / reconstructed MIDI,12037.060546875,3.011600828544288e-17
spectrum,Septum / reconstructed MIDI,12042.44384765625,3.064371642902721e-17
spectrum,Septum / reconstructed MIDI,12047.8271484375,3.1525888008702765e-17
spectrum,Septum / reconstructed MIDI,12053.21044921875,3.196496209529081e-17
spectrum,Septum / reconstructed MIDI,12058.59375,3.279635802024541e-17
spectrum,Septum / reconstructed MIDI,12063.97705078125,3.318176131996857e-17
spectrum,Septum / reconstructed MIDI,12069.3603515625,3.423116234972274e-17
spectrum,Septum / reconstructed MIDI,12074.74365234375,3.4493414999849e-17
spectrum,Septum / reconstructed MIDI,12080.126953125,3.55377371406421e-17
spectrum,Septum / reconstructed MIDI,12085.51025390625,3.580194193701399e-17
spectrum,Septum / reconstructed MIDI,12090.8935546875,3.698123679271859e-17
spectrum,Septum / reconstructed MIDI,12096.27685546875,3.699525254101769e-17
spectrum,Septum / reconstructed MIDI,12101.66015625,3.8518905994450563e-17
spectrum,Septum / reconstructed MIDI,12107.04345703125,3.8338468124350696e-17
spectrum,Septum / reconstructed MIDI,12112.4267578125,3.9735017004858674e-17
spectrum,Septum / reconstructed MIDI,12117.81005859375,3.955303396137456e-17
spectrum,Septum / reconstructed MIDI,12123.193359375,4.110312079846218e-17
spectrum,Septum / reconstructed MIDI,12128.57666015625,4.075743209430892e-17
spectrum,Septum / reconstructed MIDI,12133.9599609375,4.2456441220158135e-17
spectrum,Septum / reconstructed MIDI,12139.34326171875,4.219715649406971e-17
spectrum,Septum / reconstructed MIDI,12144.7265625,4.388230869029744e-17
spectrum,Septum / reconstructed MIDI,12150.10986328125,4.3558348366474724e-17
spectrum,Septum / reconstructed MIDI,12155.4931640625,4.519040880226635e-17
spectrum,Septum / reconstructed MIDI,12160.87646484375,4.483882395470681e-17
spectrum,Septum / reconstructed MIDI,12166.259765625,4.6608140123900586e-17
spectrum,Septum / reconstructed MIDI,12171.64306640625,4.616239234413046e-17
spectrum,Septum / reconstructed MIDI,12177.0263671875,4.795936612428556e-17
spectrum,Septum / reconstructed MIDI,12182.40966796875,4.74242034290209e-17
spectrum,Septum / reconstructed MIDI,12187.79296875,4.901311150661686e-17
spectrum,Septum / reconstructed MIDI,12193.17626953125,4.864326912857705e-17
spectrum,Septum / reconstructed MIDI,12198.5595703125,4.9962565957317476e-17
spectrum,Septum / reconstructed MIDI,12203.94287109375,4.997709455759636e-17
spectrum,Septum / reconstructed MIDI,12209.326171875,5.1296388077614333e-17
spectrum,Septum / reconstructed MIDI,12214.70947265625,5.115248181208726e-17
spectrum,Septum / reconstructed MIDI,12220.0927734375,5.1951723572270694e-17
spectrum,Septum / reconstructed MIDI,12225.47607421875,5.2210184426469014e-17
spectrum,Septum / reconstructed MIDI,12230.859375,5.310243437472791e-17
spectrum,Septum / reconstructed MIDI,12236.24267578125,5.3285611867016555e-17
spectrum,Septum / reconstructed MIDI,12241.6259765625,5.387717504516753e-17
spectrum,Septum / reconstructed MIDI,12247.00927734375,5.429620489115219e-17
spectrum,Septum / reconstructed MIDI,12252.392578125,5.489157971756581e-17
spectrum,Septum / reconstructed MIDI,12257.77587890625,5.5157187412256586e-17
spectrum,Septum / reconstructed MIDI,12263.1591796875,5.529839045154184e-17
spectrum,Septum / reconstructed MIDI,12268.54248046875,5.614496348637556e-17
spectrum,Septum / reconstructed MIDI,12273.92578125,5.620914608446477e-17
spectrum,Septum / reconstructed MIDI,12279.30908203125,5.694620371491892e-17
spectrum,Septum / reconstructed MIDI,12284.6923828125,5.680495435351937e-17
spectrum,Septum / reconstructed MIDI,12290.07568359375,5.734489153527968e-17
spectrum,Septum / reconstructed MIDI,12295.458984375,5.72094125858333e-17
spectrum,Septum / reconstructed MIDI,12300.84228515625,5.806654375400564e-17
spectrum,Septum / reconstructed MIDI,12306.2255859375,5.789811654640005e-17
spectrum,Septum / reconstructed MIDI,12311.60888671875,5.851171912479188e-17
spectrum,Septum / reconstructed MIDI,12316.9921875,5.825672250299894e-17
spectrum,Septum / reconstructed MIDI,12322.37548828125,5.873114698024505e-17
spectrum,Septum / reconstructed MIDI,12327.7587890625,5.901964110812394e-17
spectrum,Septum / reconstructed MIDI,12333.14208984375,5.896695962927167e-17
spectrum,Septum / reconstructed MIDI,12338.525390625,5.876769512843009e-17
spectrum,Septum / reconstructed MIDI,12343.90869140625,5.924012775476118e-17
spectrum,Septum / reconstructed MIDI,12349.2919921875,5.921338004247366e-17
spectrum,Septum / reconstructed MIDI,12354.67529296875,5.957557927165348e-17
spectrum,Septum / reconstructed MIDI,12360.05859375,5.930813523600284e-17
spectrum,Septum / reconstructed MIDI,12365.44189453125,5.973146642117278e-17
spectrum,Septum / reconstructed MIDI,12370.8251953125,5.943811508873697e-17
spectrum,Septum / reconstructed MIDI,12376.20849609375,5.962037937362936e-17
spectrum,Septum / reconstructed MIDI,12381.591796875,5.960300858076574e-17
spectrum,Septum / reconstructed MIDI,12386.97509765625,5.912980833082621e-17
spectrum,Septum / reconstructed MIDI,12392.3583984375,5.92903210743309e-17
spectrum,Septum / reconstructed MIDI,12397.74169921875,5.896807136001494e-17
spectrum,Septum / reconstructed MIDI,12403.125,5.940412789172839e-17
spectrum,Septum / reconstructed MIDI,12408.50830078125,5.865383537147339e-17
spectrum,Septum / reconstructed MIDI,12413.8916015625,5.897478144914397e-17
spectrum,Septum / reconstructed MIDI,12419.27490234375,5.80813933003622e-17
spectrum,Septum / reconstructed MIDI,12424.658203125,5.858405441499842e-17
spectrum,Septum / reconstructed MIDI,12430.04150390625,5.753366738595408e-17
spectrum,Septum / reconstructed MIDI,12435.4248046875,5.795055317979101e-17
spectrum,Septum / reconstructed MIDI,12440.80810546875,5.711173909910304e-17
spectrum,Septum / reconstructed MIDI,12446.19140625,5.765665259942847e-17
spectrum,Septum / reconstructed MIDI,12451.57470703125,5.620979459406501e-17
spectrum,Septum / reconstructed MIDI,12456.9580078125,5.689408471888318e-17
spectrum,Septum / reconstructed MIDI,12462.34130859375,5.566081136512582e-17
spectrum,Septum / reconstructed MIDI,12467.724609375,5.620693585786803e-17
spectrum,Septum / reconstructed MIDI,12473.10791015625,5.52439785108481e-17
spectrum,Septum / reconstructed MIDI,12478.4912109375,5.545008214099426e-17
spectrum,Septum / reconstructed MIDI,12483.87451171875,5.468270337800637e-17
spectrum,Septum / reconstructed MIDI,12489.2578125,5.4660673903932856e-17
spectrum,Septum / reconstructed MIDI,12494.64111328125,5.3678562362648646e-17
spectrum,Septum / reconstructed MIDI,12500.0244140625,5.3728481058254996e-17
spectrum,Septum / reconstructed MIDI,12505.40771484375,5.297060825486656e-17
spectrum,Septum / reconstructed MIDI,12510.791015625,5.2468519549214224e-17
spectrum,Septum / reconstructed MIDI,12516.17431640625,5.192030394388348e-17
spectrum,Septum / reconstructed MIDI,12521.5576171875,5.140167493470253e-17
spectrum,Septum / reconstructed MIDI,12526.94091796875,5.082151361411499e-17
spectrum,Septum / reconstructed MIDI,12532.32421875,5.0231919125821894e-17
spectrum,Septum / reconstructed MIDI,12537.70751953125,5.0187353943139987e-17
spectrum,Septum / reconstructed MIDI,12543.0908203125,4.915614757813953e-17
spectrum,Septum / reconstructed MIDI,12548.47412109375,4.91915178211323e-17
spectrum,Septum / reconstructed MIDI,12553.857421875,4.7922679009757606e-17
spectrum,Septum / reconstructed MIDI,12559.24072265625,4.815797880680444e-17
spectrum,Septum / reconstructed MIDI,12564.6240234375,4.660708464143897e-17
spectrum,Septum / reconstructed MIDI,12570.00732421875,4.6955996041258736e-17
spectrum,Septum / reconstructed MIDI,12575.390625,4.535853160740653e-17
spectrum,Septum / reconstructed MIDI,12580.77392578125,4.580358786418456e-17
spectrum,Septum / reconstructed MIDI,12586.1572265625,4.409331584711482e-17
spectrum,Septum / reconstructed MIDI,12591.54052734375,4.471027016134872e-17
spectrum,Septum / reconstructed MIDI,12596.923828125,4.293654346512881e-17
spectrum,Septum / reconstructed MIDI,12602.30712890625,4.34214698274319e-17
spectrum,Septum / reconstructed MIDI,12607.6904296875,4.161994324518531e-17
spectrum,Septum / reconstructed MIDI,12613.07373046875,4.221534785010098e-17
spectrum,Septum / reconstructed MIDI,12618.45703125,4.022511820907389e-17
spectrum,Septum / reconstructed MIDI,12623.84033203125,4.092498579918766e-17
spectrum,Septum / reconstructed MIDI,12629.2236328125,3.885809305898916e-17
spectrum,Septum / reconstructed MIDI,12634.60693359375,3.981232530490788e-17
spectrum,Septum / reconstructed MIDI,12639.990234375,3.786149593081792e-17
spectrum,Septum / reconstructed MIDI,12645.37353515625,3.841666647073901e-17
spectrum,Septum / reconstructed MIDI,12650.7568359375,3.665210162698374e-17
spectrum,Septum / reconstructed MIDI,12656.14013671875,3.710733882274107e-17
spectrum,Septum / reconstructed MIDI,12661.5234375,3.540779699257737e-17
spectrum,Septum / reconstructed MIDI,12666.90673828125,3.5774132124819955e-17
spectrum,Septum / reconstructed MIDI,12672.2900390625,3.4256315257789253e-17
spectrum,Septum / reconstructed MIDI,12677.67333984375,3.4413562292235584e-17
spectrum,Septum / reconstructed MIDI,12683.056640625,3.2971137974955415e-17
spectrum,Septum / reconstructed MIDI,12688.43994140625,3.3039780730907516e-17
spectrum,Septum / reconstructed MIDI,12693.8232421875,3.1880275344177634e-17
spectrum,Septum / reconstructed MIDI,12699.20654296875,3.190256951604716e-17
spectrum,Septum / reconstructed MIDI,12704.58984375,3.0712733070616187e-17
spectrum,Septum / reconstructed MIDI,12709.97314453125,3.048084787513797e-17
spectrum,Septum / reconstructed MIDI,12715.3564453125,2.9692366080362624e-17
spectrum,Septum / reconstructed MIDI,12720.73974609375,2.940837181501602e-17
spectrum,Septum / reconstructed MIDI,12726.123046875,2.8663300458787455e-17
spectrum,Septum / reconstructed MIDI,12731.50634765625,2.818324784465353e-17
spectrum,Septum / reconstructed MIDI,12736.8896484375,2.760679394757145e-17
spectrum,Septum / reconstructed MIDI,12742.27294921875,2.6986845239520108e-17
spectrum,Septum / reconstructed MIDI,12747.65625,2.655206752903366e-17
spectrum,Septum / reconstructed MIDI,12753.03955078125,2.597686432903776e-17
spectrum,Septum / reconstructed MIDI,12758.4228515625,2.553125055252687e-17
spectrum,Septum / reconstructed MIDI,12763.80615234375,2.481440094443739e-17
spectrum,Septum / reconstructed MIDI,12769.189453125,2.4615184420071344e-17
spectrum,Septum / reconstructed MIDI,12774.57275390625,2.377766570422263e-17
spectrum,Septum / reconstructed MIDI,12779.9560546875,2.352515393298979e-17
spectrum,Septum / reconstructed MIDI,12785.33935546875,2.2980630861913483e-17
spectrum,Septum / reconstructed MIDI,12790.72265625,2.27359971588346e-17
spectrum,Septum / reconstructed MIDI,12796.10595703125,2.2108251446329333e-17
spectrum,Septum / reconstructed MIDI,12801.4892578125,2.1888262762420855e-17
spectrum,Septum / reconstructed MIDI,12806.87255859375,2.1050854888774222e-17
spectrum,Septum / reconstructed MIDI,12812.255859375,2.102272743922497e-17
spectrum,Septum / reconstructed MIDI,12817.63916015625,2.02986433094981e-17
spectrum,Septum / reconstructed MIDI,12823.0224609375,2.0325238820552905e-17
spectrum,Septum / reconstructed MIDI,12828.40576171875,1.9471006093246944e-17
spectrum,Septum / reconstructed MIDI,12833.7890625,1.9587365590014778e-17
spectrum,Septum / reconstructed MIDI,12839.17236328125,1.8866684481327953e-17
spectrum,Septum / reconstructed MIDI,12844.5556640625,1.9054021037736512e-17
spectrum,Septum / reconstructed MIDI,12849.93896484375,1.822558807373608e-17
spectrum,Septum / reconstructed MIDI,12855.322265625,1.8198744408497508e-17
spectrum,Septum / reconstructed MIDI,12860.70556640625,1.7611120264423513e-17
spectrum,Septum / reconstructed MIDI,12866.0888671875,1.7573690341705488e-17
spectrum,Septum / reconstructed MIDI,12871.47216796875,1.7075368616562718e-17
spectrum,Septum / reconstructed MIDI,12876.85546875,1.708180077300593e-17
spectrum,Septum / reconstructed MIDI,12882.23876953125,1.6599395657209905e-17
spectrum,Septum / reconstructed MIDI,12887.6220703125,1.6707734810758425e-17
spectrum,Septum / reconstructed MIDI,12893.00537109375,1.6221984576565235e-17
spectrum,Septum / reconstructed MIDI,12898.388671875,1.6273248267847596e-17
spectrum,Septum / reconstructed MIDI,12903.77197265625,1.5850110642940996e-17
spectrum,Septum / reconstructed MIDI,12909.1552734375,1.5808414122623423e-17
spectrum,Septum / reconstructed MIDI,12914.53857421875,1.5501856024527595e-17
spectrum,Septum / reconstructed MIDI,12919.921875,1.5495551253898716e-17
spectrum,Septum / reconstructed MIDI,12925.30517578125,1.51899295242563e-17
spectrum,Septum / reconstructed MIDI,12930.6884765625,1.524619269516093e-17
spectrum,Septum / reconstructed MIDI,12936.07177734375,1.5053472847325876e-17
spectrum,Septum / reconstructed MIDI,12941.455078125,1.5019490613400972e-17
spectrum,Septum / reconstructed MIDI,12946.83837890625,1.4823549724260636e-17
spectrum,Septum / reconstructed MIDI,12952.2216796875,1.4893999042670553e-17
spectrum,Septum / reconstructed MIDI,12957.60498046875,1.4624900645794802e-17
spectrum,Septum / reconstructed MIDI,12962.98828125,1.467314678220257e-17
spectrum,Septum / reconstructed MIDI,12968.37158203125,1.4497794418508678e-17
spectrum,Septum / reconstructed MIDI,12973.7548828125,1.4549652025470853e-17
spectrum,Septum / reconstructed MIDI,12979.13818359375,1.4467370715578978e-17
spectrum,Septum / reconstructed MIDI,12984.521484375,1.4540844206308388e-17
spectrum,Septum / reconstructed MIDI,12989.90478515625,1.4482587530127503e-17
spectrum,Septum / reconstructed MIDI,12995.2880859375,1.4456589243474962e-17
spectrum,Septum / reconstructed MIDI,13000.67138671875,1.4533985224669098e-17
spectrum,Septum / reconstructed MIDI,13006.0546875,1.4587612998142136e-17
spectrum,Septum / reconstructed MIDI,13011.43798828125,1.4656867867747526e-17
spectrum,Septum / reconstructed MIDI,13016.8212890625,1.459352403079944e-17
spectrum,Septum / reconstructed MIDI,13022.20458984375,1.4665229009379212e-17
spectrum,Septum / reconstructed MIDI,13027.587890625,1.4678235597330996e-17
spectrum,Septum / reconstructed MIDI,13032.97119140625,1.4781183187646895e-17
spectrum,Septum / reconstructed MIDI,13038.3544921875,1.4846110248287408e-17
spectrum,Septum / reconstructed MIDI,13043.73779296875,1.496554354821149e-17
spectrum,Septum / reconstructed MIDI,13049.12109375,1.510508064574306e-17
spectrum,Septum / reconstructed MIDI,13054.50439453125,1.5307217117671418e-17
spectrum,Septum / reconstructed MIDI,13059.8876953125,1.5420689754101442e-17
spectrum,Septum / reconstructed MIDI,13065.27099609375,1.5390234618308464e-17
spectrum,Septum / reconstructed MIDI,13070.654296875,1.5393895719699624e-17
spectrum,Septum / reconstructed MIDI,13076.03759765625,1.5581442379983772e-17
spectrum,Septum / reconstructed MIDI,13081.4208984375,1.5684284091181265e-17
spectrum,Septum / reconstructed MIDI,13086.80419921875,1.5823652443867874e-17
spectrum,Septum / reconstructed MIDI,13092.1875,1.591202511179059e-17
spectrum,Septum / reconstructed MIDI,13097.57080078125,1.597582720679803e-17
spectrum,Septum / reconstructed MIDI,13102.9541015625,1.637323951465423e-17
spectrum,Septum / reconstructed MIDI,13108.33740234375,1.6372797800207128e-17
spectrum,Septum / reconstructed MIDI,13113.720703125,1.655985973265232e-17
spectrum,Septum / reconstructed MIDI,13119.10400390625,1.668709169139155e-17
spectrum,Septum / reconstructed MIDI,13124.4873046875,1.6936786085458034e-17
spectrum,Septum / reconstructed MIDI,13129.87060546875,1.7159630196841044e-17
spectrum,Septum / reconstructed MIDI,13135.25390625,1.7243582411570276e-17
spectrum,Septum / reconstructed MIDI,13140.63720703125,1.7359591183758388e-17
spectrum,Septum / reconstructed MIDI,13146.0205078125,1.758886414286216e-17
spectrum,Septum / reconstructed MIDI,13151.40380859375,1.747827340368627e-17
spectrum,Septum / reconstructed MIDI,13156.787109375,1.7915625300238983e-17
spectrum,Septum / reconstructed MIDI,13162.17041015625,1.785233771157255e-17
spectrum,Septum / reconstructed MIDI,13167.5537109375,1.8223053592339217e-17
spectrum,Septum / reconstructed MIDI,13172.93701171875,1.8138912780430323e-17
spectrum,Septum / reconstructed MIDI,13178.3203125,1.862523211488495e-17
spectrum,Septum / reconstructed MIDI,13183.70361328125,1.8466484574807447e-17
spectrum,Septum / reconstructed MIDI,13189.0869140625,1.902621784298738e-17
spectrum,Septum / reconstructed MIDI,13194.47021484375,1.885250825999002e-17
spectrum,Septum / reconstructed MIDI,13199.853515625,1.937962414225576e-17
spectrum,Septum / reconstructed MIDI,13205.23681640625,1.9189476826125746e-17
spectrum,Septum / reconstructed MIDI,13210.6201171875,1.9741618230643667e-17
spectrum,Septum / reconstructed MIDI,13216.00341796875,1.9542818605306347e-17
spectrum,Septum / reconstructed MIDI,13221.38671875,2.0077337754054438e-17
spectrum,Septum / reconstructed MIDI,13226.77001953125,1.978019131696824e-17
spectrum,Septum / reconstructed MIDI,13232.1533203125,2.0340093329993133e-17
spectrum,Septum / reconstructed MIDI,13237.53662109375,2.0145619859259466e-17
spectrum,Septum / reconstructed MIDI,13242.919921875,2.0691148781960638e-17
spectrum,Septum / reconstructed MIDI,13248.30322265625,2.0318528731423875e-17
spectrum,Septum / reconstructed MIDI,13253.6865234375,2.0907583897957588e-17
spectrum,Septum / reconstructed MIDI,13259.06982421875,2.0759055347167566e-17
spectrum,Septum / reconstructed MIDI,13264.453125,2.1297551580300812e-17
spectrum,Septum / reconstructed MIDI,13269.83642578125,2.108590418568932e-17
spectrum,Septum / reconstructed MIDI,13275.2197265625,2.1444738444137273e-17
spectrum,Septum / reconstructed MIDI,13280.60302734375,2.124128840939618e-17
spectrum,Septum / reconstructed MIDI,13285.986328125,2.1686478669433445e-17
spectrum,Septum / reconstructed MIDI,13291.36962890625,2.151101546353747e-17
spectrum,Septum / reconstructed MIDI,13296.7529296875,2.1922299590266187e-17
spectrum,Septum / reconstructed MIDI,13302.13623046875,2.1787757009273212e-17
spectrum,Septum / reconstructed MIDI,13307.51953125,2.2073460229765353e-17
spectrum,Septum / reconstructed MIDI,13312.90283203125,2.2004676853109118e-17
spectrum,Septum / reconstructed MIDI,13318.2861328125,2.2314546982377608e-17
spectrum,Septum / reconstructed MIDI,13323.66943359375,2.2337216694245236e-17
spectrum,Septum / reconstructed MIDI,13329.052734375,2.2515078723917613e-17
spectrum,Septum / reconstructed MIDI,13334.43603515625,2.2620440027260943e-17
spectrum,Septum / reconstructed MIDI,13339.8193359375,2.257194242794696e-17
spectrum,Septum / reconstructed MIDI,13345.20263671875,2.262500440988101e-17
spectrum,Septum / reconstructed MIDI,13350.5859375,2.2786915088620915e-17
spectrum,Septum / reconstructed MIDI,13355.96923828125,2.2990565301070245e-17
spectrum,Septum / reconstructed MIDI,13361.3525390625,2.2912752420847382e-17
spectrum,Septum / reconstructed MIDI,13366.73583984375,2.3026072856044697e-17
spectrum,Septum / reconstructed MIDI,13372.119140625,2.290373449780933e-17
spectrum,Septum / reconstructed MIDI,13377.50244140625,2.3036559851850644e-17
spectrum,Septum / reconstructed MIDI,13382.8857421875,2.3061615152604875e-17
spectrum,Septum / reconstructed MIDI,13388.26904296875,2.330175891931882e-17
spectrum,Septum / reconstructed MIDI,13393.65234375,2.326712652143245e-17
spectrum,Septum / reconstructed MIDI,13399.03564453125,2.3267806463895968e-17
spectrum,Septum / reconstructed MIDI,13404.4189453125,2.3261170821022068e-17
spectrum,Septum / reconstructed MIDI,13409.80224609375,2.3328635671781893e-17
spectrum,Septum / reconstructed MIDI,13415.185546875,2.3184436584317974e-17
spectrum,Septum / reconstructed MIDI,13420.56884765625,2.3441653358875013e-17
spectrum,Septum / reconstructed MIDI,13425.9521484375,2.333107750895015e-17
spectrum,Septum / reconstructed MIDI,13431.33544921875,2.3514645430487917e-17
spectrum,Septum / reconstructed MIDI,13436.71875,2.33314629751156e-17
spectrum,Septum / reconstructed MIDI,13442.10205078125,2.348418367725004e-17
spectrum,Septum / reconstructed MIDI,13447.4853515625,2.3401928837137766e-17
spectrum,Septum / reconstructed MIDI,13452.86865234375,2.3486517980938664e-17
spectrum,Septum / reconstructed MIDI,13458.251953125,2.3323002571810407e-17
spectrum,Septum / reconstructed MIDI,13463.63525390625,2.3554153230904675e-17
spectrum,Septum / reconstructed MIDI,13469.0185546875,2.3202937305898335e-17
spectrum,Septum / reconstructed MIDI,13474.40185546875,2.339652900209902e-17
spectrum,Septum / reconstructed MIDI,13479.78515625,2.3175430241808496e-17
spectrum,Septum / reconstructed MIDI,13485.16845703125,2.3636608248725186e-17
spectrum,Septum / reconstructed MIDI,13490.5517578125,2.3389162131563623e-17
spectrum,Septum / reconstructed MIDI,13495.93505859375,2.349168124232222e-17
spectrum,Septum / reconstructed MIDI,13501.318359375,2.311057597306189e-17
spectrum,Septum / reconstructed MIDI,13506.70166015625,2.329201638606417e-17
spectrum,Septum / reconstructed MIDI,13512.0849609375,2.291358125582116e-17
spectrum,Septum / reconstructed MIDI,13517.46826171875,2.3071951601539338e-17
spectrum,Septum / reconstructed MIDI,13522.8515625,2.2827855565858615e-17
spectrum,Septum / reconstructed MIDI,13528.23486328125,2.3146760161777408e-17
spectrum,Septum / reconstructed MIDI,13533.6181640625,2.2840319523328564e-17
spectrum,Septum / reconstructed MIDI,13539.00146484375,2.2999196103581624e-17
spectrum,Septum / reconstructed MIDI,13544.384765625,2.2607335831996878e-17
spectrum,Septum / reconstructed MIDI,13549.76806640625,2.2975623110485087e-17
spectrum,Septum / reconstructed MIDI,13555.1513671875,2.2613786186413566e-17
spectrum,Septum / reconstructed MIDI,13560.53466796875,2.286894989869025e-17
spectrum,Septum / reconstructed MIDI,13565.91796875,2.2449660317993245e-17
spectrum,Septum / reconstructed MIDI,13571.30126953125,2.2645907263960225e-17
spectrum,Septum / reconstructed MIDI,13576.6845703125,2.2264040988536345e-17
spectrum,Septum / reconstructed MIDI,13582.06787109375,2.25051409760384e-17
spectrum,Septum / reconstructed MIDI,13587.451171875,2.2080401929465898e-17
spectrum,Septum / reconstructed MIDI,13592.83447265625,2.2397364305306417e-17
spectrum,Septum / reconstructed MIDI,13598.2177734375,2.199216161044119e-17
spectrum,Septum / reconstructed MIDI,13603.60107421875,2.2167404786294225e-17
spectrum,Septum / reconstructed MIDI,13608.984375,2.1652291294716628e-17
spectrum,Septum / reconstructed MIDI,13614.36767578125,2.201720367630562e-17
spectrum,Septum / reconstructed MIDI,13619.7509765625,2.166324316602683e-17
spectrum,Septum / reconstructed MIDI,13625.13427734375,2.1866120791784036e-17
spectrum,Septum / reconstructed MIDI,13630.517578125,2.1412903571082557e-17
spectrum,Septum / reconstructed MIDI,13635.90087890625,2.1722770391628596e-17
spectrum,Septum / reconstructed MIDI,13641.2841796875,2.1312420978992065e-17
spectrum,Septum / reconstructed MIDI,13646.66748046875,2.148159595787141e-17
spectrum,Septum / reconstructed MIDI,13652.05078125,2.099090414669883e-17
spectrum,Septum / reconstructed MIDI,13657.43408203125,2.1261370700307743e-17
spectrum,Septum / reconstructed MIDI,13662.8173828125,2.0896104285416577e-17
spectrum,Septum / reconstructed MIDI,13668.20068359375,2.1051567918462243e-17
spectrum,Septum / reconstructed MIDI,13673.583984375,2.0850864123354826e-17
spectrum,Septum / reconstructed MIDI,13678.96728515625,2.0866772460895446e-17
spectrum,Septum / reconstructed MIDI,13684.3505859375,2.073322084227631e-17
spectrum,Septum / reconstructed MIDI,13689.73388671875,2.0771931240582566e-17
spectrum,Septum / reconstructed MIDI,13695.1171875,2.06094431897751e-17
spectrum,Septum / reconstructed MIDI,13700.50048828125,2.0364306560883785e-17
spectrum,Septum / reconstructed MIDI,13705.8837890625,2.0500362882397732e-17
spectrum,Septum / reconstructed MIDI,13711.26708984375,2.0116906765836525e-17
spectrum,Septum / reconstructed MIDI,13716.650390625,2.0313795603958847e-17
spectrum,Septum / reconstructed MIDI,13722.03369140625,2.0041861631943264e-17
spectrum,Septum / reconstructed MIDI,13727.4169921875,1.9986773057508458e-17
spectrum,Septum / reconstructed MIDI,13732.80029296875,1.9862083851972214e-17
spectrum,Septum / reconstructed MIDI,13738.18359375,1.987084369465915e-17
spectrum,Septum / reconstructed MIDI,13743.56689453125,1.9826366193122174e-17
spectrum,Septum / reconstructed MIDI,13748.9501953125,1.9653169462104596e-17
spectrum,Septum / reconstructed MIDI,13754.33349609375,1.9540401583556467e-17
spectrum,Septum / reconstructed MIDI,13759.716796875,1.9759622643856496e-17
spectrum,Septum / reconstructed MIDI,13765.10009765625,1.9544130513757856e-17
spectrum,Septum / reconstructed MIDI,13770.4833984375,1.9426861118316214e-17
spectrum,Septum / reconstructed MIDI,13775.86669921875,1.9229241052532395e-17
spectrum,Septum / reconstructed MIDI,13781.25,1.9443935780520533e-17
spectrum,Septum / reconstructed MIDI,13786.63330078125,1.8920964073123682e-17
spectrum,Septum / reconstructed MIDI,13792.0166015625,1.9207386940748744e-17
spectrum,Septum / reconstructed MIDI,13797.39990234375,1.8875712330533356e-17
spectrum,Septum / reconstructed MIDI,13802.783203125,1.900384922486272e-17
spectrum,Septum / reconstructed MIDI,13808.16650390625,1.8616923912812466e-17
spectrum,Septum / reconstructed MIDI,13813.5498046875,1.8845856073503867e-17
spectrum,Septum / reconstructed MIDI,13818.93310546875,1.861743676479225e-17
spectrum,Septum / reconstructed MIDI,13824.31640625,1.8675943249518125e-17
spectrum,Septum / reconstructed MIDI,13829.69970703125,1.8334162146578564e-17
spectrum,Septum / reconstructed MIDI,13835.0830078125,1.8667236346390392e-17
spectrum,Septum / reconstructed MIDI,13840.46630859375,1.811624803164637e-17
spectrum,Septum / reconstructed MIDI,13845.849609375,1.8352186412126095e-17
spectrum,Septum / reconstructed MIDI,13851.23291015625,1.8023913168589525e-17
spectrum,Septum / reconstructed MIDI,13856.6162109375,1.816436181915613e-17
spectrum,Septum / reconstructed MIDI,13861.99951171875,1.7861246446769747e-17
spectrum,Septum / reconstructed MIDI,13867.3828125,1.8059164297574085e-17
spectrum,Septum / reconstructed MIDI,13872.76611328125,1.7717010963358876e-17
spectrum,Septum / reconstructed MIDI,13878.1494140625,1.7907173168739917e-17
spectrum,Septum / reconstructed MIDI,13883.53271484375,1.7541036559844345e-17
spectrum,Septum / reconstructed MIDI,13888.916015625,1.767706310285624e-17
spectrum,Septum / reconstructed MIDI,13894.29931640625,1.7380326947353867e-17
spectrum,Septum / reconstructed MIDI,13899.6826171875,1.7514675968083505e-17
spectrum,Septum / reconstructed MIDI,13905.06591796875,1.7327749693258772e-17
spectrum,Septum / reconstructed MIDI,13910.44921875,1.7546863220079168e-17
spectrum,Septum / reconstructed MIDI,13915.83251953125,1.719537267110946e-17
spectrum,Septum / reconstructed MIDI,13921.2158203125,1.7244366578790976e-17
spectrum,Septum / reconstructed MIDI,13926.59912109375,1.7037526757899642e-17
spectrum,Septum / reconstructed MIDI,13931.982421875,1.7034696145843485e-17
spectrum,Septum / reconstructed MIDI,13937.36572265625,1.6905766812487295e-17
spectrum,Septum / reconstructed MIDI,13942.7490234375,1.6942397678733593e-17
spectrum,Septum / reconstructed MIDI,13948.13232421875,1.6835689725353028e-17
spectrum,Septum / reconstructed MIDI,13953.515625,1.6820833561551575e-17
spectrum,Septum / reconstructed MIDI,13958.89892578125,1.667668079620196e-17
spectrum,Septum / reconstructed MIDI,13964.2822265625,1.6396178887401552e-17
spectrum,Septum / reconstructed MIDI,13969.66552734375,1.648295178801959e-17
spectrum,Septum / reconstructed MIDI,13975.048828125,1.6246828119082653e-17
spectrum,Septum / reconstructed MIDI,13980.43212890625,1.6415293376996427e-17
spectrum,Septum / reconstructed MIDI,13985.8154296875,1.6075869738802643e-17
spectrum,Septum / reconstructed MIDI,13991.19873046875,1.6264402398376954e-17
spectrum,Septum / reconstructed MIDI,13996.58203125,1.5953913538010275e-17
spectrum,Septum / reconstructed MIDI,14001.96533203125,1.6211244463491847e-17
spectrum,Septum / reconstructed MIDI,14007.3486328125,1.5725930980662085e-17
spectrum,Septum / reconstructed MIDI,14012.73193359375,1.599658944017311e-17
spectrum,Septum / reconstructed MIDI,14018.115234375,1.558164255769201e-17
spectrum,Septum / reconstructed MIDI,14023.49853515625,1.5868108438708924e-17
spectrum,Septum / reconstructed MIDI,14028.8818359375,1.545359830759125e-17
spectrum,Septum / reconstructed MIDI,14034.26513671875,1.5647697892688045e-17
spectrum,Septum / reconstructed MIDI,14039.6484375,1.5129187997515305e-17
spectrum,Septum / reconstructed MIDI,14045.03173828125,1.543706131278509e-17
spectrum,Septum / reconstructed MIDI,14050.4150390625,1.5024093046329217e-17
spectrum,Septum / reconstructed MIDI,14055.79833984375,1.533106473473132e-17
spectrum,Septum / reconstructed MIDI,14061.181640625,1.484942227946007e-17
spectrum,Septum / reconstructed MIDI,14066.56494140625,1.5074208610921355e-17
spectrum,Septum / reconstructed MIDI,14071.9482421875,1.457783572330176e-17
spectrum,Septum / reconstructed MIDI,14077.33154296875,1.484161700320002e-17
spectrum,Septum / reconstructed MIDI,14082.71484375,1.445686386743833e-17
spectrum,Septum / reconstructed MIDI,14088.09814453125,1.4774041310238112e-17
spectrum,Septum / reconstructed MIDI,14093.4814453125,1.4325644898146592e-17
spectrum,Septum / reconstructed MIDI,14098.86474609375,1.451687582087905e-17
spectrum,Septum / reconstructed MIDI,14104.248046875,1.4141881761984262e-17
spectrum,Septum / reconstructed MIDI,14109.63134765625,1.4268159154296607e-17
spectrum,Septum / reconstructed MIDI,14115.0146484375,1.4010527135072066e-17
spectrum,Septum / reconstructed MIDI,14120.39794921875,1.4066298960692842e-17
spectrum,Septum / reconstructed MIDI,14125.78125,1.3896526757411233e-17
spectrum,Septum / reconstructed MIDI,14131.16455078125,1.3849073887210904e-17
spectrum,Septum / reconstructed MIDI,14136.5478515625,1.3610371896304639e-17
spectrum,Septum / reconstructed MIDI,14141.93115234375,1.361391057496514e-17
spectrum,Septum / reconstructed MIDI,14147.314453125,1.34797129282876e-17
spectrum,Septum / reconstructed MIDI,14152.69775390625,1.3308679274571848e-17
spectrum,Septum / reconstructed MIDI,14158.0810546875,1.3243282375343406e-17
spectrum,Septum / reconstructed MIDI,14163.46435546875,1.3092171366680994e-17
spectrum,Septum / reconstructed MIDI,14168.84765625,1.3077359870632619e-17
spectrum,Septum / reconstructed MIDI,14174.23095703125,1.2847127382018285e-17
spectrum,Septum / reconstructed MIDI,14179.6142578125,1.297462652009537e-17
spectrum,Septum / reconstructed MIDI,14184.99755859375,1.265223039481099e-17
spectrum,Septum / reconstructed MIDI,14190.380859375,1.2821490573293429e-17
spectrum,Septum / reconstructed MIDI,14195.76416015625,1.2519228024118589e-17
spectrum,Septum / reconstructed MIDI,14201.1474609375,1.2594439421314973e-17
spectrum,Septum / reconstructed MIDI,14206.53076171875,1.222871061246139e-17
spectrum,Septum / reconstructed MIDI,14211.9140625,1.2506425749778106e-17
spectrum,Septum / reconstructed MIDI,14217.29736328125,1.2106157187266759e-17
spectrum,Septum / reconstructed MIDI,14222.6806640625,1.2356893828905058e-17
spectrum,Septum / reconstructed MIDI,14228.06396484375,1.1894245922039861e-17
spectrum,Septum / reconstructed MIDI,14233.447265625,1.2258676057331736e-17
spectrum,Septum / reconstructed MIDI,14238.83056640625,1.1798967950363553e-17
spectrum,Septum / reconstructed MIDI,14244.2138671875,1.2015135887022649e-17
spectrum,Septum / reconstructed MIDI,14249.59716796875,1.1517533809012799e-17
spectrum,Septum / reconstructed MIDI,14254.98046875,1.1837230016777806e-17
spectrum,Septum / reconstructed MIDI,14260.36376953125,1.141589233688412e-17
spectrum,Septum / reconstructed MIDI,14265.7470703125,1.1712406807982329e-17
spectrum,Septum / reconstructed MIDI,14271.13037109375,1.1346191616928565e-17
spectrum,Septum / reconstructed MIDI,14276.513671875,1.1526957877731616e-17
spectrum,Septum / reconstructed MIDI,14281.89697265625,1.1130880639384075e-17
spectrum,Septum / reconstructed MIDI,14287.2802734375,1.1328858047192516e-17
spectrum,Septum / reconstructed MIDI,14292.66357421875,1.1055651044214214e-17
spectrum,Septum / reconstructed MIDI,14298.046875,1.1315837397170319e-17
spectrum,Septum / reconstructed MIDI,14303.43017578125,1.0900221325573663e-17
spectrum,Septum / reconstructed MIDI,14308.8134765625,1.111213589952301e-17
spectrum,Septum / reconstructed MIDI,14314.19677734375,1.0851565734762681e-17
spectrum,Septum / reconstructed MIDI,14319.580078125,1.0995802045354165e-17
spectrum,Septum / reconstructed MIDI,14324.96337890625,1.0722436223698253e-17
spectrum,Septum / reconstructed MIDI,14330.3466796875,1.0847537365179548e-17
spectrum,Septum / reconstructed MIDI,14335.72998046875,1.0703707200268827e-17
spectrum,Septum / reconstructed MIDI,14341.11328125,1.0682282395223092e-17
spectrum,Septum / reconstructed MIDI,14346.49658203125,1.060089940347645e-17
spectrum,Septum / reconstructed MIDI,14351.8798828125,1.0606313300585609e-17
spectrum,Septum / reconstructed MIDI,14357.26318359375,1.0535758103057286e-17
spectrum,Septum / reconstructed MIDI,14362.646484375,1.0535227053104027e-17
spectrum,Septum / reconstructed MIDI,14368.02978515625,1.0557627104091963e-17
spectrum,Septum / reconstructed MIDI,14373.4130859375,1.0389489409700759e-17
spectrum,Septum / reconstructed MIDI,14378.79638671875,1.0353918988999754e-17
spectrum,Septum / reconstructed MIDI,14384.1796875,1.0371493268294055e-17
spectrum,Septum / reconstructed MIDI,14389.56298828125,1.0485540795249804e-17
spectrum,Septum / reconstructed MIDI,14394.9462890625,1.0343418758304006e-17
spectrum,Septum / reconstructed MIDI,14400.32958984375,1.037995119005741e-17
spectrum,Septum / reconstructed MIDI,14405.712890625,1.0301670125607842e-17
spectrum,Septum / reconstructed MIDI,14411.09619140625,1.0379964424947211e-17
spectrum,Septum / reconstructed MIDI,14416.4794921875,1.0331865526688477e-17
spectrum,Septum / reconstructed MIDI,14421.86279296875,1.0459638461548319e-17
spectrum,Septum / reconstructed MIDI,14427.24609375,1.0392012310569046e-17
spectrum,Septum / reconstructed MIDI,14432.62939453125,1.0487615364226087e-17
spectrum,Septum / reconstructed MIDI,14438.0126953125,1.0248152367156273e-17
spectrum,Septum / reconstructed MIDI,14443.39599609375,1.044898272089741e-17
spectrum,Septum / reconstructed MIDI,14448.779296875,1.0350147045406512e-17
spectrum,Septum / reconstructed MIDI,14454.16259765625,1.0570775139928493e-17
spectrum,Septum / reconstructed MIDI,14459.5458984375,1.0464470023506241e-17
spectrum,Septum / reconstructed MIDI,14464.92919921875,1.0608324176654725e-17
spectrum,Septum / reconstructed MIDI,14470.3125,1.0459635980006481e-17
spectrum,Septum / reconstructed MIDI,14475.69580078125,1.0650766813884821e-17
spectrum,Septum / reconstructed MIDI,14481.0791015625,1.0452496584139536e-17
spectrum,Septum / reconstructed MIDI,14486.46240234375,1.0752723441826882e-17
spectrum,Septum / reconstructed MIDI,14491.845703125,1.0665927380151693e-17
spectrum,Septum / reconstructed MIDI,14497.22900390625,1.0770317573455885e-17
spectrum,Septum / reconstructed MIDI,14502.6123046875,1.0741420018756345e-17
spectrum,Septum / reconstructed MIDI,14507.99560546875,1.1015441794638012e-17
spectrum,Septum / reconstructed MIDI,14513.37890625,1.0927492643188924e-17
spectrum,Septum / reconstructed MIDI,14518.76220703125,1.121383610147518e-17
spectrum,Septum / reconstructed MIDI,14524.1455078125,1.097692412941448e-17
spectrum,Septum / reconstructed MIDI,14529.52880859375,1.1224464545165874e-17
spectrum,Septum / reconstructed MIDI,14534.912109375,1.1204266448968554e-17
spectrum,Septum / reconstructed MIDI,14540.29541015625,1.1464672831967598e-17
spectrum,Septum / reconstructed MIDI,14545.6787109375,1.1346923671770674e-17
spectrum,Septum / reconstructed MIDI,14551.06201171875,1.1489223552548172e-17
spectrum,Septum / reconstructed MIDI,14556.4453125,1.1495156091901402e-17
spectrum,Septum / reconstructed MIDI,14561.82861328125,1.1785899323865828e-17
spectrum,Septum / reconstructed MIDI,14567.2119140625,1.1783651874141521e-17
spectrum,Septum / reconstructed MIDI,14572.59521484375,1.2027115943834254e-17
spectrum,Septum / reconstructed MIDI,14577.978515625,1.1887325729035243e-17
spectrum,Septum / reconstructed MIDI,14583.36181640625,1.2163164820722688e-17
spectrum,Septum / reconstructed MIDI,14588.7451171875,1.2210863363564946e-17
spectrum,Septum / reconstructed MIDI,14594.12841796875,1.2319139651386912e-17
spectrum,Septum / reconstructed MIDI,14599.51171875,1.2380606615525115e-17
spectrum,Septum / reconstructed MIDI,14604.89501953125,1.2599134498471824e-17
spectrum,Septum / reconstructed MIDI,14610.2783203125,1.2643915575293607e-17
spectrum,Septum / reconstructed MIDI,14615.66162109375,1.2755198664642204e-17
spectrum,Septum / reconstructed MIDI,14621.044921875,1.2814822670375639e-17
spectrum,Septum / reconstructed MIDI,14626.42822265625,1.300034521970087e-17
spectrum,Septum / reconstructed MIDI,14631.8115234375,1.306046057071816e-17
spectrum,Septum / reconstructed MIDI,14637.19482421875,1.3283128492630698e-17
spectrum,Septum / reconstructed MIDI,14642.578125,1.3394968274531542e-17
spectrum,Septum / reconstructed MIDI,14647.96142578125,1.3630157229376295e-17
spectrum,Septum / reconstructed MIDI,14653.3447265625,1.3611886464006223e-17
spectrum,Septum / reconstructed MIDI,14658.72802734375,1.3752526193294327e-17
spectrum,Septum / reconstructed MIDI,14664.111328125,1.3871009062694585e-17
spectrum,Septum / reconstructed MIDI,14669.49462890625,1.3956977116576608e-17
spectrum,Septum / reconstructed MIDI,14674.8779296875,1.4169572460170087e-17
spectrum,Septum / reconstructed MIDI,14680.26123046875,1.4226980449042492e-17
spectrum,Septum / reconstructed MIDI,14685.64453125,1.4368037904539935e-17
spectrum,Septum / reconstructed MIDI,14691.02783203125,1.459704285712524e-17
spectrum,Septum / reconstructed MIDI,14696.4111328125,1.465859005778286e-17
spectrum,Septum / reconstructed MIDI,14701.79443359375,1.4766745577235395e-17
spectrum,Septum / reconstructed MIDI,14707.177734375,1.4914681866706828e-17
spectrum,Septum / reconstructed MIDI,14712.56103515625,1.5125980191099824e-17
spectrum,Septum / reconstructed MIDI,14717.9443359375,1.5310739252719668e-17
spectrum,Septum / reconstructed MIDI,14723.32763671875,1.5359817532823665e-17
spectrum,Septum / reconstructed MIDI,14728.7109375,1.549543544861296e-17
spectrum,Septum / reconstructed MIDI,14734.09423828125,1.5550944230798942e-17
spectrum,Septum / reconstructed MIDI,14739.4775390625,1.58700705111219e-17
spectrum,Septum / reconstructed MIDI,14744.86083984375,1.5897483276621907e-17
spectrum,Septum / reconstructed MIDI,14750.244140625,1.5979509814885116e-17
spectrum,Septum / reconstructed MIDI,14755.62744140625,1.611894434202073e-17
spectrum,Septum / reconstructed MIDI,14761.0107421875,1.625621661903513e-17
spectrum,Septum / reconstructed MIDI,14766.39404296875,1.644427944002151e-17
spectrum,Septum / reconstructed MIDI,14771.77734375,1.6474701488589986e-17
spectrum,Septum / reconstructed MIDI,14777.16064453125,1.657656216358099e-17
spectrum,Septum / reconstructed MIDI,14782.5439453125,1.6709141017799765e-17
spectrum,Septum / reconstructed MIDI,14787.92724609375,1.676918936718744e-17
spectrum,Septum / reconstructed MIDI,14793.310546875,1.703825798556114e-17
spectrum,Septum / reconstructed MIDI,14798.69384765625,1.706915814452367e-17
spectrum,Septum / reconstructed MIDI,14804.0771484375,1.7223960033079293e-17
spectrum,Septum / reconstructed MIDI,14809.46044921875,1.7216657682631675e-17
spectrum,Septum / reconstructed MIDI,14814.84375,1.741381287291124e-17
spectrum,Septum / reconstructed MIDI,14820.22705078125,1.745993811822842e-17
spectrum,Septum / reconstructed MIDI,14825.6103515625,1.7500041488686217e-17
spectrum,Septum / reconstructed MIDI,14830.99365234375,1.767518705722697e-17
spectrum,Septum / reconstructed MIDI,14836.376953125,1.7791683865976488e-17
spectrum,Septum / reconstructed MIDI,14841.76025390625,1.7779820441631253e-17
spectrum,Septum / reconstructed MIDI,14847.1435546875,1.7762687876784054e-17
spectrum,Septum / reconstructed MIDI,14852.52685546875,1.8004595192563962e-17
spectrum,Septum / reconstructed MIDI,14857.91015625,1.7964109664663167e-17
spectrum,Septum / reconstructed MIDI,14863.29345703125,1.817636917292795e-17
spectrum,Septum / reconstructed MIDI,14868.6767578125,1.8225194335764504e-17
spectrum,Septum / reconstructed MIDI,14874.06005859375,1.810298998078837e-17
spectrum,Septum / reconstructed MIDI,14879.443359375,1.8269757864085186e-17
spectrum,Septum / reconstructed MIDI,14884.82666015625,1.8303826124793795e-17
spectrum,Septum / reconstructed MIDI,14890.2099609375,1.826847573413573e-17
spectrum,Septum / reconstructed MIDI,14895.59326171875,1.8255546901161525e-17
spectrum,Septum / reconstructed MIDI,14900.9765625,1.8486882848713005e-17
spectrum,Septum / reconstructed MIDI,14906.35986328125,1.8470311112321117e-17
spectrum,Septum / reconstructed MIDI,14911.7431640625,1.8554576001321894e-17
spectrum,Septum / reconstructed MIDI,14917.12646484375,1.847058408192326e-17
spectrum,Septum / reconstructed MIDI,14922.509765625,1.8548497878180855e-17
spectrum,Septum / reconstructed MIDI,14927.89306640625,1.8409407458180063e-17
spectrum,Septum / reconstructed MIDI,14933.2763671875,1.8652661423997207e-17
spectrum,Septum / reconstructed MIDI,14938.65966796875,1.8470653565094714e-17
spectrum,Septum / reconstructed MIDI,14944.04296875,1.8500966425822333e-17
spectrum,Septum / reconstructed MIDI,14949.42626953125,1.853354410706712e-17
spectrum,Septum / reconstructed MIDI,14954.8095703125,1.8364637134706243e-17
spectrum,Septum / reconstructed MIDI,14960.19287109375,1.839603525639753e-17
spectrum,Septum / reconstructed MIDI,14965.576171875,1.8338562747437347e-17
spectrum,Septum / reconstructed MIDI,14970.95947265625,1.8347125721138495e-17
spectrum,Septum / reconstructed MIDI,14976.3427734375,1.8318743499960576e-17
spectrum,Septum / reconstructed MIDI,14981.72607421875,1.825062352215561e-17
spectrum,Septum / reconstructed MIDI,14987.109375,1.812421874402893e-17
spectrum,Septum / reconstructed MIDI,14992.49267578125,1.8216912603471623e-17
spectrum,Septum / reconstructed MIDI,14997.8759765625,1.804327084928449e-17
spectrum,Septum / reconstructed MIDI,15003.25927734375,1.8153186609080538e-17
spectrum,Septum / reconstructed MIDI,15008.642578125,1.7932165603767594e-17
spectrum,Septum / reconstructed MIDI,15014.02587890625,1.8056232769483197e-17
spectrum,Septum / reconstructed MIDI,15019.4091796875,1.781080662737749e-17
spectrum,Septum / reconstructed MIDI,15024.79248046875,1.783890760714714e-17
spectrum,Septum / reconstructed MIDI,15030.17578125,1.768682217972314e-17
spectrum,Septum / reconstructed MIDI,15035.55908203125,1.7788720905022323e-17
spectrum,Septum / reconstructed MIDI,15040.9423828125,1.740814006827035e-17
spectrum,Septum / reconstructed MIDI,15046.32568359375,1.755806159121191e-17
spectrum,Septum / reconstructed MIDI,15051.708984375,1.721494211004124e-17
spectrum,Septum / reconstructed MIDI,15057.09228515625,1.7248545495245594e-17
spectrum,Septum / reconstructed MIDI,15062.4755859375,1.6923220323412164e-17
spectrum,Septum / reconstructed MIDI,15067.85888671875,1.7034806988045567e-17
spectrum,Septum / reconstructed MIDI,15073.2421875,1.6632615230610034e-17
spectrum,Septum / reconstructed MIDI,15078.62548828125,1.6725795472252908e-17
spectrum,Septum / reconstructed MIDI,15084.0087890625,1.6456781447799637e-17
spectrum,Septum / reconstructed MIDI,15089.39208984375,1.649366377695215e-17
spectrum,Septum / reconstructed MIDI,15094.775390625,1.624045717400477e-17
spectrum,Septum / reconstructed MIDI,15100.15869140625,1.6221417130665024e-17
spectrum,Septum / reconstructed MIDI,15105.5419921875,1.5785984293133435e-17
spectrum,Septum / reconstructed MIDI,15110.92529296875,1.6087612394778446e-17
spectrum,Septum / reconstructed MIDI,15116.30859375,1.595764081385044e-17
spectrum,Septum / reconstructed MIDI,15121.69189453125,1.5627772766092867e-17
spectrum,Septum / reconstructed MIDI,15127.0751953125,1.5288502983493018e-17
spectrum,Septum / reconstructed MIDI,15132.45849609375,1.5189912980644048e-17
spectrum,Septum / reconstructed MIDI,15137.841796875,1.514188356555677e-17
spectrum,Septum / reconstructed MIDI,15143.22509765625,1.4760708813124983e-17
spectrum,Septum / reconstructed MIDI,15148.6083984375,1.4695679182088514e-17
spectrum,Septum / reconstructed MIDI,15153.99169921875,1.441133584652341e-17
spectrum,Septum / reconstructed MIDI,15159.375,1.4410520246439433e-17
spectrum,Septum / reconstructed MIDI,15164.75830078125,1.4031150402104238e-17
spectrum,Septum / reconstructed MIDI,15170.1416015625,1.3977070988016746e-17
spectrum,Septum / reconstructed MIDI,15175.52490234375,1.3627603722825343e-17
spectrum,Septum / reconstructed MIDI,15180.908203125,1.3736088460161673e-17
spectrum,Septum / reconstructed MIDI,15186.29150390625,1.3259679576626044e-17
spectrum,Septum / reconstructed MIDI,15191.6748046875,1.3211195212201861e-17
spectrum,Septum / reconstructed MIDI,15197.05810546875,1.2942299474576186e-17
spectrum,Septum / reconstructed MIDI,15202.44140625,1.2867731623896368e-17
spectrum,Septum / reconstructed MIDI,15207.82470703125,1.2416959549085596e-17
spectrum,Septum / reconstructed MIDI,15213.2080078125,1.2724190145019429e-17
spectrum,Septum / reconstructed MIDI,15218.59130859375,1.2203761190825566e-17
spectrum,Septum / reconstructed MIDI,15223.974609375,1.225756267222724e-17
spectrum,Septum / reconstructed MIDI,15229.35791015625,1.1701392070945573e-17
spectrum,Septum / reconstructed MIDI,15234.7412109375,1.1921779455909301e-17
spectrum,Septum / reconstructed MIDI,15240.12451171875,1.1541633716159532e-17
spectrum,Septum / reconstructed MIDI,15245.5078125,1.144806221808692e-17
spectrum,Septum / reconstructed MIDI,15250.89111328125,1.100091319435913e-17
spectrum,Septum / reconstructed MIDI,15256.2744140625,1.1086968102205472e-17
spectrum,Septum / reconstructed MIDI,15261.65771484375,1.0663887552761137e-17
spectrum,Septum / reconstructed MIDI,15267.041015625,1.0683964880589024e-17
spectrum,Septum / reconstructed MIDI,15272.42431640625,1.0219514547169075e-17
spectrum,Septum / reconstructed MIDI,15277.8076171875,1.0293703549128344e-17
spectrum,Septum / reconstructed MIDI,15283.19091796875,9.945142873888299e-18
spectrum,Septum / reconstructed MIDI,15288.57421875,9.903275127183927e-18
spectrum,Septum / reconstructed MIDI,15293.95751953125,9.518151414507813e-18
spectrum,Septum / reconstructed MIDI,15299.3408203125,9.557204265587667e-18
spectrum,Septum / reconstructed MIDI,15304.72412109375,9.260224918985203e-18
spectrum,Septum / reconstructed MIDI,15310.107421875,9.199973083166841e-18
spectrum,Septum / reconstructed MIDI,15315.49072265625,8.921950234662255e-18
spectrum,Septum / reconstructed MIDI,15320.8740234375,8.788568188068692e-18
spectrum,Septum / reconstructed MIDI,15326.25732421875,8.59452733279539e-18
spectrum,Septum / reconstructed MIDI,15331.640625,8.47518171401624e-18
spectrum,Septum / reconstructed MIDI,15337.02392578125,8.333549367993072e-18
spectrum,Septum / reconstructed MIDI,15342.4072265625,8.120700907132152e-18
spectrum,Septum / reconstructed MIDI,15347.79052734375,8.073267062085912e-18
spectrum,Septum / reconstructed MIDI,15353.173828125,7.813952557495438e-18
spectrum,Septum / reconstructed MIDI,15358.55712890625,7.735381152650863e-18
spectrum,Septum / reconstructed MIDI,15363.9404296875,7.555093829422481e-18
spectrum,Septum / reconstructed MIDI,15369.32373046875,7.479515164034123e-18
spectrum,Septum / reconstructed MIDI,15374.70703125,7.242407150168248e-18
spectrum,Septum / reconstructed MIDI,15380.09033203125,7.240148947095978e-18
spectrum,Septum / reconstructed MIDI,15385.4736328125,6.978978249210936e-18
spectrum,Septum / reconstructed MIDI,15390.85693359375,6.939212368443061e-18
spectrum,Septum / reconstructed MIDI,15396.240234375,6.7792997444727786e-18
spectrum,Septum / reconstructed MIDI,15401.62353515625,6.782137801154448e-18
spectrum,Septum / reconstructed MIDI,15407.0068359375,6.5418401788465684e-18
spectrum,Septum / reconstructed MIDI,15412.39013671875,6.530657524145464e-18
spectrum,Septum / reconstructed MIDI,15417.7734375,6.370921916826268e-18
spectrum,Septum / reconstructed MIDI,15423.15673828125,6.382847379717445e-18
spectrum,Septum / reconstructed MIDI,15428.5400390625,6.120212985738489e-18
spectrum,Septum / reconstructed MIDI,15433.92333984375,6.1383071480477805e-18
spectrum,Septum / reconstructed MIDI,15439.306640625,6.011800213115452e-18
spectrum,Septum / reconstructed MIDI,15444.68994140625,6.012301898156965e-18
spectrum,Septum / reconstructed MIDI,15450.0732421875,5.7598558877828256e-18
spectrum,Septum / reconstructed MIDI,15455.45654296875,5.844342874778073e-18
spectrum,Septum / reconstructed MIDI,15460.83984375,5.672381538005343e-18
spectrum,Septum / reconstructed MIDI,15466.22314453125,5.74941314613965e-18
spectrum,Septum / reconstructed MIDI,15471.6064453125,5.576109295232746e-18
spectrum,Septum / reconstructed MIDI,15476.98974609375,5.562846281291071e-18
spectrum,Septum / reconstructed MIDI,15482.373046875,5.500538488060208e-18
spectrum,Septum / reconstructed MIDI,15487.75634765625,5.528640295010472e-18
spectrum,Septum / reconstructed MIDI,15493.1396484375,5.434012073705324e-18
spectrum,Septum / reconstructed MIDI,15498.52294921875,5.515641565274507e-18
spectrum,Septum / reconstructed MIDI,15503.90625,5.3936828829403015e-18
spectrum,Septum / reconstructed MIDI,15509.28955078125,5.3900573503154816e-18
spectrum,Septum / reconstructed MIDI,15514.6728515625,5.3521927441855605e-18
spectrum,Septum / reconstructed MIDI,15520.05615234375,5.40627794853734e-18
spectrum,Septum / reconstructed MIDI,15525.439453125,5.3356516134763376e-18
spectrum,Septum / reconstructed MIDI,15530.82275390625,5.4891300130518766e-18
spectrum,Septum / reconstructed MIDI,15536.2060546875,5.3945414964161316e-18
spectrum,Septum / reconstructed MIDI,15541.58935546875,5.4465149086640634e-18
spectrum,Septum / reconstructed MIDI,15546.97265625,5.429771532295071e-18
spectrum,Septum / reconstructed MIDI,15552.35595703125,5.452294833194278e-18
spectrum,Septum / reconstructed MIDI,15557.7392578125,5.4367732025900264e-18
spectrum,Septum / reconstructed MIDI,15563.12255859375,5.4833757311206514e-18
spectrum,Septum / reconstructed MIDI,15568.505859375,5.511300107829523e-18
spectrum,Septum / reconstructed MIDI,15573.88916015625,5.586267486745204e-18
spectrum,Septum / reconstructed MIDI,15579.2724609375,5.527623276447338e-18
spectrum,Septum / reconstructed MIDI,15584.65576171875,5.577027879302986e-18
spectrum,Septum / reconstructed MIDI,15590.0390625,5.706740552699264e-18
spectrum,Septum / reconstructed MIDI,15595.42236328125,5.7497415368428335e-18
spectrum,Septum / reconstructed MIDI,15600.8056640625,5.8260551522054444e-18
spectrum,Septum / reconstructed MIDI,15606.18896484375,5.903817574410942e-18
spectrum,Septum / reconstructed MIDI,15611.572265625,5.965523593746173e-18
spectrum,Septum / reconstructed MIDI,15616.95556640625,6.038962342889856e-18
spectrum,Septum / reconstructed MIDI,15622.3388671875,6.061768125968249e-18
spectrum,Septum / reconstructed MIDI,15627.72216796875,6.1494472029473384e-18
spectrum,Septum / reconstructed MIDI,15633.10546875,6.287186837007831e-18
spectrum,Septum / reconstructed MIDI,15638.48876953125,6.359773590120584e-18
spectrum,Septum / reconstructed MIDI,15643.8720703125,6.453496048654986e-18
spectrum,Septum / reconstructed MIDI,15649.25537109375,6.5358067234586066e-18
spectrum,Septum / reconstructed MIDI,15654.638671875,6.5999748458871015e-18
spectrum,Septum / reconstructed MIDI,15660.02197265625,6.722952201145666e-18
spectrum,Septum / reconstructed MIDI,15665.4052734375,6.756335969897388e-18
spectrum,Septum / reconstructed MIDI,15670.78857421875,6.834384183004522e-18
spectrum,Septum / reconstructed MIDI,15676.171875,7.040412126124636e-18
spectrum,Septum / reconstructed MIDI,15681.55517578125,7.102927128098944e-18
spectrum,Septum / reconstructed MIDI,15686.9384765625,7.211127315304555e-18
spectrum,Septum / reconstructed MIDI,15692.32177734375,7.297872091781766e-18
spectrum,Septum / reconstructed MIDI,15697.705078125,7.425621038403843e-18
spectrum,Septum / reconstructed MIDI,15703.08837890625,7.548426753685303e-18
spectrum,Septum / reconstructed MIDI,15708.4716796875,7.657832970224017e-18
spectrum,Septum / reconstructed MIDI,15713.85498046875,7.789947776119149e-18
spectrum,Septum / reconstructed MIDI,15719.23828125,7.924473813499873e-18
spectrum,Septum / reconstructed MIDI,15724.62158203125,7.96728289174133e-18
spectrum,Septum / reconstructed MIDI,15730.0048828125,8.134663715872048e-18
spectrum,Septum / reconstructed MIDI,15735.38818359375,8.260576321534257e-18
spectrum,Septum / reconstructed MIDI,15740.771484375,8.3920922486659e-18
spectrum,Septum / reconstructed MIDI,15746.15478515625,8.47390537433107e-18
spectrum,Septum / reconstructed MIDI,15751.5380859375,8.62623399285516e-18
spectrum,Septum / reconstructed MIDI,15756.92138671875,8.789338293218979e-18
spectrum,Septum / reconstructed MIDI,15762.3046875,8.831847932078692e-18
spectrum,Septum / reconstructed MIDI,15767.68798828125,8.971538885204197e-18
spectrum,Septum / reconstructed MIDI,15773.0712890625,8.998520689605064e-18
spectrum,Septum / reconstructed MIDI,15778.45458984375,9.28313037732741e-18
spectrum,Septum / reconstructed MIDI,15783.837890625,9.242032735773325e-18
spectrum,Septum / reconstructed MIDI,15789.22119140625,9.482801023849747e-18
spectrum,Septum / reconstructed MIDI,15794.6044921875,9.524016952231427e-18
spectrum,Septum / reconstructed MIDI,15799.98779296875,9.778054871694425e-18
spectrum,Septum / reconstructed MIDI,15805.37109375,9.74172013610742e-18
spectrum,Septum / reconstructed MIDI,15810.75439453125,1.0093754142739576e-17
spectrum,Septum / reconstructed MIDI,15816.1376953125,9.904486119600705e-18
spectrum,Septum / reconstructed MIDI,15821.52099609375,1.0297595433910406e-17
spectrum,Septum / reconstructed MIDI,15826.904296875,1.0222635499620238e-17
spectrum,Septum / reconstructed MIDI,15832.28759765625,1.0465800957111839e-17
spectrum,Septum / reconstructed MIDI,15837.6708984375,1.0348253628984378e-17
spectrum,Septum / reconstructed MIDI,15843.05419921875,1.0719954681860594e-17
spectrum,Septum / reconstructed MIDI,15848.4375,1.0661465567927582e-17
spectrum,Septum / reconstructed MIDI,15853.82080078125,1.0961869442266015e-17
spectrum,Septum / reconstructed MIDI,15859.2041015625,1.0827532002064953e-17
spectrum,Septum / reconstructed MIDI,15864.58740234375,1.1073875487469983e-17
spectrum,Septum / reconstructed MIDI,15869.970703125,1.1016696627627255e-17
spectrum,Septum / reconstructed MIDI,15875.35400390625,1.1402404329815831e-17
spectrum,Septum / reconstructed MIDI,15880.7373046875,1.1239352969011216e-17
spectrum,Septum / reconstructed MIDI,15886.12060546875,1.1603216485583492e-17
spectrum,Septum / reconstructed MIDI,15891.50390625,1.1327616449093074e-17
spectrum,Septum / reconstructed MIDI,15896.88720703125,1.1542369906904704e-17
spectrum,Septum / reconstructed MIDI,15902.2705078125,1.1651967202164917e-17
spectrum,Septum / reconstructed MIDI,15907.65380859375,1.1718790987950013e-17
spectrum,Septum / reconstructed MIDI,15913.037109375,1.1717697455180218e-17
spectrum,Septum / reconstructed MIDI,15918.42041015625,1.1962547052398977e-17
spectrum,Septum / reconstructed MIDI,15923.8037109375,1.1723443051715012e-17
spectrum,Septum / reconstructed MIDI,15929.18701171875,1.2046195691843402e-17
spectrum,Septum / reconstructed MIDI,15934.5703125,1.2071339500923177e-17
spectrum,Septum / reconstructed MIDI,15939.95361328125,1.2194643178933394e-17
spectrum,Septum / reconstructed MIDI,15945.3369140625,1.228026547131937e-17
spectrum,Septum / reconstructed MIDI,15950.72021484375,1.2264786440516665e-17
spectrum,Septum / reconstructed MIDI,15956.103515625,1.2352957276369918e-17
spectrum,Septum / reconstructed MIDI,15961.48681640625,1.2321181133138693e-17
spectrum,Septum / reconstructed MIDI,15966.8701171875,1.2420838198977857e-17
spectrum,Septum / reconstructed MIDI,15972.25341796875,1.2450174986582662e-17
spectrum,Septum / reconstructed MIDI,15977.63671875,1.2594365802240456e-17
spectrum,Septum / reconstructed MIDI,15983.02001953125,1.253354238461882e-17
spectrum,Septum / reconstructed MIDI,15988.4033203125,1.2688666046432726e-17
spectrum,Septum / reconstructed MIDI,15993.78662109375,1.2557303974895018e-17
spectrum,Septum / reconstructed MIDI,15999.169921875,1.2743626407872587e-17
spectrum,Septum / reconstructed MIDI,16004.55322265625,1.2644208397230451e-17
spectrum,Septum / reconstructed MIDI,16009.9365234375,1.2806718781914457e-17
spectrum,Septum / reconstructed MIDI,16015.31982421875,1.2611034318764012e-17
spectrum,Septum / reconstructed MIDI,16020.703125,1.2769856305096644e-17
spectrum,Septum / reconstructed MIDI,16026.08642578125,1.2649870448523377e-17
spectrum,Septum / reconstructed MIDI,16031.4697265625,1.279437559281394e-17
spectrum,Septum / reconstructed MIDI,16036.85302734375,1.2633561755566281e-17
spectrum,Septum / reconstructed MIDI,16042.236328125,1.278903283323746e-17
spectrum,Septum / reconstructed MIDI,16047.61962890625,1.2653549747888013e-17
spectrum,Septum / reconstructed MIDI,16053.0029296875,1.2785306384577909e-17
spectrum,Septum / reconstructed MIDI,16058.38623046875,1.2662132573923863e-17
spectrum,Septum / reconstructed MIDI,16063.76953125,1.276718864762116e-17
spectrum,Septum / reconstructed MIDI,16069.15283203125,1.2629729427788323e-17
spectrum,Septum / reconstructed MIDI,16074.5361328125,1.2665921888309968e-17
spectrum,Septum / reconstructed MIDI,16079.91943359375,1.2517393337519947e-17
spectrum,Septum / reconstructed MIDI,16085.302734375,1.259907163274527e-17
spectrum,Septum / reconstructed MIDI,16090.68603515625,1.2431167203286806e-17
spectrum,Septum / reconstructed MIDI,16096.0693359375,1.2644585591589775e-17
spectrum,Septum / reconstructed MIDI,16101.45263671875,1.2462035102205448e-17
spectrum,Septum / reconstructed MIDI,16106.8359375,1.2511866116666867e-17
spectrum,Septum / reconstructed MIDI,16112.21923828125,1.2326322887826323e-17
spectrum,Septum / reconstructed MIDI,16117.6025390625,1.2366039964938056e-17
spectrum,Septum / reconstructed MIDI,16122.98583984375,1.2263888122371433e-17
spectrum,Septum / reconstructed MIDI,16128.369140625,1.2411356227616161e-17
spectrum,Septum / reconstructed MIDI,16133.75244140625,1.2217686776437896e-17
spectrum,Septum / reconstructed MIDI,16139.1357421875,1.2321242344504022e-17
spectrum,Septum / reconstructed MIDI,16144.51904296875,1.1994648277610935e-17
spectrum,Septum / reconstructed MIDI,16149.90234375,1.2249878164336622e-17
spectrum,Septum / reconstructed MIDI,16155.28564453125,1.2016995389039668e-17
spectrum,Septum / reconstructed MIDI,16160.6689453125,1.2087374397097517e-17
spectrum,Septum / reconstructed MIDI,16166.05224609375,1.1923802739687606e-17
spectrum,Septum / reconstructed MIDI,16171.435546875,1.1888386174580536e-17
spectrum,Septum / reconstructed MIDI,16176.81884765625,1.1759810047345906e-17
spectrum,Septum / reconstructed MIDI,16182.2021484375,1.1812541984215549e-17
spectrum,Septum / reconstructed MIDI,16187.58544921875,1.1669586149212297e-17
spectrum,Septum / reconstructed MIDI,16192.96875,1.1560280848708314e-17
spectrum,Septum / reconstructed MIDI,16198.35205078125,1.1463081336469046e-17
spectrum,Septum / reconstructed MIDI,16203.7353515625,1.1461223488813252e-17
spectrum,Septum / reconstructed MIDI,16209.11865234375,1.1165652830793966e-17
spectrum,Septum / reconstructed MIDI,16214.501953125,1.1233546161111094e-17
spectrum,Septum / reconstructed MIDI,16219.88525390625,1.1093964395826446e-17
spectrum,Septum / reconstructed MIDI,16225.2685546875,1.1079814644268113e-17
spectrum,Septum / reconstructed MIDI,16230.65185546875,1.1024923765999707e-17
spectrum,Septum / reconstructed MIDI,16236.03515625,1.1152345976279826e-17
spectrum,Septum / reconstructed MIDI,16241.41845703125,1.0892512002264669e-17
spectrum,Septum / reconstructed MIDI,16246.8017578125,1.0873358635181003e-17
spectrum,Septum / reconstructed MIDI,16252.18505859375,1.0671192384750593e-17
spectrum,Septum / reconstructed MIDI,16257.568359375,1.07446195533657e-17
spectrum,Septum / reconstructed MIDI,16262.95166015625,1.0590931049914573e-17
spectrum,Septum / reconstructed MIDI,16268.3349609375,1.0418094969644068e-17
spectrum,Septum / reconstructed MIDI,16273.71826171875,1.036165478208835e-17
spectrum,Septum / reconstructed MIDI,16279.1015625,1.029229320618394e-17
spectrum,Septum / reconstructed MIDI,16284.48486328125,1.0289122622896025e-17
spectrum,Septum / reconstructed MIDI,16289.8681640625,1.0098342513597407e-17
spectrum,Septum / reconstructed MIDI,16295.25146484375,1.0057905789352752e-17
spectrum,Septum / reconstructed MIDI,16300.634765625,9.95756216360517e-18
spectrum,Septum / reconstructed MIDI,16306.01806640625,9.873741470593334e-18
spectrum,Septum / reconstructed MIDI,16311.4013671875,9.844504771842647e-18
spectrum,Septum / reconstructed MIDI,16316.78466796875,9.718147970191497e-18
spectrum,Septum / reconstructed MIDI,16322.16796875,9.601419550870464e-18
spectrum,Septum / reconstructed MIDI,16327.55126953125,9.574129208101114e-18
spectrum,Septum / reconstructed MIDI,16332.9345703125,9.397294536749528e-18
spectrum,Septum / reconstructed MIDI,16338.31787109375,9.464862785085922e-18
spectrum,Septum / reconstructed MIDI,16343.701171875,9.262091038447123e-18
spectrum,Septum / reconstructed MIDI,16349.08447265625,9.375053304439202e-18
spectrum,Septum / reconstructed MIDI,16354.4677734375,9.119476001856243e-18
spectrum,Septum / reconstructed MIDI,16359.85107421875,9.105859781793008e-18
spectrum,Septum / reconstructed MIDI,16365.234375,8.977895768211667e-18
spectrum,Septum / reconstructed MIDI,16370.61767578125,9.08608023898564e-18
spectrum,Septum / reconstructed MIDI,16376.0009765625,8.80350376120895e-18
spectrum,Septum / reconstructed MIDI,16381.38427734375,8.827584643201593e-18
spectrum,Septum / reconstructed MIDI,16386.767578125,8.672066416235499e-18
spectrum,Septum / reconstructed MIDI,16392.15087890625,8.748925557212088e-18
spectrum,Septum / reconstructed MIDI,16397.5341796875,8.514187415801177e-18
spectrum,Septum / reconstructed MIDI,16402.91748046875,8.53301239218166e-18
spectrum,Septum / reconstructed MIDI,16408.30078125,8.269079738231302e-18
spectrum,Septum / reconstructed MIDI,16413.68408203125,8.45076830541735e-18
spectrum,Septum / reconstructed MIDI,16419.0673828125,8.21191245891715e-18
spectrum,Septum / reconstructed MIDI,16424.45068359375,8.330430069903135e-18
spectrum,Septum / reconstructed MIDI,16429.833984375,8.082641499967975e-18
spectrum,Septum / reconstructed MIDI,16435.21728515625,8.272098120286508e-18
spectrum,Septum / reconstructed MIDI,16440.6005859375,8.063943909401826e-18
spectrum,Septum / reconstructed MIDI,16445.98388671875,8.154633510220303e-18
spectrum,Septum / reconstructed MIDI,16451.3671875,7.922920368309498e-18
spectrum,Septum / reconstructed MIDI,16456.75048828125,8.113669044744839e-18
spectrum,Septum / reconstructed MIDI,16462.1337890625,7.862907587688164e-18
spectrum,Septum / reconstructed MIDI,16467.51708984375,7.583850763417887e-18
spectrum,Septum / reconstructed MIDI,16472.900390625,7.819936382046646e-18
spectrum,Septum / reconstructed MIDI,16478.28369140625,7.734043601600365e-18
spectrum,Septum / reconstructed MIDI,16483.6669921875,7.669873411220339e-18
spectrum,Septum / reconstructed MIDI,16489.05029296875,7.76753697178325e-18
spectrum,Septum / reconstructed MIDI,16494.43359375,7.338722406332697e-18
spectrum,Septum / reconstructed MIDI,16499.81689453125,7.693955120393595e-18
spectrum,Septum / reconstructed MIDI,16505.2001953125,7.396742508858392e-18
spectrum,Septum / reconstructed MIDI,16510.58349609375,7.536386312688982e-18
spectrum,Septum / reconstructed MIDI,16515.966796875,7.39280512914264e-18
spectrum,Septum / reconstructed MIDI,16521.35009765625,7.36941577014209e-18
spectrum,Septum / reconstructed MIDI,16526.7333984375,7.375114217381968e-18
spectrum,Septum / reconstructed MIDI,16532.11669921875,7.352084681947879e-18
spectrum,Septum / reconstructed MIDI,16537.5,7.295636222586035e-18
spectrum,Septum / reconstructed MIDI,16542.88330078125,7.231044170093607e-18
spectrum,Septum / reconstructed MIDI,16548.2666015625,7.311247602286749e-18
spectrum,Septum / reconstructed MIDI,16553.64990234375,7.167070021518756e-18
spectrum,Septum / reconstructed MIDI,16559.033203125,7.26142982271513e-18
spectrum,Septum / reconstructed MIDI,16564.41650390625,7.18994901008136e-18
spectrum,Septum / reconstructed MIDI,16569.7998046875,7.243987065138224e-18
spectrum,Septum / reconstructed MIDI,16575.18310546875,7.477373593428223e-18
spectrum,Septum / reconstructed MIDI,16580.56640625,7.426814660027757e-18
spectrum,Septum / reconstructed MIDI,16585.94970703125,7.409934385267388e-18
spectrum,Septum / reconstructed MIDI,16591.3330078125,7.391170620252235e-18
spectrum,Septum / reconstructed MIDI,16596.71630859375,7.16139142661358e-18
spectrum,Septum / reconstructed MIDI,16602.099609375,7.365831596547898e-18
spectrum,Septum / reconstructed MIDI,16607.48291015625,7.4344942048347e-18
spectrum,Septum / reconstructed MIDI,16612.8662109375,7.61045206473698e-18
spectrum,Septum / reconstructed MIDI,16618.24951171875,7.234825212673587e-18
spectrum,Septum / reconstructed MIDI,16623.6328125,7.327012837581397e-18
spectrum,Septum / reconstructed MIDI,16629.01611328125,7.133037329576487e-18
spectrum,Septum / reconstructed MIDI,16634.3994140625,7.393097951079483e-18
spectrum,Septum / reconstructed MIDI,16639.78271484375,7.176456867110008e-18
spectrum,Septum / reconstructed MIDI,16645.166015625,7.323963849843526e-18
spectrum,Septum / reconstructed MIDI,16650.54931640625,7.17898473106197e-18
spectrum,Septum / reconstructed MIDI,16655.9326171875,7.347110844924598e-18
spectrum,Septum / reconstructed MIDI,16661.31591796875,7.088105705883219e-18
spectrum,Septum / reconstructed MIDI,16666.69921875,7.343884013355028e-18
spectrum,Septum / reconstructed MIDI,16672.08251953125,7.210180193503182e-18
spectrum,Septum / reconstructed MIDI,16677.4658203125,7.297570998038797e-18
spectrum,Septum / reconstructed MIDI,16682.84912109375,7.219282488963716e-18
spectrum,Septum / reconstructed MIDI,16688.232421875,7.265601294544235e-18
spectrum,Septum / reconstructed MIDI,16693.61572265625,7.182466334260205e-18
spectrum,Septum / reconstructed MIDI,16698.9990234375,7.316117214552848e-18
spectrum,Septum / reconstructed MIDI,16704.38232421875,7.20044675923527e-18
spectrum,Septum / reconstructed MIDI,16709.765625,7.270374126678666e-18
spectrum,Septum / reconstructed MIDI,16715.14892578125,7.244915988966121e-18
spectrum,Septum / reconstructed MIDI,16720.5322265625,7.23743414032558e-18
spectrum,Septum / reconstructed MIDI,16725.91552734375,7.277296801225122e-18
spectrum,Septum / reconstructed MIDI,16731.298828125,7.24282239483575e-18
spectrum,Septum / reconstructed MIDI,16736.68212890625,7.226870216722665e-18
spectrum,Septum / reconstructed MIDI,16742.0654296875,7.227897575043455e-18
spectrum,Septum / reconstructed MIDI,16747.44873046875,7.344816245905376e-18
spectrum,Septum / reconstructed MIDI,16752.83203125,7.259030998938726e-18
spectrum,Septum / reconstructed MIDI,16758.21533203125,7.194793806929083e-18
spectrum,Septum / reconstructed MIDI,16763.5986328125,7.233373510698556e-18
spectrum,Septum / reconstructed MIDI,16768.98193359375,7.321389663777261e-18
spectrum,Septum / reconstructed MIDI,16774.365234375,7.226336685227568e-18
spectrum,Septum / reconstructed MIDI,16779.74853515625,7.259940070431922e-18
spectrum,Septum / reconstructed MIDI,16785.1318359375,7.153113003043149e-18
spectrum,Septum / reconstructed MIDI,16790.51513671875,7.312405655144323e-18
spectrum,Septum / reconstructed MIDI,16795.8984375,7.148273169279101e-18
spectrum,Septum / reconstructed MIDI,16801.28173828125,7.29828485490743e-18
spectrum,Septum / reconstructed MIDI,16806.6650390625,7.123127705838101e-18
spectrum,Septum / reconstructed MIDI,16812.04833984375,7.30070518537976e-18
spectrum,Septum / reconstructed MIDI,16817.431640625,7.10408600813713e-18
spectrum,Septum / reconstructed MIDI,16822.81494140625,7.280922333849942e-18
spectrum,Septum / reconstructed MIDI,16828.1982421875,7.043342827034912e-18
spectrum,Septum / reconstructed MIDI,16833.58154296875,7.243342691441046e-18
spectrum,Septum / reconstructed MIDI,16838.96484375,7.077775047213044e-18
spectrum,Septum / reconstructed MIDI,16844.34814453125,7.291403539391602e-18
spectrum,Septum / reconstructed MIDI,16849.7314453125,7.008717046593442e-18
spectrum,Septum / reconstructed MIDI,16855.11474609375,7.192150964871976e-18
spectrum,Septum / reconstructed MIDI,16860.498046875,6.935463999497277e-18
spectrum,Septum / reconstructed MIDI,16865.88134765625,7.144110796436734e-18
spectrum,Septum / reconstructed MIDI,16871.2646484375,6.937291655060713e-18
spectrum,Septum / reconstructed MIDI,16876.64794921875,7.120059692946142e-18
spectrum,Septum / reconstructed MIDI,16882.03125,6.895825504543736e-18
spectrum,Septum / reconstructed MIDI,16887.41455078125,7.024919033251518e-18
spectrum,Septum / reconstructed MIDI,16892.7978515625,6.856189904722339e-18
spectrum,Septum / reconstructed MIDI,16898.18115234375,6.938172188822776e-18
spectrum,Septum / reconstructed MIDI,16903.564453125,6.7478474424513686e-18
spectrum,Septum / reconstructed MIDI,16908.94775390625,6.9036799980502334e-18
spectrum,Septum / reconstructed MIDI,16914.3310546875,6.663892332589993e-18
spectrum,Septum / reconstructed MIDI,16919.71435546875,6.767272124775951e-18
spectrum,Septum / reconstructed MIDI,16925.09765625,6.696184222933144e-18
spectrum,Septum / reconstructed MIDI,16930.48095703125,6.640932693917665e-18
spectrum,Septum / reconstructed MIDI,16935.8642578125,6.649330645086609e-18
spectrum,Septum / reconstructed MIDI,16941.24755859375,6.577684396330329e-18
spectrum,Septum / reconstructed MIDI,16946.630859375,6.5991939873888514e-18
spectrum,Septum / reconstructed MIDI,16952.01416015625,6.5286032210941886e-18
spectrum,Septum / reconstructed MIDI,16957.3974609375,6.513344220334423e-18
spectrum,Septum / reconstructed MIDI,16962.78076171875,6.377987280028389e-18
spectrum,Septum / reconstructed MIDI,16968.1640625,6.415784057348081e-18
spectrum,Septum / reconstructed MIDI,16973.54736328125,6.2799825074628e-18
spectrum,Septum / reconstructed MIDI,16978.9306640625,6.3714885355458665e-18
spectrum,Septum / reconstructed MIDI,16984.31396484375,6.169375638264966e-18
spectrum,Septum / reconstructed MIDI,16989.697265625,6.2483837944729684e-18
spectrum,Septum / reconstructed MIDI,16995.08056640625,6.050207449727208e-18
spectrum,Septum / reconstructed MIDI,17000.4638671875,6.1450499108110065e-18
spectrum,Septum / reconstructed MIDI,17005.84716796875,5.940434378586827e-18
spectrum,Septum / reconstructed MIDI,17011.23046875,6.005533079204444e-18
spectrum,Septum / reconstructed MIDI,17016.61376953125,5.819327278693244e-18
spectrum,Septum / reconstructed MIDI,17021.9970703125,5.896094602621841e-18
spectrum,Septum / reconstructed MIDI,17027.38037109375,5.687852297001922e-18
spectrum,Septum / reconstructed MIDI,17032.763671875,5.846502643357449e-18
spectrum,Septum / reconstructed MIDI,17038.14697265625,5.531682251713136e-18
spectrum,Septum / reconstructed MIDI,17043.5302734375,5.657807029202465e-18
spectrum,Septum / reconstructed MIDI,17048.91357421875,5.463839379413374e-18
spectrum,Septum / reconstructed MIDI,17054.296875,5.52726428006149e-18
spectrum,Septum / reconstructed MIDI,17059.68017578125,5.274915049819019e-18
spectrum,Septum / reconstructed MIDI,17065.0634765625,5.443096171192382e-18
spectrum,Septum / reconstructed MIDI,17070.44677734375,5.207036195162611e-18
spectrum,Septum / reconstructed MIDI,17075.830078125,5.312872713767852e-18
spectrum,Septum / reconstructed MIDI,17081.21337890625,5.061882954862112e-18
spectrum,Septum / reconstructed MIDI,17086.5966796875,5.109527730964554e-18
spectrum,Septum / reconstructed MIDI,17091.97998046875,4.967433404569276e-18
spectrum,Septum / reconstructed MIDI,17097.36328125,4.968383007912487e-18
spectrum,Septum / reconstructed MIDI,17102.74658203125,4.828436042387397e-18
spectrum,Septum / reconstructed MIDI,17108.1298828125,4.8384093590329486e-18
spectrum,Septum / reconstructed MIDI,17113.51318359375,4.6734149509694464e-18
spectrum,Septum / reconstructed MIDI,17118.896484375,4.672413235247645e-18
spectrum,Septum / reconstructed MIDI,17124.27978515625,4.5659244847294056e-18
spectrum,Septum / reconstructed MIDI,17129.6630859375,4.54683108824015e-18
spectrum,Septum / reconstructed MIDI,17135.04638671875,4.423116301465494e-18
spectrum,Septum / reconstructed MIDI,17140.4296875,4.371592875470791e-18
spectrum,Septum / reconstructed MIDI,17145.81298828125,4.273818886296105e-18
spectrum,Septum / reconstructed MIDI,17151.1962890625,4.277105688460084e-18
spectrum,Septum / reconstructed MIDI,17156.57958984375,4.154769811766554e-18
spectrum,Septum / reconstructed MIDI,17161.962890625,4.0385865044691935e-18
spectrum,Septum / reconstructed MIDI,17167.34619140625,3.974900628337817e-18
spectrum,Septum / reconstructed MIDI,17172.7294921875,3.910094749657044e-18
spectrum,Septum / reconstructed MIDI,17178.11279296875,3.872287218989389e-18
spectrum,Septum / reconstructed MIDI,17183.49609375,3.791918764264043e-18
spectrum,Septum / reconstructed MIDI,17188.87939453125,3.765848512898209e-18
spectrum,Septum / reconstructed MIDI,17194.2626953125,3.638732359444735e-18
spectrum,Septum / reconstructed MIDI,17199.64599609375,3.5907058394896e-18
spectrum,Septum / reconstructed MIDI,17205.029296875,3.47728159312541e-18
spectrum,Septum / reconstructed MIDI,17210.41259765625,3.482248399113485e-18
spectrum,Septum / reconstructed MIDI,17215.7958984375,3.3298540197306966e-18
spectrum,Septum / reconstructed MIDI,17221.17919921875,3.3390686049593842e-18
spectrum,Septum / reconstructed MIDI,17226.5625,3.19906932026055e-18
spectrum,Septum / reconstructed MIDI,17231.94580078125,3.193530518878895e-18
spectrum,Septum / reconstructed MIDI,17237.3291015625,3.0671962578994367e-18
spectrum,Septum / reconstructed MIDI,17242.71240234375,3.045679015420248e-18
spectrum,Septum / reconstructed MIDI,17248.095703125,2.9377865394025063e-18
spectrum,Septum / reconstructed MIDI,17253.47900390625,2.9452282697833396e-18
spectrum,Septum / reconstructed MIDI,17258.8623046875,2.8593791231143705e-18
spectrum,Septum / reconstructed MIDI,17264.24560546875,2.857797140192863e-18
spectrum,Septum / reconstructed MIDI,17269.62890625,2.7807996532588237e-18
spectrum,Septum / reconstructed MIDI,17275.01220703125,2.7749074389604553e-18
spectrum,Septum / reconstructed MIDI,17280.3955078125,2.644304098839611e-18
spectrum,Septum / reconstructed MIDI,17285.77880859375,2.605415029521043e-18
spectrum,Septum / reconstructed MIDI,17291.162109375,2.5259821160684944e-18
spectrum,Septum / reconstructed MIDI,17296.54541015625,2.538143325434249e-18
spectrum,Septum / reconstructed MIDI,17301.9287109375,2.4524697478502943e-18
spectrum,Septum / reconstructed MIDI,17307.31201171875,2.4313263910079795e-18
spectrum,Septum / reconstructed MIDI,17312.6953125,2.373532108789512e-18
spectrum,Septum / reconstructed MIDI,17318.07861328125,2.3584157966854117e-18
spectrum,Septum / reconstructed MIDI,17323.4619140625,2.237368253795933e-18
spectrum,Septum / reconstructed MIDI,17328.84521484375,2.246767507096373e-18
spectrum,Septum / reconstructed MIDI,17334.228515625,2.1670072369164068e-18
spectrum,Septum / reconstructed MIDI,17339.61181640625,2.1982810747206585e-18
spectrum,Septum / reconstructed MIDI,17344.9951171875,2.1263165682236983e-18
spectrum,Septum / reconstructed MIDI,17350.37841796875,2.1515691515540234e-18
spectrum,Septum / reconstructed MIDI,17355.76171875,2.05734976426663e-18
spectrum,Septum / reconstructed MIDI,17361.14501953125,2.0563881668045373e-18
spectrum,Septum / reconstructed MIDI,17366.5283203125,2.0219437457123698e-18
spectrum,Septum / reconstructed MIDI,17371.91162109375,1.9827965960426852e-18
spectrum,Septum / reconstructed MIDI,17377.294921875,1.9291423527900456e-18
spectrum,Septum / reconstructed MIDI,17382.67822265625,1.9323741474432903e-18
spectrum,Septum / reconstructed MIDI,17388.0615234375,1.897772975625044e-18
spectrum,Septum / reconstructed MIDI,17393.44482421875,1.9248379116774728e-18
spectrum,Septum / reconstructed MIDI,17398.828125,1.885521189982215e-18
spectrum,Septum / reconstructed MIDI,17404.21142578125,1.857753357204269e-18
spectrum,Septum / reconstructed MIDI,17409.5947265625,1.8425164835258892e-18
spectrum,Septum / reconstructed MIDI,17414.97802734375,1.811665128219499e-18
spectrum,Septum / reconstructed MIDI,17420.361328125,1.7844107678067955e-18
spectrum,Septum / reconstructed MIDI,17425.74462890625,1.786834820591882e-18
spectrum,Septum / reconstructed MIDI,17431.1279296875,1.8316353361580604e-18
spectrum,Septum / reconstructed MIDI,17436.51123046875,1.8005600217008214e-18
spectrum,Septum / reconstructed MIDI,17441.89453125,1.7868712165388345e-18
spectrum,Septum / reconstructed MIDI,17447.27783203125,1.7820638496138294e-18
spectrum,Septum / reconstructed MIDI,17452.6611328125,1.7847453623645732e-18
spectrum,Septum / reconstructed MIDI,17458.04443359375,1.7927044942185584e-18
spectrum,Septum / reconstructed MIDI,17463.427734375,1.7553843797268503e-18
spectrum,Septum / reconstructed MIDI,17468.81103515625,1.8040900149648914e-18
spectrum,Septum / reconstructed MIDI,17474.1943359375,1.7619164182290285e-18
spectrum,Septum / reconstructed MIDI,17479.57763671875,1.8038706053074118e-18
spectrum,Septum / reconstructed MIDI,17484.9609375,1.7924234596054435e-18
spectrum,Septum / reconstructed MIDI,17490.34423828125,1.8236871644471915e-18
spectrum,Septum / reconstructed MIDI,17495.7275390625,1.8261912469565427e-18
spectrum,Septum / reconstructed MIDI,17501.11083984375,1.7837558475568066e-18
spectrum,Septum / reconstructed MIDI,17506.494140625,1.821598326605342e-18
spectrum,Septum / reconstructed MIDI,17511.87744140625,1.8440831636060646e-18
spectrum,Septum / reconstructed MIDI,17517.2607421875,1.855528861741961e-18
spectrum,Septum / reconstructed MIDI,17522.64404296875,1.864135676015575e-18
spectrum,Septum / reconstructed MIDI,17528.02734375,1.8764939611622705e-18
spectrum,Septum / reconstructed MIDI,17533.41064453125,1.9464089208964775e-18
spectrum,Septum / reconstructed MIDI,17538.7939453125,1.9019944918812084e-18
spectrum,Septum / reconstructed MIDI,17544.17724609375,1.982830717242953e-18
spectrum,Septum / reconstructed MIDI,17549.560546875,1.9957392842921493e-18
spectrum,Septum / reconstructed MIDI,17554.94384765625,1.9895786498850075e-18
spectrum,Septum / reconstructed MIDI,17560.3271484375,2.0315204292542025e-18
spectrum,Septum / reconstructed MIDI,17565.71044921875,2.0228302765338735e-18
spectrum,Septum / reconstructed MIDI,17571.09375,2.095490855516297e-18
spectrum,Septum / reconstructed MIDI,17576.47705078125,2.0971220556842517e-18
spectrum,Septum / reconstructed MIDI,17581.8603515625,2.1127150306163357e-18
spectrum,Septum / reconstructed MIDI,17587.24365234375,2.1594873379676872e-18
spectrum,Septum / reconstructed MIDI,17592.626953125,2.1899366834963767e-18
spectrum,Septum / reconstructed MIDI,17598.01025390625,2.211366451625788e-18
spectrum,Septum / reconstructed MIDI,17603.3935546875,2.27389096617714e-18
spectrum,Septum / reconstructed MIDI,17608.77685546875,2.2911600158254096e-18
spectrum,Septum / reconstructed MIDI,17614.16015625,2.2738361654615584e-18
spectrum,Septum / reconstructed MIDI,17619.54345703125,2.2961915486964165e-18
spectrum,Septum / reconstructed MIDI,17624.9267578125,2.3574343468886175e-18
spectrum,Septum / reconstructed MIDI,17630.31005859375,2.3616668232878983e-18
spectrum,Septum / reconstructed MIDI,17635.693359375,2.47535080436443e-18
spectrum,Septum / reconstructed MIDI,17641.07666015625,2.4716752273125505e-18
spectrum,Septum / reconstructed MIDI,17646.4599609375,2.5406807019632555e-18
spectrum,Septum / reconstructed MIDI,17651.84326171875,2.5320312878880947e-18
spectrum,Septum / reconstructed MIDI,17657.2265625,2.603474050213687e-18
spectrum,Septum / reconstructed MIDI,17662.60986328125,2.616871067414596e-18
spectrum,Septum / reconstructed MIDI,17667.9931640625,2.6719112517835682e-18
spectrum,Septum / reconstructed MIDI,17673.37646484375,2.7101466416230662e-18
spectrum,Septum / reconstructed MIDI,17678.759765625,2.7612783975977253e-18
spectrum,Septum / reconstructed MIDI,17684.14306640625,2.7190495865559744e-18
spectrum,Septum / reconstructed MIDI,17689.5263671875,2.7998097113013642e-18
spectrum,Septum / reconstructed MIDI,17694.90966796875,2.8137568036096208e-18
spectrum,Septum / reconstructed MIDI,17700.29296875,2.8925184599950824e-18
spectrum,Septum / reconstructed MIDI,17705.67626953125,2.8837627532112086e-18
spectrum,Septum / reconstructed MIDI,17711.0595703125,2.9578742069880503e-18
spectrum,Septum / reconstructed MIDI,17716.44287109375,2.9546500637554717e-18
spectrum,Septum / reconstructed MIDI,17721.826171875,3.0345174538247636e-18
spectrum,Septum / reconstructed MIDI,17727.20947265625,3.0081674086167338e-18
spectrum,Septum / reconstructed MIDI,17732.5927734375,3.094903499697513e-18
spectrum,Septum / reconstructed MIDI,17737.97607421875,3.1160524400089624e-18
spectrum,Septum / reconstructed MIDI,17743.359375,3.1339414615263405e-18
spectrum,Septum / reconstructed MIDI,17748.74267578125,3.153535095491037e-18
spectrum,Septum / reconstructed MIDI,17754.1259765625,3.1688637862174105e-18
spectrum,Septum / reconstructed MIDI,17759.50927734375,3.1972245006994036e-18
spectrum,Septum / reconstructed MIDI,17764.892578125,3.245531434882194e-18
spectrum,Septum / reconstructed MIDI,17770.27587890625,3.310054210998321e-18
spectrum,Septum / reconstructed MIDI,17775.6591796875,3.27188913151089e-18
spectrum,Septum / reconstructed MIDI,17781.04248046875,3.2874091077539163e-18
spectrum,Septum / reconstructed MIDI,17786.42578125,3.3032041215506163e-18
spectrum,Septum / reconstructed MIDI,17791.80908203125,3.3977779557304885e-18
spectrum,Septum / reconstructed MIDI,17797.1923828125,3.3924310602509457e-18
spectrum,Septum / reconstructed MIDI,17802.57568359375,3.4332104440643506e-18
spectrum,Septum / reconstructed MIDI,17807.958984375,3.40827115539103e-18
spectrum,Septum / reconstructed MIDI,17813.34228515625,3.475106108114396e-18
spectrum,Septum / reconstructed MIDI,17818.7255859375,3.441584406995531e-18
spectrum,Septum / reconstructed MIDI,17824.10888671875,3.599652624994974e-18
spectrum,Septum / reconstructed MIDI,17829.4921875,3.467980981113017e-18
spectrum,Septum / reconstructed MIDI,17834.87548828125,3.5532382800537045e-18
spectrum,Septum / reconstructed MIDI,17840.2587890625,3.64114772683339e-18
spectrum,Septum / reconstructed MIDI,17845.64208984375,3.549594135865102e-18
spectrum,Septum / reconstructed MIDI,17851.025390625,3.5926865234663584e-18
spectrum,Septum / reconstructed MIDI,17856.40869140625,3.612188547178215e-18
spectrum,Septum / reconstructed MIDI,17861.7919921875,3.618678192674e-18
spectrum,Septum / reconstructed MIDI,17867.17529296875,3.651820838277162e-18
spectrum,Septum / reconstructed MIDI,17872.55859375,3.558830020994563e-18
spectrum,Septum / reconstructed MIDI,17877.94189453125,3.792923375117989e-18
spectrum,Septum / reconstructed MIDI,17883.3251953125,3.6727712552415986e-18
spectrum,Septum / reconstructed MIDI,17888.70849609375,3.678714134352486e-18
spectrum,Septum / reconstructed MIDI,17894.091796875,3.592195178182502e-18
spectrum,Septum / reconstructed MIDI,17899.47509765625,3.679889558002924e-18
spectrum,Septum / reconstructed MIDI,17904.8583984375,3.605483007542554e-18
spectrum,Septum / reconstructed MIDI,17910.24169921875,3.660332113190026e-18
spectrum,Septum / reconstructed MIDI,17915.625,3.622907153555677e-18
spectrum,Septum / reconstructed MIDI,17921.00830078125,3.6928663674526556e-18
spectrum,Septum / reconstructed MIDI,17926.3916015625,3.6273503542160056e-18
spectrum,Septum / reconstructed MIDI,17931.77490234375,3.686686087505966e-18
spectrum,Septum / reconstructed MIDI,17937.158203125,3.688479001483674e-18
spectrum,Septum / reconstructed MIDI,17942.54150390625,3.743180868982112e-18
spectrum,Septum / reconstructed MIDI,17947.9248046875,3.6657712393078686e-18
spectrum,Septum / reconstructed MIDI,17953.30810546875,3.731849735361055e-18
spectrum,Septum / reconstructed MIDI,17958.69140625,3.6425378038527854e-18
spectrum,Septum / reconstructed MIDI,17964.07470703125,3.558254303288226e-18
spectrum,Septum / reconstructed MIDI,17969.4580078125,3.557923844633511e-18
spectrum,Septum / reconstructed MIDI,17974.84130859375,3.518741539787793e-18
spectrum,Septum / reconstructed MIDI,17980.224609375,3.623841040467249e-18
spectrum,Septum / reconstructed MIDI,17985.60791015625,3.632830839364476e-18
spectrum,Septum / reconstructed MIDI,17990.9912109375,3.628589057183304e-18
spectrum,Septum / reconstructed MIDI,17996.37451171875,3.488058515736057e-18
spectrum,Septum / reconstructed MIDI,18001.7578125,3.5805249005102975e-18
spectrum,Septum / reconstructed MIDI,18007.14111328125,3.439629158822609e-18
spectrum,Septum / reconstructed MIDI,18012.5244140625,3.55151484924745e-18
spectrum,Septum / reconstructed MIDI,18017.90771484375,3.4239999947387257e-18
spectrum,Septum / reconstructed MIDI,18023.291015625,3.495095754797352e-18
spectrum,Septum / reconstructed MIDI,18028.67431640625,3.3602998497417828e-18
spectrum,Septum / reconstructed MIDI,18034.0576171875,3.4255639864819104e-18
spectrum,Septum / reconstructed MIDI,18039.44091796875,3.3441094436122824e-18
spectrum,Septum / reconstructed MIDI,18044.82421875,3.4167139811082055e-18
spectrum,Septum / reconstructed MIDI,18050.20751953125,3.284119410457793e-18
spectrum,Septum / reconstructed MIDI,18055.5908203125,3.381961228442709e-18
spectrum,Septum / reconstructed MIDI,18060.97412109375,3.2626852996301657e-18
spectrum,Septum / reconstructed MIDI,18066.357421875,3.3233817450277755e-18
spectrum,Septum / reconstructed MIDI,18071.74072265625,3.1683929136537147e-18
spectrum,Septum / reconstructed MIDI,18077.1240234375,3.2451745064478775e-18
spectrum,Septum / reconstructed MIDI,18082.50732421875,3.1188619589594988e-18
spectrum,Septum / reconstructed MIDI,18087.890625,3.1840320039049485e-18
spectrum,Septum / reconstructed MIDI,18093.27392578125,3.0877934687423133e-18
spectrum,Septum / reconstructed MIDI,18098.6572265625,3.129163666308234e-18
spectrum,Septum / reconstructed MIDI,18104.04052734375,3.0459687354297946e-18
spectrum,Septum / reconstructed MIDI,18109.423828125,3.074371636123028e-18
spectrum,Septum / reconstructed MIDI,18114.80712890625,2.9826240713010963e-18
spectrum,Septum / reconstructed MIDI,18120.1904296875,2.9678034762659837e-18
spectrum,Septum / reconstructed MIDI,18125.57373046875,2.945315744133117e-18
spectrum,Septum / reconstructed MIDI,18130.95703125,2.8783627113773093e-18
spectrum,Septum / reconstructed MIDI,18136.34033203125,2.8895827960011317e-18
spectrum,Septum / reconstructed MIDI,18141.7236328125,2.8165582575491848e-18
spectrum,Septum / reconstructed MIDI,18147.10693359375,2.7560255939128605e-18
spectrum,Septum / reconstructed MIDI,18152.490234375,2.7368099814881005e-18
spectrum,Septum / reconstructed MIDI,18157.87353515625,2.759086782564766e-18
spectrum,Septum / reconstructed MIDI,18163.2568359375,2.6959327835672613e-18
spectrum,Septum / reconstructed MIDI,18168.64013671875,2.6518138648258267e-18
spectrum,Septum / reconstructed MIDI,18174.0234375,2.606571221222239e-18
spectrum,Septum / reconstructed MIDI,18179.40673828125,2.645418724715026e-18
spectrum,Septum / reconstructed MIDI,18184.7900390625,2.499680667721452e-18
spectrum,Septum / reconstructed MIDI,18190.17333984375,2.534225798053198e-18
spectrum,Septum / reconstructed MIDI,18195.556640625,2.4645945612690966e-18
spectrum,Septum / reconstructed MIDI,18200.93994140625,2.520275397022491e-18
spectrum,Septum / reconstructed MIDI,18206.3232421875,2.364079088749256e-18
spectrum,Septum / reconstructed MIDI,18211.70654296875,2.3681275174622437e-18
spectrum,Septum / reconstructed MIDI,18217.08984375,2.2953691243723856e-18
spectrum,Septum / reconstructed MIDI,18222.47314453125,2.344903801379358e-18
spectrum,Septum / reconstructed MIDI,18227.8564453125,2.20195809933861e-18
spectrum,Septum / reconstructed MIDI,18233.23974609375,2.2705783146190183e-18
spectrum,Septum / reconstructed MIDI,18238.623046875,2.1597954627458632e-18
spectrum,Septum / reconstructed MIDI,18244.00634765625,2.2059033372701815e-18
spectrum,Septum / reconstructed MIDI,18249.3896484375,2.111907702338484e-18
spectrum,Septum / reconstructed MIDI,18254.77294921875,2.1048200052598233e-18
spectrum,Septum / reconstructed MIDI,18260.15625,2.027277613097265e-18
spectrum,Septum / reconstructed MIDI,18265.53955078125,2.042232211391611e-18
spectrum,Septum / reconstructed MIDI,18270.9228515625,1.9194554474315902e-18
spectrum,Septum / reconstructed MIDI,18276.30615234375,1.973018494021696e-18
spectrum,Septum / reconstructed MIDI,18281.689453125,1.874921284022654e-18
spectrum,Septum / reconstructed MIDI,18287.07275390625,1.8988301124478868e-18
spectrum,Septum / reconstructed MIDI,18292.4560546875,1.844530668317456e-18
spectrum,Septum / reconstructed MIDI,18297.83935546875,1.9162025596727255e-18
spectrum,Septum / reconstructed MIDI,18303.22265625,1.7905608556611273e-18
spectrum,Septum / reconstructed MIDI,18308.60595703125,1.819189990251894e-18
spectrum,Septum / reconstructed MIDI,18313.9892578125,1.7226776583065036e-18
spectrum,Septum / reconstructed MIDI,18319.37255859375,1.7239812949518872e-18
spectrum,Septum / reconstructed MIDI,18324.755859375,1.6651372171385133e-18
spectrum,Septum / reconstructed MIDI,18330.13916015625,1.6672746518413504e-18
spectrum,Septum / reconstructed MIDI,18335.5224609375,1.6537081660124447e-18
spectrum,Septum / reconstructed MIDI,18340.90576171875,1.6327514417958372e-18
spectrum,Septum / reconstructed MIDI,18346.2890625,1.5728825906010867e-18
spectrum,Septum / reconstructed MIDI,18351.67236328125,1.5379972822424285e-18
spectrum,Septum / reconstructed MIDI,18357.0556640625,1.5123771205274001e-18
spectrum,Septum / reconstructed MIDI,18362.43896484375,1.5109070137837402e-18
spectrum,Septum / reconstructed MIDI,18367.822265625,1.4628388246052478e-18
spectrum,Septum / reconstructed MIDI,18373.20556640625,1.4337835886014399e-18
spectrum,Septum / reconstructed MIDI,18378.5888671875,1.4322224919903992e-18
spectrum,Septum / reconstructed MIDI,18383.97216796875,1.3988289004689037e-18
spectrum,Septum / reconstructed MIDI,18389.35546875,1.395146705972124e-18
spectrum,Septum / reconstructed MIDI,18394.73876953125,1.3962996923484463e-18
spectrum,Septum / reconstructed MIDI,18400.1220703125,1.3500803552365865e-18
spectrum,Septum / reconstructed MIDI,18405.50537109375,1.3276476306144546e-18
spectrum,Septum / reconstructed MIDI,18410.888671875,1.3164437794101536e-18
spectrum,Septum / reconstructed MIDI,18416.27197265625,1.302422034051614e-18
spectrum,Septum / reconstructed MIDI,18421.6552734375,1.279887359418985e-18
spectrum,Septum / reconstructed MIDI,18427.03857421875,1.2716009742351585e-18
spectrum,Septum / reconstructed MIDI,18432.421875,1.2776611061978752e-18
spectrum,Septum / reconstructed MIDI,18437.80517578125,1.24022487622768e-18
spectrum,Septum / reconstructed MIDI,18443.1884765625,1.2297582497443168e-18
spectrum,Septum / reconstructed MIDI,18448.57177734375,1.194296189703556e-18
spectrum,Septum / reconstructed MIDI,18453.955078125,1.1755860880306424e-18
spectrum,Septum / reconstructed MIDI,18459.33837890625,1.1534626255600289e-18
spectrum,Septum / reconstructed MIDI,18464.7216796875,1.1560612134543642e-18
spectrum,Septum / reconstructed MIDI,18470.10498046875,1.1444749980119105e-18
spectrum,Septum / reconstructed MIDI,18475.48828125,1.154278742631889e-18
spectrum,Septum / reconstructed MIDI,18480.87158203125,1.1258446158705318e-18
spectrum,Septum / reconstructed MIDI,18486.2548828125,1.1072835101054544e-18
spectrum,Septum / reconstructed MIDI,18491.63818359375,1.1028635738998539e-18
spectrum,Septum / reconstructed MIDI,18497.021484375,1.1042010215527756e-18
spectrum,Septum / reconstructed MIDI,18502.40478515625,1.0561261115318061e-18
spectrum,Septum / reconstructed MIDI,18507.7880859375,1.1232140781250366e-18
spectrum,Septum / reconstructed MIDI,18513.17138671875,1.0600329889624707e-18
spectrum,Septum / reconstructed MIDI,18518.5546875,1.0639018160849577e-18
spectrum,Septum / reconstructed MIDI,18523.93798828125,1.011046008918585e-18
spectrum,Septum / reconstructed MIDI,18529.3212890625,1.0353844542744624e-18
spectrum,Septum / reconstructed MIDI,18534.70458984375,1.0305797756864481e-18
spectrum,Septum / reconstructed MIDI,18540.087890625,1.0574977837825722e-18
spectrum,Septum / reconstructed MIDI,18545.47119140625,1.0018222213055827e-18
spectrum,Septum / reconstructed MIDI,18550.8544921875,1.0133136211703225e-18
spectrum,Septum / reconstructed MIDI,18556.23779296875,1.0398968279135157e-18
spectrum,Septum / reconstructed MIDI,18561.62109375,1.0503666597217525e-18
spectrum,Septum / reconstructed MIDI,18567.00439453125,1.0487137460627185e-18
spectrum,Septum / reconstructed MIDI,18572.3876953125,1.030052344648369e-18
spectrum,Septum / reconstructed MIDI,18577.77099609375,1.0145742444238533e-18
spectrum,Septum / reconstructed MIDI,18583.154296875,1.0164815161212475e-18
spectrum,Septum / reconstructed MIDI,18588.53759765625,1.0188849927885969e-18
spectrum,Septum / reconstructed MIDI,18593.9208984375,1.0444836478076988e-18
spectrum,Septum / reconstructed MIDI,18599.30419921875,1.0319666473809699e-18
spectrum,Septum / reconstructed MIDI,18604.6875,1.0241364523049663e-18
spectrum,Septum / reconstructed MIDI,18610.07080078125,1.0292651788979482e-18
spectrum,Septum / reconstructed MIDI,18615.4541015625,1.013138569073191e-18
spectrum,Septum / reconstructed MIDI,18620.83740234375,1.0116530560906223e-18
spectrum,Septum / reconstructed MIDI,18626.220703125,1.0068164276514482e-18
spectrum,Septum / reconstructed MIDI,18631.60400390625,1.0153526213802657e-18
spectrum,Septum / reconstructed MIDI,18636.9873046875,1.0212132994177805e-18
spectrum,Septum / reconstructed MIDI,18642.37060546875,1.0245738240538537e-18
spectrum,Septum / reconstructed MIDI,18647.75390625,1.0475175394993902e-18
spectrum,Septum / reconstructed MIDI,18653.13720703125,1.0398220714656563e-18
spectrum,Septum / reconstructed MIDI,18658.5205078125,1.0353631543736892e-18
spectrum,Septum / reconstructed MIDI,18663.90380859375,1.0408600797368337e-18
spectrum,Septum / reconstructed MIDI,18669.287109375,1.0380286405000647e-18
spectrum,Septum / reconstructed MIDI,18674.67041015625,1.0073380684252394e-18
spectrum,Septum / reconstructed MIDI,18680.0537109375,9.902132583962838e-19
spectrum,Septum / reconstructed MIDI,18685.43701171875,1.047677185357613e-18
spectrum,Septum / reconstructed MIDI,18690.8203125,1.0408680413502296e-18
spectrum,Septum / reconstructed MIDI,18696.20361328125,1.0829329672331184e-18
spectrum,Septum / reconstructed MIDI,18701.5869140625,1.0458338133625385e-18
spectrum,Septum / reconstructed MIDI,18706.97021484375,1.0862509954652217e-18
spectrum,Septum / reconstructed MIDI,18712.353515625,1.0717364572567537e-18
spectrum,Septum / reconstructed MIDI,18717.73681640625,1.043677560300766e-18
spectrum,Septum / reconstructed MIDI,18723.1201171875,1.0532816442003894e-18
spectrum,Septum / reconstructed MIDI,18728.50341796875,1.0898402355406659e-18
spectrum,Septum / reconstructed MIDI,18733.88671875,1.1021991410728207e-18
spectrum,Septum / reconstructed MIDI,18739.27001953125,1.0909314935637765e-18
spectrum,Septum / reconstructed MIDI,18744.6533203125,1.0781226017783928e-18
spectrum,Septum / reconstructed MIDI,18750.03662109375,1.0825760387988018e-18
spectrum,Septum / reconstructed MIDI,18755.419921875,1.1029795859807644e-18
spectrum,Septum / reconstructed MIDI,18760.80322265625,1.0844879633871415e-18
spectrum,Septum / reconstructed MIDI,18766.1865234375,1.0900006051819246e-18
spectrum,Septum / reconstructed MIDI,18771.56982421875,1.1186784400312552e-18
spectrum,Septum / reconstructed MIDI,18776.953125,1.100413878515778e-18
spectrum,Septum / reconstructed MIDI,18782.33642578125,1.1266231996220973e-18
spectrum,Septum / reconstructed MIDI,18787.7197265625,1.1288291869181997e-18
spectrum,Septum / reconstructed MIDI,18793.10302734375,1.1194368612553898e-18
spectrum,Septum / reconstructed MIDI,18798.486328125,1.136108686501396e-18
spectrum,Septum / reconstructed MIDI,18803.86962890625,1.1537595833999354e-18
spectrum,Septum / reconstructed MIDI,18809.2529296875,1.1379290008368955e-18
spectrum,Septum / reconstructed MIDI,18814.63623046875,1.147484384477955e-18
spectrum,Septum / reconstructed MIDI,18820.01953125,1.1256352357779793e-18
spectrum,Septum / reconstructed MIDI,18825.40283203125,1.1359594837984068e-18
spectrum,Septum / reconstructed MIDI,18830.7861328125,1.1555047276972691e-18
spectrum,Septum / reconstructed MIDI,18836.16943359375,1.1622846101904835e-18
spectrum,Septum / reconstructed MIDI,18841.552734375,1.1611926283843369e-18
spectrum,Septum / reconstructed MIDI,18846.93603515625,1.180861018796893e-18
spectrum,Septum / reconstructed MIDI,18852.3193359375,1.141036304807951e-18
spectrum,Septum / reconstructed MIDI,18857.70263671875,1.153903409428943e-18
spectrum,Septum / reconstructed MIDI,18863.0859375,1.1555164116234215e-18
spectrum,Septum / reconstructed MIDI,18868.46923828125,1.1706822511666984e-18
spectrum,Septum / reconstructed MIDI,18873.8525390625,1.1648086484321125e-18
spectrum,Septum / reconstructed MIDI,18879.23583984375,1.1586703479015096e-18
spectrum,Septum / reconstructed MIDI,18884.619140625,1.157837790614975e-18
spectrum,Septum / reconstructed MIDI,18890.00244140625,1.17830244576469e-18
spectrum,Septum / reconstructed MIDI,18895.3857421875,1.1690226166651873e-18
spectrum,Septum / reconstructed MIDI,18900.76904296875,1.167138919615251e-18
spectrum,Septum / reconstructed MIDI,18906.15234375,1.150777287098952e-18
spectrum,Septum / reconstructed MIDI,18911.53564453125,1.183244953322271e-18
spectrum,Septum / reconstructed MIDI,18916.9189453125,1.2014412724372124e-18
spectrum,Septum / reconstructed MIDI,18922.30224609375,1.2032636547242433e-18
spectrum,Septum / reconstructed MIDI,18927.685546875,1.1858323742783368e-18
spectrum,Septum / reconstructed MIDI,18933.06884765625,1.1617516990808462e-18
spectrum,Septum / reconstructed MIDI,18938.4521484375,1.1613071928991755e-18
spectrum,Septum / reconstructed MIDI,18943.83544921875,1.1814944323509556e-18
spectrum,Septum / reconstructed MIDI,18949.21875,1.1597228318334067e-18
spectrum,Septum / reconstructed MIDI,18954.60205078125,1.1736955667406525e-18
spectrum,Septum / reconstructed MIDI,18959.9853515625,1.1853038058669154e-18
spectrum,Septum / reconstructed MIDI,18965.36865234375,1.2014262797886099e-18
spectrum,Septum / reconstructed MIDI,18970.751953125,1.1874374148594194e-18
spectrum,Septum / reconstructed MIDI,18976.13525390625,1.1769550719444177e-18
spectrum,Septum / reconstructed MIDI,18981.5185546875,1.1756443008662508e-18
spectrum,Septum / reconstructed MIDI,18986.90185546875,1.1659067306952766e-18
spectrum,Septum / reconstructed MIDI,18992.28515625,1.1703172577214093e-18
spectrum,Septum / reconstructed MIDI,18997.66845703125,1.1495146992914664e-18
spectrum,Septum / reconstructed MIDI,19003.0517578125,1.1565976400816048e-18
spectrum,Septum / reconstructed MIDI,19008.43505859375,1.1359012709627984e-18
spectrum,Septum / reconstructed MIDI,19013.818359375,1.1378519696423515e-18
spectrum,Septum / reconstructed MIDI,19019.20166015625,1.1298099129319579e-18
spectrum,Septum / reconstructed MIDI,19024.5849609375,1.191319787064437e-18
spectrum,Septum / reconstructed MIDI,19029.96826171875,1.1226197488549173e-18
spectrum,Septum / reconstructed MIDI,19035.3515625,1.170745220290829e-18
spectrum,Septum / reconstructed MIDI,19040.73486328125,1.1315626052523812e-18
spectrum,Septum / reconstructed MIDI,19046.1181640625,1.1463259180300745e-18
spectrum,Septum / reconstructed MIDI,19051.50146484375,1.1242112443534693e-18
spectrum,Septum / reconstructed MIDI,19056.884765625,1.1418312253766145e-18
spectrum,Septum / reconstructed MIDI,19062.26806640625,1.125030566750203e-18
spectrum,Septum / reconstructed MIDI,19067.6513671875,1.1523541001416312e-18
spectrum,Septum / reconstructed MIDI,19073.03466796875,1.1133306139735233e-18
spectrum,Septum / reconstructed MIDI,19078.41796875,1.1188316752397307e-18
spectrum,Septum / reconstructed MIDI,19083.80126953125,1.143582676926119e-18
spectrum,Septum / reconstructed MIDI,19089.1845703125,1.1166526747111128e-18
spectrum,Septum / reconstructed MIDI,19094.56787109375,1.1124919562299711e-18
spectrum,Septum / reconstructed MIDI,19099.951171875,1.1212018578874248e-18
spectrum,Septum / reconstructed MIDI,19105.33447265625,1.0939240262248402e-18
spectrum,Septum / reconstructed MIDI,19110.7177734375,1.0831818451999203e-18
spectrum,Septum / reconstructed MIDI,19116.10107421875,1.087146004888004e-18
spectrum,Septum / reconstructed MIDI,19121.484375,1.0985974932881882e-18
spectrum,Septum / reconstructed MIDI,19126.86767578125,1.0780102086126622e-18
spectrum,Septum / reconstructed MIDI,19132.2509765625,1.0846463684744454e-18
spectrum,Septum / reconstructed MIDI,19137.63427734375,1.0653513467108803e-18
spectrum,Septum / reconstructed MIDI,19143.017578125,1.0491452241497414e-18
spectrum,Septum / reconstructed MIDI,19148.40087890625,1.0422246175548165e-18
spectrum,Septum / reconstructed MIDI,19153.7841796875,1.066050210930911e-18
spectrum,Septum / reconstructed MIDI,19159.16748046875,1.0952910455846606e-18
spectrum,Septum / reconstructed MIDI,19164.55078125,1.0561312814106346e-18
spectrum,Septum / reconstructed MIDI,19169.93408203125,1.0467792808026866e-18
spectrum,Septum / reconstructed MIDI,19175.3173828125,1.0255827776060153e-18
spectrum,Septum / reconstructed MIDI,19180.70068359375,1.0585052897686618e-18
spectrum,Septum / reconstructed MIDI,19186.083984375,1.0368193024445122e-18
spectrum,Septum / reconstructed MIDI,19191.46728515625,1.0406738607014327e-18
spectrum,Septum / reconstructed MIDI,19196.8505859375,1.0154679096781403e-18
spectrum,Septum / reconstructed MIDI,19202.23388671875,1.0473711285309683e-18
spectrum,Septum / reconstructed MIDI,19207.6171875,1.0152701101141636e-18
spectrum,Septum / reconstructed MIDI,19213.00048828125,1.052667876185875e-18
spectrum,Septum / reconstructed MIDI,19218.3837890625,1.0836967651312345e-18
spectrum,Septum / reconstructed MIDI,19223.76708984375,1.0603730635918065e-18
spectrum,Septum / reconstructed MIDI,19229.150390625,1.0047740153214782e-18
spectrum,Septum / reconstructed MIDI,19234.53369140625,1.0107128619268792e-18
spectrum,Septum / reconstructed MIDI,19239.9169921875,1.0188153028219893e-18
spectrum,Septum / reconstructed MIDI,19245.30029296875,9.935478302406382e-19
spectrum,Septum / reconstructed MIDI,19250.68359375,9.806929265336813e-19
spectrum,Septum / reconstructed MIDI,19256.06689453125,9.337805154660786e-19
spectrum,Septum / reconstructed MIDI,19261.4501953125,9.668836631949914e-19
spectrum,Septum / reconstructed MIDI,19266.83349609375,9.51806021784528e-19
spectrum,Septum / reconstructed MIDI,19272.216796875,9.193266716350567e-19
spectrum,Septum / reconstructed MIDI,19277.60009765625,9.857263205610665e-19
spectrum,Septum / reconstructed MIDI,19282.9833984375,9.290363244603573e-19
spectrum,Septum / reconstructed MIDI,19288.36669921875,9.499045403514216e-19
spectrum,Septum / reconstructed MIDI,19293.75,9.276349771051159e-19
spectrum,Septum / reconstructed MIDI,19299.13330078125,9.260852542274978e-19
spectrum,Septum / reconstructed MIDI,19304.5166015625,9.157336058492795e-19
spectrum,Septum / reconstructed MIDI,19309.89990234375,9.333657877864598e-19
spectrum,Septum / reconstructed MIDI,19315.283203125,9.261983711762644e-19
spectrum,Septum / reconstructed MIDI,19320.66650390625,9.428685420610456e-19
spectrum,Septum / reconstructed MIDI,19326.0498046875,9.588898931528555e-19
spectrum,Septum / reconstructed MIDI,19331.43310546875,1.0053707227358586e-18
spectrum,Septum / reconstructed MIDI,19336.81640625,9.949173311422963e-19
spectrum,Septum / reconstructed MIDI,19342.19970703125,9.219148163741586e-19
spectrum,Septum / reconstructed MIDI,19347.5830078125,9.31974159803416e-19
spectrum,Septum / reconstructed MIDI,19352.96630859375,9.162419083356933e-19
spectrum,Septum / reconstructed MIDI,19358.349609375,8.708950399749238e-19
spectrum,Septum / reconstructed MIDI,19363.73291015625,8.934091384898155e-19
spectrum,Septum / reconstructed MIDI,19369.1162109375,8.747046202860368e-19
spectrum,Septum / reconstructed MIDI,19374.49951171875,8.892499709723224e-19
spectrum,Septum / reconstructed MIDI,19379.8828125,8.844680398511533e-19
spectrum,Septum / reconstructed MIDI,19385.26611328125,8.398411805148229e-19
spectrum,Septum / reconstructed MIDI,19390.6494140625,8.710481717858227e-19
spectrum,Septum / reconstructed MIDI,19396.03271484375,8.570724900476447e-19
spectrum,Septum / reconstructed MIDI,19401.416015625,8.46553802884479e-19
spectrum,Septum / reconstructed MIDI,19406.79931640625,8.2628141552839425e-19
spectrum,Septum / reconstructed MIDI,19412.1826171875,8.5925143887747425e-19
spectrum,Septum / reconstructed MIDI,19417.56591796875,8.252887987933306e-19
spectrum,Septum / reconstructed MIDI,19422.94921875,8.470800448504276e-19
spectrum,Septum / reconstructed MIDI,19428.33251953125,7.877635435097094e-19
spectrum,Septum / reconstructed MIDI,19433.7158203125,8.103618593507167e-19
spectrum,Septum / reconstructed MIDI,19439.09912109375,7.962102983347946e-19
spectrum,Septum / reconstructed MIDI,19444.482421875,8.128295459131155e-19
spectrum,Septum / reconstructed MIDI,19449.86572265625,7.930501582021123e-19
spectrum,Septum / reconstructed MIDI,19455.2490234375,7.954470691233496e-19
spectrum,Septum / reconstructed MIDI,19460.63232421875,7.772315180591662e-19
spectrum,Septum / reconstructed MIDI,19466.015625,8.082116033483851e-19
spectrum,Septum / reconstructed MIDI,19471.39892578125,7.763079709052508e-19
spectrum,Septum / reconstructed MIDI,19476.7822265625,7.864497222030337e-19
spectrum,Septum / reconstructed MIDI,19482.16552734375,7.84126482055102e-19
spectrum,Septum / reconstructed MIDI,19487.548828125,7.925424761011579e-19
spectrum,Septum / reconstructed MIDI,19492.93212890625,7.521781301601016e-19
spectrum,Septum / reconstructed MIDI,19498.3154296875,7.759389449544756e-19
spectrum,Septum / reconstructed MIDI,19503.69873046875,7.522754789784414e-19
spectrum,Septum / reconstructed MIDI,19509.08203125,7.823220909463941e-19
spectrum,Septum / reconstructed MIDI,19514.46533203125,7.537134807745765e-19
spectrum,Septum / reconstructed MIDI,19519.8486328125,7.550782253877125e-19
spectrum,Septum / reconstructed MIDI,19525.23193359375,7.282458821837759e-19
spectrum,Septum / reconstructed MIDI,19530.615234375,7.417137784234229e-19
spectrum,Septum / reconstructed MIDI,19535.99853515625,7.206230509475818e-19
spectrum,Septum / reconstructed MIDI,19541.3818359375,7.21533466609273e-19
spectrum,Septum / reconstructed MIDI,19546.76513671875,7.093271242013459e-19
spectrum,Septum / reconstructed MIDI,19552.1484375,7.063225457226119e-19
spectrum,Septum / reconstructed MIDI,19557.53173828125,7.01959581581701e-19
spectrum,Septum / reconstructed MIDI,19562.9150390625,7.130125757217877e-19
spectrum,Septum / reconstructed MIDI,19568.29833984375,6.694567084835603e-19
spectrum,Septum / reconstructed MIDI,19573.681640625,6.697955940407656e-19
spectrum,Septum / reconstructed MIDI,19579.06494140625,6.885033692682063e-19
spectrum,Septum / reconstructed MIDI,19584.4482421875,7.008186410230489e-19
spectrum,Septum / reconstructed MIDI,19589.83154296875,6.969427311665669e-19
spectrum,Septum / reconstructed MIDI,19595.21484375,6.873797478036296e-19
spectrum,Septum / reconstructed MIDI,19600.59814453125,6.83001584218963e-19
spectrum,Septum / reconstructed MIDI,19605.9814453125,6.779314323531075e-19
spectrum,Septum / reconstructed MIDI,19611.36474609375,6.612915569582611e-19
spectrum,Septum / reconstructed MIDI,19616.748046875,6.341562071561887e-19
spectrum,Septum / reconstructed MIDI,19622.13134765625,6.56559773661728e-19
spectrum,Septum / reconstructed MIDI,19627.5146484375,6.246799743599929e-19
spectrum,Septum / reconstructed MIDI,19632.89794921875,6.423879467207984e-19
spectrum,Septum / reconstructed MIDI,19638.28125,6.119508538049324e-19
spectrum,Septum / reconstructed MIDI,19643.66455078125,6.344375519620333e-19
spectrum,Septum / reconstructed MIDI,19649.0478515625,6.0120345120239575e-19
spectrum,Septum / reconstructed MIDI,19654.43115234375,6.176940204966763e-19
spectrum,Septum / reconstructed MIDI,19659.814453125,5.82021856580327e-19
spectrum,Septum / reconstructed MIDI,19665.19775390625,6.03631071203874e-19
spectrum,Septum / reconstructed MIDI,19670.5810546875,5.816224317420405e-19
spectrum,Septum / reconstructed MIDI,19675.96435546875,6.222950058588494e-19
spectrum,Septum / reconstructed MIDI,19681.34765625,5.875229178465344e-19
spectrum,Septum / reconstructed MIDI,19686.73095703125,5.74010250456233e-19
spectrum,Septum / reconstructed MIDI,19692.1142578125,5.679686783585105e-19
spectrum,Septum / reconstructed MIDI,19697.49755859375,5.639095996951362e-19
spectrum,Septum / reconstructed MIDI,19702.880859375,5.294904076116516e-19
spectrum,Septum / reconstructed MIDI,19708.26416015625,5.391031252089186e-19
spectrum,Septum / reconstructed MIDI,19713.6474609375,5.621892708161791e-19
spectrum,Septum / reconstructed MIDI,19719.03076171875,5.476030780871487e-19
spectrum,Septum / reconstructed MIDI,19724.4140625,5.384187366496076e-19
spectrum,Septum / reconstructed MIDI,19729.79736328125,5.369400479070925e-19
spectrum,Septum / reconstructed MIDI,19735.1806640625,5.382603832610919e-19
spectrum,Septum / reconstructed MIDI,19740.56396484375,5.11265912657095e-19
spectrum,Septum / reconstructed MIDI,19745.947265625,5.027233082785302e-19
spectrum,Septum / reconstructed MIDI,19751.33056640625,5.138290351826671e-19
spectrum,Septum / reconstructed MIDI,19756.7138671875,4.959357226658615e-19
spectrum,Septum / reconstructed MIDI,19762.09716796875,5.32767387005857e-19
spectrum,Septum / reconstructed MIDI,19767.48046875,4.821833796930728e-19
spectrum,Septum / reconstructed MIDI,19772.86376953125,4.802482423487933e-19
spectrum,Septum / reconstructed MIDI,19778.2470703125,4.91982161229376e-19
spectrum,Septum / reconstructed MIDI,19783.63037109375,4.759340301652347e-19
spectrum,Septum / reconstructed MIDI,19789.013671875,4.805023935920002e-19
spectrum,Septum / reconstructed MIDI,19794.39697265625,4.661401083150303e-19
spectrum,Septum / reconstructed MIDI,19799.7802734375,4.514041441963395e-19
spectrum,Septum / reconstructed MIDI,19805.16357421875,4.464220353669326e-19
spectrum,Septum / reconstructed MIDI,19810.546875,4.463815035169175e-19
spectrum,Septum / reconstructed MIDI,19815.93017578125,4.374300134218101e-19
spectrum,Septum / reconstructed MIDI,19821.3134765625,4.2590942959108365e-19
spectrum,Septum / reconstructed MIDI,19826.69677734375,4.2940294936001894e-19
spectrum,Septum / reconstructed MIDI,19832.080078125,4.3085082562471644e-19
spectrum,Septum / reconstructed MIDI,19837.46337890625,4.203562042474972e-19
spectrum,Septum / reconstructed MIDI,19842.8466796875,4.286609166517706e-19
spectrum,Septum / reconstructed MIDI,19848.22998046875,4.245874657252532e-19
spectrum,Septum / reconstructed MIDI,19853.61328125,4.21276907968057e-19
spectrum,Septum / reconstructed MIDI,19858.99658203125,4.238294580914249e-19
spectrum,Septum / reconstructed MIDI,19864.3798828125,4.0425609005173577e-19
spectrum,Septum / reconstructed MIDI,19869.76318359375,3.9465004159815746e-19
spectrum,Septum / reconstructed MIDI,19875.146484375,3.9965140822620034e-19
spectrum,Septum / reconstructed MIDI,19880.52978515625,3.925206719062928e-19
spectrum,Septum / reconstructed MIDI,19885.9130859375,3.976376887237283e-19
spectrum,Septum / reconstructed MIDI,19891.29638671875,3.820910617553414e-19
spectrum,Septum / reconstructed MIDI,19896.6796875,3.8178681438628674e-19
spectrum,Septum / reconstructed MIDI,19902.06298828125,3.63717260700219e-19
spectrum,Septum / reconstructed MIDI,19907.4462890625,3.863055728256932e-19
spectrum,Septum / reconstructed MIDI,19912.82958984375,3.7210962840002887e-19
spectrum,Septum / reconstructed MIDI,19918.212890625,3.7318131843177375e-19
spectrum,Septum / reconstructed MIDI,19923.59619140625,3.698722082406495e-19
spectrum,Septum / reconstructed MIDI,19928.9794921875,3.771095474619998e-19
spectrum,Septum / reconstructed MIDI,19934.36279296875,3.8080962973952605e-19
spectrum,Septum / reconstructed MIDI,19939.74609375,3.7112807520565814e-19
spectrum,Septum / reconstructed MIDI,19945.12939453125,3.810545527490242e-19
spectrum,Septum / reconstructed MIDI,19950.5126953125,3.631035960832812e-19
spectrum,Septum / reconstructed MIDI,19955.89599609375,3.5358889938860173e-19
spectrum,Septum / reconstructed MIDI,19961.279296875,3.433528236515936e-19
spectrum,Septum / reconstructed MIDI,19966.66259765625,3.374521566013407e-19
spectrum,Septum / reconstructed MIDI,19972.0458984375,3.413513309125508e-19
spectrum,Septum / reconstructed MIDI,19977.42919921875,3.358950924957862e-19
spectrum,Septum / reconstructed MIDI,19982.8125,3.412566962805959e-19
spectrum,Septum / reconstructed MIDI,19988.19580078125,3.4058233728621207e-19
spectrum,Septum / reconstructed MIDI,19993.5791015625,3.315172391038493e-19
spectrum,Septum / reconstructed MIDI,19998.96240234375,3.383823212001566e-19
spectrum,Septum / reconstructed MIDI,20004.345703125,3.2129155482328634e-19
spectrum,Septum / reconstructed MIDI,20009.72900390625,3.3473398940970316e-19
spectrum,Septum / reconstructed MIDI,20015.1123046875,3.239231006951531e-19
spectrum,Septum / reconstructed MIDI,20020.49560546875,3.6405720608258415e-19
spectrum,Septum / reconstructed MIDI,20025.87890625,3.603250447069273e-19
spectrum,Septum / reconstructed MIDI,20031.26220703125,3.58611591766812e-19
spectrum,Septum / reconstructed MIDI,20036.6455078125,3.2502676642745196e-19
spectrum,Septum / reconstructed MIDI,20042.02880859375,3.389763144281521e-19
spectrum,Septum / reconstructed MIDI,20047.412109375,3.3228667216988846e-19
spectrum,Septum / reconstructed MIDI,20052.79541015625,3.482886879148799e-19
spectrum,Septum / reconstructed MIDI,20058.1787109375,3.4935771545902814e-19
spectrum,Septum / reconstructed MIDI,20063.56201171875,3.2257712274216445e-19
spectrum,Septum / reconstructed MIDI,20068.9453125,3.1574662713521954e-19
spectrum,Septum / reconstructed MIDI,20074.32861328125,3.1686895613008915e-19
spectrum,Septum / reconstructed MIDI,20079.7119140625,3.39743886337813e-19
spectrum,Septum / reconstructed MIDI,20085.09521484375,3.4455497557557455e-19
spectrum,Septum / reconstructed MIDI,20090.478515625,3.3402217464320714e-19
spectrum,Septum / reconstructed MIDI,20095.86181640625,3.4242775138342373e-19
spectrum,Septum / reconstructed MIDI,20101.2451171875,3.3690575210796114e-19
spectrum,Septum / reconstructed MIDI,20106.62841796875,3.4494227704800836e-19
spectrum,Septum / reconstructed MIDI,20112.01171875,3.296691108202527e-19
spectrum,Septum / reconstructed MIDI,20117.39501953125,3.4384194588755384e-19
spectrum,Septum / reconstructed MIDI,20122.7783203125,3.285332108934584e-19
spectrum,Septum / reconstructed MIDI,20128.16162109375,3.4432669957590406e-19
spectrum,Septum / reconstructed MIDI,20133.544921875,3.47855581316026e-19
spectrum,Septum / reconstructed MIDI,20138.92822265625,3.5440654157471626e-19
spectrum,Septum / reconstructed MIDI,20144.3115234375,3.415692154557761e-19
spectrum,Septum / reconstructed MIDI,20149.69482421875,3.470793498593274e-19
spectrum,Septum / reconstructed MIDI,20155.078125,3.515882338301715e-19
spectrum,Septum / reconstructed MIDI,20160.46142578125,3.625998430902364e-19
spectrum,Septum / reconstructed MIDI,20165.8447265625,3.517083559647507e-19
spectrum,Septum / reconstructed MIDI,20171.22802734375,3.641496693654311e-19
spectrum,Septum / reconstructed MIDI,20176.611328125,3.5261698801824607e-19
spectrum,Septum / reconstructed MIDI,20181.99462890625,3.496442301437012e-19
spectrum,Septum / reconstructed MIDI,20187.3779296875,3.520197119171945e-19
spectrum,Septum / reconstructed MIDI,20192.76123046875,3.849874863689841e-19
spectrum,Septum / reconstructed MIDI,20198.14453125,3.826384743750925e-19
spectrum,Septum / reconstructed MIDI,20203.52783203125,3.53846204257894e-19
spectrum,Septum / reconstructed MIDI,20208.9111328125,3.6612993975188304e-19
spectrum,Septum / reconstructed MIDI,20214.29443359375,3.718747091060638e-19
spectrum,Septum / reconstructed MIDI,20219.677734375,3.6735344327542553e-19
spectrum,Septum / reconstructed MIDI,20225.06103515625,3.7120482205686657e-19
spectrum,Septum / reconstructed MIDI,20230.4443359375,3.6739397512544063e-19
spectrum,Septum / reconstructed MIDI,20235.82763671875,3.8759163188306004e-19
spectrum,Septum / reconstructed MIDI,20241.2109375,3.7105729956449657e-19
spectrum,Septum / reconstructed MIDI,20246.59423828125,3.773347732331615e-19
spectrum,Septum / reconstructed MIDI,20251.9775390625,3.6839093455872017e-19
spectrum,Septum / reconstructed MIDI,20257.36083984375,3.748559714312815e-19
spectrum,Septum / reconstructed MIDI,20262.744140625,3.8145632988217767e-19
spectrum,Septum / reconstructed MIDI,20268.12744140625,3.981025642279831e-19
spectrum,Septum / reconstructed MIDI,20273.5107421875,3.9054962975354967e-19
spectrum,Septum / reconstructed MIDI,20278.89404296875,3.9434429496424254e-19
spectrum,Septum / reconstructed MIDI,20284.27734375,3.8532071090887228e-19
spectrum,Septum / reconstructed MIDI,20289.66064453125,3.9871837434463467e-19
spectrum,Septum / reconstructed MIDI,20295.0439453125,3.873633300339954e-19
spectrum,Septum / reconstructed MIDI,20300.42724609375,3.982407550890677e-19
spectrum,Septum / reconstructed MIDI,20305.810546875,4.003817570082964e-19
spectrum,Septum / reconstructed MIDI,20311.19384765625,4.0337082585054503e-19
spectrum,Septum / reconstructed MIDI,20316.5771484375,4.04387301576402e-19
spectrum,Septum / reconstructed MIDI,20321.96044921875,4.102016574996138e-19
spectrum,Septum / reconstructed MIDI,20327.34375,3.957491578370873e-19
spectrum,Septum / reconstructed MIDI,20332.72705078125,4.041149006609306e-19
spectrum,Septum / reconstructed MIDI,20338.1103515625,4.040558347953155e-19
spectrum,Septum / reconstructed MIDI,20343.49365234375,4.3127382511046075e-19
spectrum,Septum / reconstructed MIDI,20348.876953125,4.206000932812296e-19
spectrum,Septum / reconstructed MIDI,20354.26025390625,4.1378502976258765e-19
spectrum,Septum / reconstructed MIDI,20359.6435546875,4.1234064316609935e-19
spectrum,Septum / reconstructed MIDI,20365.02685546875,4.3079928193279673e-19
spectrum,Septum / reconstructed MIDI,20370.41015625,4.0413651075443357e-19
spectrum,Septum / reconstructed MIDI,20375.79345703125,4.083285328518816e-19
spectrum,Septum / reconstructed MIDI,20381.1767578125,4.2072861646890504e-19
spectrum,Septum / reconstructed MIDI,20386.56005859375,4.1058536590626183e-19
spectrum,Septum / reconstructed MIDI,20391.943359375,4.2968718929800747e-19
spectrum,Septum / reconstructed MIDI,20397.32666015625,3.9227088921069595e-19
spectrum,Septum / reconstructed MIDI,20402.7099609375,4.041926556385106e-19
spectrum,Septum / reconstructed MIDI,20408.09326171875,3.95093798147398e-19
spectrum,Septum / reconstructed MIDI,20413.4765625,4.139939704154397e-19
spectrum,Septum / reconstructed MIDI,20418.85986328125,4.1773243904326727e-19
spectrum,Septum / reconstructed MIDI,20424.2431640625,4.2222759698582184e-19
spectrum,Septum / reconstructed MIDI,20429.62646484375,4.0684234778506523e-19
spectrum,Septum / reconstructed MIDI,20435.009765625,4.118728725297006e-19
spectrum,Septum / reconstructed MIDI,20440.39306640625,4.0494952589899663e-19
spectrum,Septum / reconstructed MIDI,20445.7763671875,4.049159992347941e-19
spectrum,Septum / reconstructed MIDI,20451.15966796875,4.158105365887886e-19
spectrum,Septum / reconstructed MIDI,20456.54296875,4.211554933637707e-19
spectrum,Septum / reconstructed MIDI,20461.92626953125,4.144897100963004e-19
spectrum,Septum / reconstructed MIDI,20467.3095703125,4.128659545538588e-19
spectrum,Septum / reconstructed MIDI,20472.69287109375,3.960753254923746e-19
spectrum,Septum / reconstructed MIDI,20478.076171875,4.0631574392759866e-19
spectrum,Septum / reconstructed MIDI,20483.45947265625,4.019096112984701e-19
spectrum,Septum / reconstructed MIDI,20488.8427734375,4.0877624435842593e-19
spectrum,Septum / reconstructed MIDI,20494.22607421875,3.9695991760931764e-19
spectrum,Septum / reconstructed MIDI,20499.609375,4.002675543849758e-19
spectrum,Septum / reconstructed MIDI,20504.99267578125,3.875145748391219e-19
spectrum,Septum / reconstructed MIDI,20510.3759765625,3.9888861845445574e-19
spectrum,Septum / reconstructed MIDI,20515.75927734375,3.8997822889603452e-19
spectrum,Septum / reconstructed MIDI,20521.142578125,3.831148270103465e-19
spectrum,Septum / reconstructed MIDI,20526.52587890625,3.9425247791624916e-19
spectrum,Septum / reconstructed MIDI,20531.9091796875,3.940643201762875e-19
spectrum,Septum / reconstructed MIDI,20537.29248046875,4.0993587402904285e-19
spectrum,Septum / reconstructed MIDI,20542.67578125,3.7536977983864764e-19
spectrum,Septum / reconstructed MIDI,20548.05908203125,3.8153310258278025e-19
spectrum,Septum / reconstructed MIDI,20553.4423828125,3.699322305338479e-19
spectrum,Septum / reconstructed MIDI,20558.82568359375,3.621350709835582e-19
spectrum,Septum / reconstructed MIDI,20564.208984375,3.630040500664393e-19
spectrum,Septum / reconstructed MIDI,20569.59228515625,3.634394572613719e-19
spectrum,Septum / reconstructed MIDI,20574.9755859375,3.5861234139924213e-19
spectrum,Septum / reconstructed MIDI,20580.35888671875,3.687473718545481e-19
spectrum,Septum / reconstructed MIDI,20585.7421875,3.4394392174744514e-19
spectrum,Septum / reconstructed MIDI,20591.12548828125,3.4797415248695663e-19
spectrum,Septum / reconstructed MIDI,20596.5087890625,3.327100076977566e-19
spectrum,Septum / reconstructed MIDI,20601.89208984375,3.098294681715039e-19
spectrum,Septum / reconstructed MIDI,20607.275390625,3.4417075018104367e-19
spectrum,Septum / reconstructed MIDI,20612.65869140625,3.398560727083905e-19
spectrum,Septum / reconstructed MIDI,20618.0419921875,3.360478624151671e-19
spectrum,Septum / reconstructed MIDI,20623.42529296875,3.302123099887586e-19
spectrum,Septum / reconstructed MIDI,20628.80859375,3.2644938783407246e-19
spectrum,Septum / reconstructed MIDI,20634.19189453125,3.630795044479406e-19
spectrum,Septum / reconstructed MIDI,20639.5751953125,3.08147344697089e-19
spectrum,Septum / reconstructed MIDI,20644.95849609375,3.294319167796031e-19
spectrum,Septum / reconstructed MIDI,20650.341796875,3.0096266069160656e-19
spectrum,Septum / reconstructed MIDI,20655.72509765625,3.0657365943110103e-19
spectrum,Septum / reconstructed MIDI,20661.1083984375,2.9080022987850977e-19
spectrum,Septum / reconstructed MIDI,20666.49169921875,2.8735815040391763e-19
spectrum,Septum / reconstructed MIDI,20671.875,2.80785140612024e-19
spectrum,Septum / reconstructed MIDI,20677.25830078125,2.7083831959546797e-19
spectrum,Septum / reconstructed MIDI,20682.6416015625,2.7182809289717595e-19
spectrum,Septum / reconstructed MIDI,20688.02490234375,2.7292981992491416e-19
spectrum,Septum / reconstructed MIDI,20693.408203125,2.5440464481769454e-19
spectrum,Septum / reconstructed MIDI,20698.79150390625,2.5498550655346577e-19
spectrum,Septum / reconstructed MIDI,20704.1748046875,2.519027595068455e-19
spectrum,Septum / reconstructed MIDI,20709.55810546875,3.090723652664706e-19
spectrum,Septum / reconstructed MIDI,20714.94140625,2.6613654744553414e-19
spectrum,Septum / reconstructed MIDI,20720.32470703125,2.7668586614075846e-19
spectrum,Septum / reconstructed MIDI,20725.7080078125,2.3427872012881997e-19
spectrum,Septum / reconstructed MIDI,20731.09130859375,2.3563157402065044e-19
spectrum,Septum / reconstructed MIDI,20736.474609375,2.2445925907720298e-19
spectrum,Septum / reconstructed MIDI,20741.85791015625,2.1286792545470911e-19
spectrum,Septum / reconstructed MIDI,20747.2412109375,2.3263979099201685e-19
spectrum,Septum / reconstructed MIDI,20752.62451171875,2.287180243103264e-19
spectrum,Septum / reconstructed MIDI,20758.0078125,2.1271478071911316e-19
spectrum,Septum / reconstructed MIDI,20763.39111328125,2.1675389072551253e-19
spectrum,Septum / reconstructed MIDI,20768.7744140625,1.9874855985919127e-19
spectrum,Septum / reconstructed MIDI,20774.15771484375,2.0210408263749799e-19
spectrum,Septum / reconstructed MIDI,20779.541015625,1.969993959810684e-19
spectrum,Septum / reconstructed MIDI,20784.92431640625,1.908822402548739e-19
spectrum,Septum / reconstructed MIDI,20790.3076171875,1.9937310707106295e-19
spectrum,Septum / reconstructed MIDI,20795.69091796875,1.8793304410308973e-19
spectrum,Septum / reconstructed MIDI,20801.07421875,1.875163647942132e-19
spectrum,Septum / reconstructed MIDI,20806.45751953125,1.794753549842823e-19
spectrum,Septum / reconstructed MIDI,20811.8408203125,1.6940179438824667e-19
spectrum,Septum / reconstructed MIDI,20817.22412109375,1.5515625789992036e-19
spectrum,Septum / reconstructed MIDI,20822.607421875,1.570079017011203e-19
spectrum,Septum / reconstructed MIDI,20827.99072265625,1.5488471001445568e-19
spectrum,Septum / reconstructed MIDI,20833.3740234375,1.5413004987716883e-19
spectrum,Septum / reconstructed MIDI,20838.75732421875,1.4180030246160654e-19
spectrum,Septum / reconstructed MIDI,20844.140625,1.4556260423083327e-19
spectrum,Septum / reconstructed MIDI,20849.52392578125,1.3943709915033082e-19
spectrum,Septum / reconstructed MIDI,20854.9072265625,1.454040052730733e-19
spectrum,Septum / reconstructed MIDI,20860.29052734375,1.312204427072031e-19
spectrum,Septum / reconstructed MIDI,20865.673828125,1.296043515101247e-19
spectrum,Septum / reconstructed MIDI,20871.05712890625,1.2622292763888742e-19
spectrum,Septum / reconstructed MIDI,20876.4404296875,1.2395101146302517e-19
spectrum,Septum / reconstructed MIDI,20881.82373046875,1.2251251852840131e-19
spectrum,Septum / reconstructed MIDI,20887.20703125,1.2165287107680558e-19
spectrum,Septum / reconstructed MIDI,20892.59033203125,1.230853798766855e-19
spectrum,Septum / reconstructed MIDI,20897.9736328125,1.1276786562343209e-19
spectrum,Septum / reconstructed MIDI,20903.35693359375,1.0490469964520008e-19
spectrum,Septum / reconstructed MIDI,20908.740234375,1.0659114643078524e-19
spectrum,Septum / reconstructed MIDI,20914.12353515625,1.0811915581732382e-19
spectrum,Septum / reconstructed MIDI,20919.5068359375,9.951191502870622e-20
spectrum,Septum / reconstructed MIDI,20924.89013671875,9.784076462210475e-20
spectrum,Septum / reconstructed MIDI,20930.2734375,9.932966387530606e-20
spectrum,Septum / reconstructed MIDI,20935.65673828125,8.619681455783427e-20
spectrum,Septum / reconstructed MIDI,20941.0400390625,9.230364991341746e-20
spectrum,Septum / reconstructed MIDI,20946.42333984375,8.182537181564466e-20
spectrum,Septum / reconstructed MIDI,20951.806640625,8.575151996964225e-20
spectrum,Septum / reconstructed MIDI,20957.18994140625,7.97624544537713e-20
spectrum,Septum / reconstructed MIDI,20962.5732421875,8.141911627495602e-20
spectrum,Septum / reconstructed MIDI,20967.95654296875,8.029606995939897e-20
spectrum,Septum / reconstructed MIDI,20973.33984375,8.30162534037796e-20
spectrum,Septum / reconstructed MIDI,20978.72314453125,8.997900097350496e-20
spectrum,Septum / reconstructed MIDI,20984.1064453125,7.5213206653974e-20
spectrum,Septum / reconstructed MIDI,20989.48974609375,7.150138228915861e-20
spectrum,Septum / reconstructed MIDI,20994.873046875,6.895479691348901e-20
spectrum,Septum / reconstructed MIDI,21000.25634765625,6.69655955613609e-20
spectrum,Septum / reconstructed MIDI,21005.6396484375,6.658450440586977e-20
spectrum,Septum / reconstructed MIDI,21011.02294921875,6.216392842776422e-20
spectrum,Septum / reconstructed MIDI,21016.40625,5.906479286525773e-20
spectrum,Septum / reconstructed MIDI,21021.78955078125,5.947769816258947e-20
spectrum,Septum / reconstructed MIDI,21027.1728515625,5.972317047171312e-20
spectrum,Septum / reconstructed MIDI,21032.55615234375,5.10933534684865e-20
spectrum,Septum / reconstructed MIDI,21037.939453125,4.895630973773588e-20
spectrum,Septum / reconstructed MIDI,21043.32275390625,5.2512081310114316e-20
spectrum,Septum / reconstructed MIDI,21048.7060546875,5.523214843222131e-20
spectrum,Septum / reconstructed MIDI,21054.08935546875,6.399923541186625e-20
spectrum,Septum / reconstructed MIDI,21059.47265625,5.46257087209463e-20
spectrum,Septum / reconstructed MIDI,21064.85595703125,5.23749211936211e-20
spectrum,Septum / reconstructed MIDI,21070.2392578125,5.637158326366457e-20
spectrum,Septum / reconstructed MIDI,21075.62255859375,5.0891708807131094e-20
spectrum,Septum / reconstructed MIDI,21081.005859375,4.6539414003652377e-20
spectrum,Septum / reconstructed MIDI,21086.38916015625,4.832390107887068e-20
spectrum,Septum / reconstructed MIDI,21091.7724609375,4.5879579137602216e-20
spectrum,Septum / reconstructed MIDI,21097.15576171875,4.888019296550966e-20
spectrum,Septum / reconstructed MIDI,21102.5390625,4.679091891513398e-20
spectrum,Septum / reconstructed MIDI,21107.92236328125,4.9578714681068016e-20
spectrum,Septum / reconstructed MIDI,21113.3056640625,5.2356881547684054e-20
spectrum,Septum / reconstructed MIDI,21118.68896484375,4.398237577922649e-20
spectrum,Septum / reconstructed MIDI,21124.072265625,3.933868075558183e-20
spectrum,Septum / reconstructed MIDI,21129.45556640625,4.0503153956426155e-20
spectrum,Septum / reconstructed MIDI,21134.8388671875,3.8997333043584456e-20
spectrum,Septum / reconstructed MIDI,21140.22216796875,4.5855784770294245e-20
spectrum,Septum / reconstructed MIDI,21145.60546875,3.838852811274543e-20
spectrum,Septum / reconstructed MIDI,21150.98876953125,5.06184677863501e-20
spectrum,Septum / reconstructed MIDI,21156.3720703125,4.315292041998894e-20
spectrum,Septum / reconstructed MIDI,21161.75537109375,4.039672876956811e-20
spectrum,Septum / reconstructed MIDI,21167.138671875,4.0732324991368825e-20
spectrum,Septum / reconstructed MIDI,21172.52197265625,4.1469937453218845e-20
spectrum,Septum / reconstructed MIDI,21177.9052734375,4.4019527820957486e-20
spectrum,Septum / reconstructed MIDI,21183.28857421875,4.2909535449442285e-20
spectrum,Septum / reconstructed MIDI,21188.671875,4.397641426270243e-20
spectrum,Septum / reconstructed MIDI,21194.05517578125,4.232757188324575e-20
spectrum,Septum / reconstructed MIDI,21199.4384765625,4.093419583492298e-20
spectrum,Septum / reconstructed MIDI,21204.82177734375,4.0257406997489747e-20
spectrum,Septum / reconstructed MIDI,21210.205078125,3.8495399201652425e-20
spectrum,Septum / reconstructed MIDI,21215.58837890625,3.931065354998306e-20
spectrum,Septum / reconstructed MIDI,21220.9716796875,3.5768443216006516e-20
spectrum,Septum / reconstructed MIDI,21226.35498046875,4.3927293951483555e-20
spectrum,Septum / reconstructed MIDI,21231.73828125,3.831774924040959e-20
spectrum,Septum / reconstructed MIDI,21237.12158203125,4.2927058107496485e-20
spectrum,Septum / reconstructed MIDI,21242.5048828125,3.92688033808667e-20
spectrum,Septum / reconstructed MIDI,21247.88818359375,3.403484713550583e-20
spectrum,Septum / reconstructed MIDI,21253.271484375,3.897186492800577e-20
spectrum,Septum / reconstructed MIDI,21258.65478515625,3.809112113961567e-20
spectrum,Septum / reconstructed MIDI,21264.0380859375,4.033945297449735e-20
spectrum,Septum / reconstructed MIDI,21269.42138671875,3.7770772829184634e-20
spectrum,Septum / reconstructed MIDI,21274.8046875,3.3084526471607506e-20
spectrum,Septum / reconstructed MIDI,21280.18798828125,5.510774176056304e-20
spectrum,Septum / reconstructed MIDI,21285.5712890625,4.2942700222126833e-20
spectrum,Septum / reconstructed MIDI,21290.95458984375,4.249966422474799e-20
spectrum,Septum / reconstructed MIDI,21296.337890625,3.4672312582100114e-20
spectrum,Septum / reconstructed MIDI,21301.72119140625,3.211807255459013e-20
spectrum,Septum / reconstructed MIDI,21307.1044921875,3.9132547993168466e-20
spectrum,Septum / reconstructed MIDI,21312.48779296875,4.1290694523061993e-20
spectrum,Septum / reconstructed MIDI,21317.87109375,5.3598440873034936e-20
spectrum,Septum / reconstructed MIDI,21323.25439453125,7.31805136962015e-20
spectrum,Septum / reconstructed MIDI,21328.6376953125,4.447542389192211e-20
spectrum,Septum / reconstructed MIDI,21334.02099609375,3.4832646680441887e-20
spectrum,Septum / reconstructed MIDI,21339.404296875,2.9434369067692795e-20
spectrum,Septum / reconstructed MIDI,21344.78759765625,3.274122066800386e-20
spectrum,Septum / reconstructed MIDI,21350.1708984375,3.39379991491775e-20
spectrum,Septum / reconstructed MIDI,21355.55419921875,3.268249407568686e-20
spectrum,Septum / reconstructed MIDI,21360.9375,3.165562043103617e-20
spectrum,Septum / reconstructed MIDI,21366.32080078125,3.309932524975396e-20
spectrum,Septum / reconstructed MIDI,21371.7041015625,3.0457410539661894e-20
spectrum,Septum / reconstructed MIDI,21377.08740234375,3.2224875788837505e-20
spectrum,Septum / reconstructed MIDI,21382.470703125,2.973569545520938e-20
spectrum,Septum / reconstructed MIDI,21387.85400390625,3.084884791515847e-20
spectrum,Septum / reconstructed MIDI,21393.2373046875,3.0326105310941904e-20
spectrum,Septum / reconstructed MIDI,21398.62060546875,8.351029994932397e-20
spectrum,Septum / reconstructed MIDI,21404.00390625,4.0821670191047355e-20
spectrum,Septum / reconstructed MIDI,21409.38720703125,2.677036766589328e-20
spectrum,Septum / reconstructed MIDI,21414.7705078125,3.0200648507646606e-20
spectrum,Septum / reconstructed MIDI,21420.15380859375,2.6212616904072392e-20
spectrum,Septum / reconstructed MIDI,21425.537109375,2.760251297770876e-20
spectrum,Septum / reconstructed MIDI,21430.92041015625,2.743621736284292e-20
spectrum,Septum / reconstructed MIDI,21436.3037109375,4.0211365995348075e-20
spectrum,Septum / reconstructed MIDI,21441.68701171875,2.973386661057381e-20
spectrum,Septum / reconstructed MIDI,21447.0703125,2.388316967037223e-20
spectrum,Septum / reconstructed MIDI,21452.45361328125,2.63786394847126e-20
spectrum,Septum / reconstructed MIDI,21457.8369140625,2.4156076264616506e-20
spectrum,Septum / reconstructed MIDI,21463.22021484375,2.3733779559275445e-20
spectrum,Septum / reconstructed MIDI,21468.603515625,2.1339745998723657e-20
spectrum,Septum / reconstructed MIDI,21473.98681640625,2.313767637448308e-20
spectrum,Septum / reconstructed MIDI,21479.3701171875,2.593798163159485e-20
spectrum,Septum / reconstructed MIDI,21484.75341796875,2.548079793768451e-20
spectrum,Septum / reconstructed MIDI,21490.13671875,2.433780558337242e-20
spectrum,Septum / reconstructed MIDI,21495.52001953125,2.690288458496369e-20
spectrum,Septum / reconstructed MIDI,21500.9033203125,2.0032742469753053e-20
spectrum,Septum / reconstructed MIDI,21506.28662109375,1.995018596721114e-20
spectrum,Septum / reconstructed MIDI,21511.669921875,1.766301541763068e-20
spectrum,Septum / reconstructed MIDI,21517.05322265625,1.88604029751538e-20
spectrum,Septum / reconstructed MIDI,21522.4365234375,1.864447490794765e-20
spectrum,Septum / reconstructed MIDI,21527.81982421875,2.2179163068228787e-20
spectrum,Septum / reconstructed MIDI,21533.203125,1.6344042003585064e-20
spectrum,Septum / reconstructed MIDI,21538.58642578125,1.6548450934526562e-20
spectrum,Septum / reconstructed MIDI,21543.9697265625,1.6927592076347083e-20
spectrum,Septum / reconstructed MIDI,21549.35302734375,1.697196256139231e-20
spectrum,Septum / reconstructed MIDI,21554.736328125,1.8057756668816067e-20
spectrum,Septum / reconstructed MIDI,21560.11962890625,1.529498796317316e-20
spectrum,Septum / reconstructed MIDI,21565.5029296875,1.3208946702652395e-20
spectrum,Septum / reconstructed MIDI,21570.88623046875,2.2652192440748345e-20
spectrum,Septum / reconstructed MIDI,21576.26953125,1.5418368737001406e-20
spectrum,Septum / reconstructed MIDI,21581.65283203125,1.9742801124769012e-20
spectrum,Septum / reconstructed MIDI,21587.0361328125,1.4250843692061155e-20
spectrum,Septum / reconstructed MIDI,21592.41943359375,1.219090385727556e-20
spectrum,Septum / reconstructed MIDI,21597.802734375,1.1724006445722691e-20
spectrum,Septum / reconstructed MIDI,21603.18603515625,1.1932518160190709e-20
spectrum,Septum / reconstructed MIDI,21608.5693359375,1.6673087019557843e-20
spectrum,Septum / reconstructed MIDI,21613.95263671875,1.3275644601888018e-20
spectrum,Septum / reconstructed MIDI,21619.3359375,1.0530971279938275e-20
spectrum,Septum / reconstructed MIDI,21624.71923828125,1.36131698347266e-20
spectrum,Septum / reconstructed MIDI,21630.1025390625,1.3981895286294915e-20
spectrum,Septum / reconstructed MIDI,21635.48583984375,1.0174988771888538e-20
spectrum,Septum / reconstructed MIDI,21640.869140625,8.23906706005551e-21
spectrum,Septum / reconstructed MIDI,21646.25244140625,1.002295717582784e-20
spectrum,Septum / reconstructed MIDI,21651.6357421875,1.0100348646302698e-20
spectrum,Septum / reconstructed MIDI,21657.01904296875,1.2533165991590714e-20
spectrum,Septum / reconstructed MIDI,21662.40234375,1.6720168459813742e-20
spectrum,Septum / reconstructed MIDI,21667.78564453125,2.1257244426144295e-20
spectrum,Septum / reconstructed MIDI,21673.1689453125,9.900583720577575e-21
spectrum,Septum / reconstructed MIDI,21678.55224609375,7.316376975114584e-21
spectrum,Septum / reconstructed MIDI,21683.935546875,6.942076940140772e-21
spectrum,Septum / reconstructed MIDI,21689.31884765625,6.636873547399631e-21
spectrum,Septum / reconstructed MIDI,21694.7021484375,7.870847287260102e-21
spectrum,Septum / reconstructed MIDI,21700.08544921875,1.0333418092999451e-20
spectrum,Septum / reconstructed MIDI,21705.46875,7.02595741633891e-21
spectrum,Septum / reconstructed MIDI,21710.85205078125,8.95543778226911e-21
spectrum,Septum / reconstructed MIDI,21716.2353515625,6.496603829570454e-21
spectrum,Septum / reconstructed MIDI,21721.61865234375,7.038640583133535e-21
spectrum,Septum / reconstructed MIDI,21727.001953125,5.951899741649317e-21
spectrum,Septum / reconstructed MIDI,21732.38525390625,6.3566087615540394e-21
spectrum,Septum / reconstructed MIDI,21737.7685546875,8.799191927169652e-21
spectrum,Septum / reconstructed MIDI,21743.15185546875,2.187612092717601e-20
spectrum,Septum / reconstructed MIDI,21748.53515625,8.366260619519743e-21
spectrum,Septum / reconstructed MIDI,21753.91845703125,1.2168453658462987e-20
spectrum,Septum / reconstructed MIDI,21759.3017578125,5.254331626396743e-21
spectrum,Septum / reconstructed MIDI,21764.68505859375,4.889370896747181e-21
spectrum,Septum / reconstructed MIDI,21770.068359375,5.4450484563785004e-21
spectrum,Septum / reconstructed MIDI,21775.45166015625,7.016621746085712e-21
spectrum,Septum / reconstructed MIDI,21780.8349609375,7.090591403010986e-21
spectrum,Septum / reconstructed MIDI,21786.21826171875,6.456583312883233e-21
spectrum,Septum / reconstructed MIDI,21791.6015625,2.9777056101424162e-21
spectrum,Septum / reconstructed MIDI,21796.98486328125,4.355255770798359e-21
spectrum,Septum / reconstructed MIDI,21802.3681640625,5.218523349264363e-21
spectrum,Septum / reconstructed MIDI,21807.75146484375,6.414129721972369e-21
spectrum,Septum / reconstructed MIDI,21813.134765625,5.07959133758205e-21
spectrum,Septum / reconstructed MIDI,21818.51806640625,4.02243351210654e-21
spectrum,Septum / reconstructed MIDI,21823.9013671875,4.376235785319089e-21
spectrum,Septum / reconstructed MIDI,21829.28466796875,7.064811479115462e-21
spectrum,Septum / reconstructed MIDI,21834.66796875,5.6965743704928426e-21
spectrum,Septum / reconstructed MIDI,21840.05126953125,1.1675427356193674e-20
spectrum,Septum / reconstructed MIDI,21845.4345703125,4.405052205232765e-21
spectrum,Septum / reconstructed MIDI,21850.81787109375,2.8678624467542314e-21
spectrum,Septum / reconstructed MIDI,21856.201171875,4.874077748937753e-21
spectrum,Septum / reconstructed MIDI,21861.58447265625,3.2703708350342005e-21
spectrum,Septum / reconstructed MIDI,21866.9677734375,4.204725055185047e-21
spectrum,Septum / reconstructed MIDI,21872.35107421875,4.295196722992684e-21
spectrum,Septum / reconstructed MIDI,21877.734375,3.818196237298018e-21
spectrum,Septum / reconstructed MIDI,21883.11767578125,4.690748595022503e-21
spectrum,Septum / reconstructed MIDI,21888.5009765625,3.1031218218109756e-21
spectrum,Septum / reconstructed MIDI,21893.88427734375,3.394912004321365e-21
spectrum,Septum / reconstructed MIDI,21899.267578125,3.229221022940388e-21
spectrum,Septum / reconstructed MIDI,21904.65087890625,4.338813132743167e-21
spectrum,Septum / reconstructed MIDI,21910.0341796875,3.2491266720170793e-21
spectrum,Septum / reconstructed MIDI,21915.41748046875,1.399444355156386e-20
spectrum,Septum / reconstructed MIDI,21920.80078125,4.7683052592818025e-21
spectrum,Septum / reconstructed MIDI,21926.18408203125,7.996642556059951e-21
spectrum,Septum / reconstructed MIDI,21931.5673828125,8.037323847884935e-21
spectrum,Septum / reconstructed MIDI,21936.95068359375,9.631539995170435e-21
spectrum,Septum / reconstructed MIDI,21942.333984375,6.220388512875965e-21
spectrum,Septum / reconstructed MIDI,21947.71728515625,1.4441400578916657e-20
spectrum,Septum / reconstructed MIDI,21953.1005859375,2.4507293598414827e-20
spectrum,Septum / reconstructed MIDI,21958.48388671875,1.4288596732205958e-20
spectrum,Septum / reconstructed MIDI,21963.8671875,1.0456597726229528e-20
spectrum,Septum / reconstructed MIDI,21969.25048828125,1.8250083269818035e-19
spectrum,Septum / reconstructed MIDI,21974.6337890625,1.441348646441726e-19
spectrum,Septum / reconstructed MIDI,21980.01708984375,1.4217579076091733e-19
spectrum,Septum / reconstructed MIDI,21985.400390625,4.303070448448423e-20
spectrum,Septum / reconstructed MIDI,21990.78369140625,1.3080109283279426e-20
spectrum,Septum / reconstructed MIDI,21996.1669921875,7.860521585211254e-20
spectrum,Septum / reconstructed MIDI,22001.55029296875,1.1128112479464166e-19
spectrum,Septum / reconstructed MIDI,22006.93359375,3.850147316304101e-19
spectrum,Septum / reconstructed MIDI,22012.31689453125,7.741577149029192e-19
spectrum,Septum / reconstructed MIDI,22017.7001953125,1.3404390740587922e-19
spectrum,Septum / reconstructed MIDI,22023.08349609375,1.518596975896522e-20
spectrum,Septum / reconstructed MIDI,22028.466796875,1.522612033041672e-20
spectrum,Septum / reconstructed MIDI,22033.85009765625,6.42092003469612e-21
spectrum,Septum / reconstructed MIDI,22039.2333984375,5.226858971081682e-21
spectrum,Septum / reconstructed MIDI,22044.61669921875,4.302478578101922e-21
spectrum,Septum / reconstructed MIDI,22050.0,3.9738120134152575e-21
log_band_difference,septum_minus_hardware,27.549353706817058,3.2492461800575256
log_band_difference,septum_minus_hardware,33.45447567215592,0.8133707940578461
log_band_difference,septum_minus_hardware,40.62534295394112,1.3885068893432617
log_band_difference,septum_minus_hardware,49.333264293213034,1.2758718430995941
log_band_difference,septum_minus_hardware,59.90770265209305,4.140473306179047
log_band_difference,septum_minus_hardware,72.74874039797402,-0.8010213822126389
log_band_difference,septum_minus_hardware,88.34221636283881,-2.876470983028412
log_band_difference,septum_minus_hardware,107.27810748618774,-4.825551509857178
log_band_difference,septum_minus_hardware,130.2728505084138,0.5967343226075172
log_band_difference,septum_minus_hardware,158.19644825271163,-12.12109923362732
log_band_difference,septum_minus_hardware,192.10538605783046,-11.488277912139893
log_band_difference,septum_minus_hardware,233.28260375021094,-9.711918234825134
log_band_difference,septum_minus_hardware,283.28603548937133,-9.4240003824234
log_band_difference,septum_minus_hardware,344.00755398467123,-11.97647213935852
log_band_difference,septum_minus_hardware,417.7445492294891,-12.311981916427612
log_band_difference,septum_minus_hardware,507.28684992401395,-14.494680166244507
log_band_difference,septum_minus_hardware,616.0222762462872,-12.000664472579956
log_band_difference,septum_minus_hardware,748.0648175455357,-15.007386207580566
log_band_difference,septum_minus_hardware,908.4102845425441,-15.61008334159851
log_band_difference,septum_minus_hardware,1103.125325115874,-16.543407440185547
log_band_difference,septum_minus_hardware,1339.576955059244,-18.34336280822754
log_band_difference,septum_minus_hardware,1626.711288073549,-19.58778977394104
log_band_difference,septum_minus_hardware,1975.3920107030171,-20.36313772201538
log_band_difference,septum_minus_hardware,2398.8114083664477,-19.194520711898804
log_band_difference,septum_minus_hardware,2912.9894935948128,-22.09648609161377
log_band_difference,septum_minus_hardware,3537.38012092091,-18.464123010635376
log_band_difference,septum_minus_hardware,4295.607020691492,-13.673055171966553
log_band_difference,septum_minus_hardware,5216.35759953619,-8.61790418624878
log_band_difference,septum_minus_hardware,6334.468324306521,-13.194632530212402
log_band_difference,septum_minus_hardware,7692.2427548315345,-15.587046146392822
log_band_difference,septum_minus_hardware,9341.052093071448,-18.80528688430786
log_band_difference,septum_minus_hardware,11343.278805218293,-16.947612762451172
